CREATE TABLE users_customuser (
    id SERIAL PRIMARY KEY,
    password VARCHAR(128) NOT NULL,
    last_login TIMESTAMP WITH TIME ZONE NULL,
    is_superuser BOOLEAN NOT NULL,
    username VARCHAR(150) NOT NULL UNIQUE,
    first_name VARCHAR(150) NOT NULL,
    last_name VARCHAR(150) NOT NULL,
    email VARCHAR(254) NOT NULL,
    is_staff BOOLEAN NOT NULL,
    is_active BOOLEAN NOT NULL,
    date_joined TIMESTAMP WITH TIME ZONE NOT NULL,
    profile_picture VARCHAR(100) NULL,
    phone_number VARCHAR(20) NULL,
    bio TEXT NOT NULL,
    fullname VARCHAR(50) NOT NULL 
);

ALTER TABLE users_customuser
ADD COLUMN team_id BIGINT NULL UNIQUE;

CREATE TABLE django_migrations (
    id SERIAL PRIMARY KEY,
    app VARCHAR(255) NOT NULL,
    name VARCHAR(255) NOT NULL,
    applied TIMESTAMP WITH TIME ZONE NOT NULL
);
CREATE TABLE django_content_type (
    id SERIAL PRIMARY KEY,
    app_label VARCHAR(100) NOT NULL,
    model VARCHAR(100) NOT NULL
);
CREATE TABLE auth_group (
    id SERIAL PRIMARY KEY,
    name VARCHAR(150) NOT NULL UNIQUE
);
CREATE TABLE auth_permission (
    id SERIAL PRIMARY KEY,
    content_type_id INTEGER NOT NULL REFERENCES django_content_type (id),
    codename VARCHAR(100) NOT NULL,
    name VARCHAR(255) NOT NULL
);
CREATE TABLE auth_group_permissions (
    id SERIAL PRIMARY KEY,
    group_id INTEGER NOT NULL REFERENCES auth_group (id),
    permission_id INTEGER NOT NULL REFERENCES auth_permission (id)
);
CREATE TABLE teams_division (
    id SERIAL PRIMARY KEY,
    name VARCHAR(255) NOT NULL UNIQUE,
    num_weeks INTEGER NOT NULL,
    start_date DATE NOT NULL
);
CREATE TABLE teams_team (
    id SERIAL PRIMARY KEY,
    name VARCHAR(255) NOT NULL UNIQUE,
    captain_id BIGINT NOT NULL REFERENCES users_customuser (id),
    division_id BIGINT NULL REFERENCES teams_division (id),
    team_image VARCHAR(100) NULL,
    bio TEXT NOT NULL,
    location VARCHAR(255) NOT NULL
);
CREATE TABLE teams_team_members (
    id SERIAL PRIMARY KEY,
    team_id BIGINT NOT NULL REFERENCES teams_team (id),
    customuser_id BIGINT NOT NULL REFERENCES users_customuser (id)
);
CREATE TABLE users_customuser_groups (
    id SERIAL PRIMARY KEY,
    customuser_id BIGINT NOT NULL REFERENCES users_customuser (id),
    group_id INTEGER NOT NULL REFERENCES auth_group (id)
);
CREATE TABLE users_customuser_user_permissions (
    id SERIAL PRIMARY KEY,
    customuser_id BIGINT NOT NULL REFERENCES users_customuser (id),
    permission_id INTEGER NOT NULL REFERENCES auth_permission (id)
);
CREATE TABLE django_admin_log (
    id SERIAL PRIMARY KEY,
    object_id TEXT NULL,
    object_repr VARCHAR(200) NOT NULL,
    action_flag SMALLINT NOT NULL,
    change_message TEXT NOT NULL,
    content_type_id INTEGER NULL REFERENCES django_content_type (id),
    user_id BIGINT NOT NULL REFERENCES users_customuser (id),
    action_time TIMESTAMP WITH TIME ZONE NOT NULL
);
CREATE TABLE django_session (
    session_key VARCHAR(40) NOT NULL PRIMARY KEY,
    session_data TEXT NOT NULL,
    expire_date TIMESTAMP WITH TIME ZONE NOT NULL
);
CREATE TABLE users_profile (
    id SERIAL PRIMARY KEY,
    phone_number VARCHAR(20) NULL,
    bio TEXT NOT NULL,
    user_id BIGINT NOT NULL UNIQUE REFERENCES users_customuser (id),
    fullname VARCHAR(50) NOT NULL,
    profile_picture VARCHAR(100) NULL
);
CREATE TABLE fixtures_fixture (
    id SERIAL PRIMARY KEY,
    date DATE NOT NULL,
    away_team VARCHAR(255) NULL,
    division_id BIGINT NOT NULL REFERENCES teams_division (id),
    bye_team_id BIGINT NULL REFERENCES teams_team (id),
    home_team VARCHAR(255) NULL
);
CREATE TABLE scores_match (
    id SERIAL PRIMARY KEY,
    away_score INTEGER NOT NULL,
    date DATE NOT NULL,
    away_team_id BIGINT NOT NULL REFERENCES teams_team (id),
    division_id BIGINT NULL REFERENCES teams_division (id),
    home_team_id BIGINT NOT NULL REFERENCES teams_team (id),
    home_score INTEGER NOT NULL
);
CREATE TABLE scores_individualscore (
    id SERIAL PRIMARY KEY,
    home_or_away_win VARCHAR(5) NOT NULL,
    away_player_id BIGINT NULL REFERENCES users_customuser (id),
    home_player_id BIGINT NULL REFERENCES users_customuser (id),
    match_id BIGINT NOT NULL REFERENCES scores_match (id)
);
CREATE TABLE tournaments_tournament (
    id SERIAL PRIMARY KEY,
    name VARCHAR(255) NOT NULL UNIQUE,
    start_date DATE NULL,
    description TEXT NOT NULL,
    winner_id BIGINT NULL REFERENCES users_customuser (id)
);
CREATE TABLE tournaments_finalmatch (
    id SERIAL PRIMARY KEY,
    score1 INTEGER NULL,
    score2 INTEGER NULL,
    player1_id BIGINT NULL REFERENCES users_customuser (id),
    player2_id BIGINT NULL REFERENCES users_customuser (id),
    tournament_id BIGINT NOT NULL REFERENCES tournaments_tournament (id),
    winner_id BIGINT NULL REFERENCES users_customuser (id)
);
CREATE TABLE tournaments_last16match (
    id SERIAL PRIMARY KEY,
    score1 INTEGER NULL,
    score2 INTEGER NULL,
    player1_id BIGINT NULL REFERENCES users_customuser (id),
    player2_id BIGINT NULL REFERENCES users_customuser (id),
    tournament_id BIGINT NOT NULL REFERENCES tournaments_tournament (id),
    winner_id BIGINT NULL REFERENCES users_customuser (id)
);
CREATE TABLE tournaments_last32match (
    id SERIAL PRIMARY KEY,
    score1 INTEGER NULL,
    score2 INTEGER NULL,
    player1_id BIGINT NULL REFERENCES users_customuser (id),
    player2_id BIGINT NULL REFERENCES users_customuser (id),
    tournament_id BIGINT NOT NULL REFERENCES tournaments_tournament (id),
    winner_id BIGINT NULL REFERENCES users_customuser (id)
);
CREATE TABLE tournaments_quarterfinalmatch (
    id SERIAL PRIMARY KEY,
    score1 INTEGER NULL,
    score2 INTEGER NULL,
    player1_id BIGINT NULL REFERENCES users_customuser (id),
    player2_id BIGINT NULL REFERENCES users_customuser (id),
    tournament_id BIGINT NOT NULL REFERENCES tournaments_tournament (id),
    winner_id BIGINT NULL REFERENCES users_customuser (id)
);
CREATE TABLE tournaments_semifinalmatch (
    id SERIAL PRIMARY KEY,
    score1 INTEGER NULL,
    score2 INTEGER NULL,
    player1_id BIGINT NULL REFERENCES users_customuser (id),
    player2_id BIGINT NULL REFERENCES users_customuser (id),
    tournament_id BIGINT NOT NULL REFERENCES tournaments_tournament (id),
    winner_id BIGINT NULL REFERENCES users_customuser (id)
);

INSERT INTO users_customuser VALUES(14,'pbkdf2_sha256$870000$YcCRH9cVOdxQwiiXvONEku$q7HzkKE4r+Xf4Gqf2hZkOi7BS8NG+M0HRP+Tji4pmSg=','2025-01-31 12:58:44.780228',TRUE,'jawrynx','','','',TRUE,TRUE, TO_TIMESTAMP('2025-01-02 14:45:31', 'YYYY-MM-DD HH24:MI:SS'),'',NULL,'','',NULL);
INSERT INTO users_customuser VALUES(23,'pbkdf2_sha256$870000$x00K5wABPDU5zUyenURHtG$fdh3DuXkfNMlkkz6p8UQFrHuVK0B7WPL3an2eFUny+4=',NULL,FALSE,'Ryan-DD','','','',FALSE,TRUE, TO_TIMESTAMP('2025-01-15 14:32:45', 'YYYY-MM-DD HH24:MI:SS'),'',NULL,'','',NULL);
INSERT INTO users_customuser VALUES(24,'pbkdf2_sha256$870000$S9kaRTzYDtLYfFgMDxUZaj$Wbf15h9JM6IkTRyi2hkX7lxo5FaU4n+pQBxuDKKCt9o=', TO_TIMESTAMP('2025-02-03 13:18:47', 'YYYY-MM-DD HH24:MI:SS'),TRUE,'TC','','','',TRUE,TRUE, TO_TIMESTAMP('2025-01-15 1', 'YYYY-MM-DD HH24:MI:SS'),'',NULL,'','',NULL);
INSERT INTO users_customuser VALUES(25,'pbkdf2_sha256$870000$k43QcQKFbs1uDOrbwzxYYq$Ek8IFR+jmb/kweb7eDqysHhxDog6/X2gzoJ5/+gzIq4=', TO_TIMESTAMP('2025-01-31 12:48:38', 'YYYY-MM-DD HH24:MI:SS'),FALSE,'Alan-SS','','','',FALSE,TRUE, TO_TIMESTAMP('2025-01-15 14:42:13', 'YYYY-MM-DD HH24:MI:SS'),'',NULL,'','',NULL);
INSERT INTO users_customuser VALUES(26,'pbkdf2_sha256$870000$8hiIjoFzHABbAQ77SRGanT$geanB162+jMUm7OAoWtmCs/2Aama7g64DPsWh3Geqcg=',NULL,FALSE,'Nathan-H','','','',FALSE,TRUE, TO_TIMESTAMP('2025-01-15 14:43:43', 'YYYY-MM-DD HH24:MI:SS'),'',NULL,'','',NULL);
INSERT INTO users_customuser VALUES(27,'pbkdf2_sha256$870000$JT9KcQD3KKmqKfGl98uZs3$7uZh9c8Cb8c9ZaHjQpVyOPGTqukZhomh/RUqpX6xZh8=',NULL,FALSE,'Lee-BB','','','',FALSE,TRUE, TO_TIMESTAMP('2025-01-15 14:44:16', 'YYYY-MM-DD HH24:MI:SS'),'',NULL,'','',NULL);
INSERT INTO users_customuser VALUES(28,'pbkdf2_sha256$870000$bu7STO9EHDWwK4FKuqJI0n$GIPEgeXEcb+YOAOOVLvxsB2UEbpgRjlrD2aKCwPzIhY=',NULL,FALSE,'Darren-SC','','','',FALSE,TRUE, TO_TIMESTAMP('2025-01-15 14:44:56', 'YYYY-MM-DD HH24:MI:SS'),'',NULL,'','',NULL);
INSERT INTO users_customuser VALUES(29,'pbkdf2_sha256$870000$eI3t6CcgLXEd6fGgCQGAUC$CnGJzP67dAqP+rfn6/sRsaF+9VBCMDjWViOI6QyzanA=',NULL,FALSE,'Ryan-BL','','','',FALSE,TRUE, TO_TIMESTAMP('2025-01-15 14:45:39', 'YYYY-MM-DD HH24:MI:SS'),'',NULL,'','',NULL);
INSERT INTO users_customuser VALUES(30,'pbkdf2_sha256$870000$hxWjOo8O5ZqWUKLqKDuafu$ageXcTsAdzYv+tFMOtXSnyFi/mI/L4gsHmbr2l542gc=',NULL,FALSE,'Scott-PP','','','',FALSE,TRUE, TO_TIMESTAMP('2025-01-15 14:46:16', 'YYYY-MM-DD HH24:MI:SS'),'',NULL,'','',NULL);
INSERT INTO users_customuser VALUES(31,'pbkdf2_sha256$870000$TlPoEGzUPThlHzQff5SepZ$gvbqBSAV4R1hSki8BnaQG18Kmlb86+tWByH6Eh3Iq7s=',NULL,FALSE,'Ash-TG','','','',FALSE,TRUE, TO_TIMESTAMP('2025-01-15 14:46:53', 'YYYY-MM-DD HH24:MI:SS'),'',NULL,'','',NULL);
INSERT INTO users_customuser VALUES(32,'pbkdf2_sha256$870000$jAb9sK6ZHKapL5Xa2wyE3B$XQpQddeTOw0Ez49nmJ+x6wOg/5q0dgJtYXTaPgCPNPM=',NULL,FALSE,'James-BSS','','','',FALSE,TRUE, TO_TIMESTAMP('2025-01-15 14:48:29', 'YYYY-MM-DD HH24:MI:SS'),'',NULL,'','',NULL);
INSERT INTO users_customuser VALUES(33,'pbkdf2_sha256$870000$nusDtSnzLeQkFRiwHwmHkx$4hTEZ+zbaENsvXYHCu5U2WMiu91Q9Qz7WdIDT9Z7tN8=',NULL,FALSE,'Rom-TH','','','',FALSE,TRUE, TO_TIMESTAMP('2025-01-15 14:49:12', 'YYYY-MM-DD HH24:MI:SS'),'',NULL,'','',NULL);
INSERT INTO users_customuser VALUES(34,'pbkdf2_sha256$870000$IRrTwtEou3oU3dSXiPMj8K$M6uCxXWe97tyuDuUaI43pDznE9C0kUM0Vpz89tW0NoY=',NULL,FALSE,'Captain-TheBoot','','','',FALSE,TRUE, TO_TIMESTAMP('2025-01-15 14:49:57', 'YYYY-MM-DD HH24:MI:SS'),'',NULL,'','',NULL);
INSERT INTO users_customuser VALUES(35,'pbkdf2_sha256$870000$KCofJauvEpVCXzvVkDDPnw$KvwxJaiD+eskolSX6CPTMEwFFi8nlImBP+vpVolLIjw=',NULL,FALSE,'Bye','','','',FALSE,TRUE, TO_TIMESTAMP('2025-01-15 15:07:48', 'YYYY-MM-DD HH24:MI:SS'),'',NULL,'','',NULL);
INSERT INTO users_customuser VALUES(36,'pbkdf2_sha256$870000$j5Ktm2xeXouI1Bv72osl3b$gIaX97b1ivWLlfdmX/fxrCVKE9SDmlyldgtAXAaLuIU=',NULL,FALSE,'Kevin-No1','','','',FALSE,TRUE, TO_TIMESTAMP('2025-01-21 14:30:06', 'YYYY-MM-DD HH24:MI:SS'),'',NULL,'','',NULL);
INSERT INTO users_customuser VALUES(37,'pbkdf2_sha256$870000$PvPqBSUMeH1GDiY4vRVA0T$VV+Gu8D1qqJ3vP9sgQBOfgt1A3PeJ7kpX9JtG4w7o0I=',NULL,FALSE,'Simon-W','','','',FALSE,TRUE, TO_TIMESTAMP('2025-01-21 14:31:57', 'YYYY-MM-DD HH24:MI:SS'),'',NULL,'','',NULL);
INSERT INTO users_customuser VALUES(38,'pbkdf2_sha256$870000$9cK341wV9f1ipzP3ONIwd9$mmOmXy/zol/I02DXaja8IpKMrDhI3p+VFJ9asiPNa2w=',NULL,FALSE,'Fred-AS','','','',FALSE,TRUE, TO_TIMESTAMP('2025-01-21 14:32:27', 'YYYY-MM-DD HH24:MI:SS'),'',NULL,'','',NULL);
INSERT INTO users_customuser VALUES(39,'pbkdf2_sha256$870000$z5S2KfJ5XaOksATqkzQ0Ty$TsrwzkaJP195uRa/PLDCn09/w9hQSYtd+1oydo1wIkE=',NULL,FALSE,'Paul-WA','','','',FALSE,TRUE, TO_TIMESTAMP('2025-01-21 14:33:03', 'YYYY-MM-DD HH24:MI:SS'),'',NULL,'','',NULL);
INSERT INTO users_customuser VALUES(40,'pbkdf2_sha256$870000$qt4kAc8vyOg7Roy7SYCZ6y$vsp9PXUA2IoO+XnfHITBB9Qm9t+EPfZZlimjDJJaqBA=',NULL,FALSE,'Adam-HLS','','','',FALSE,TRUE, TO_TIMESTAMP('2025-01-21 14:34:14', 'YYYY-MM-DD HH24:MI:SS'),'',NULL,'','',NULL);
INSERT INTO users_customuser VALUES(41,'pbkdf2_sha256$870000$g8cDdNQkAacDpIRplwpO5b$xs3q6lPl4R937b8vhGpwub45zvejBUnWh4/4jFr0CGk=', TO_TIMESTAMP('2025-01-25 11:03:28', 'YYYY-MM-DD HH24:MI:SS'),FALSE,'Mike-RL','','','',FALSE,TRUE, TO_TIMESTAMP('2025-01-21 14:34:37', 'YYYY-MM-DD HH24:MI:SS'),'',NULL,'','',NULL);
INSERT INTO users_customuser VALUES(42,'pbkdf2_sha256$870000$FykvOymlqomZzlyhaALdNL$dsm6gP3CUqW2q70JEg3phHZtyMv6eK9DgbIndRerLLk=',NULL,FALSE,'Jay-TD','','','',FALSE,TRUE, TO_TIMESTAMP('2025-01-21 1', 'YYYY-MM-DD HH24:MI:SS'),'',NULL,'','',NULL);
INSERT INTO users_customuser VALUES(43,'pbkdf2_sha256$870000$5PPCr9DNwZQRLJj8PqePk6$NQ2Yye8sZTOm6mSCDxoBZl2KV72m885aJM+Z43C50uk=',NULL,FALSE,'Gary-EB','','','',FALSE,TRUE, TO_TIMESTAMP('2025-01-21 14:36:39', 'YYYY-MM-DD HH24:MI:SS'),'',NULL,'','',NULL);
INSERT INTO users_customuser VALUES(44,'pbkdf2_sha256$870000$hNZYICNcB754I6U839M6ZM$29c6WuLKwXTjcx8SFDluJWxZmtn6Bh6dnaLo33NNM4s=',NULL,FALSE,'Elston-R','','','',FALSE,TRUE, TO_TIMESTAMP('2025-01-21 14:37:51', 'YYYY-MM-DD HH24:MI:SS'),'',NULL,'','',NULL);
INSERT INTO users_customuser VALUES(45,'pbkdf2_sha256$870000$jDz4y5liIIpZFDGY0jUmAo$Faowtp/eTo7EBxREZKWJGuiMLDsQQBtvO7WOeS2n2OM=',NULL,FALSE,'Martin-TK','','','',FALSE,TRUE, TO_TIMESTAMP('2025-01-21 14:38:17', 'YYYY-MM-DD HH24:MI:SS'),'',NULL,'','',NULL);
INSERT INTO users_customuser VALUES(46,'pbkdf2_sha256$870000$CGMb75AFFUwefwpxjc0ZVE$l8ftLSQqsumS4opV7S8WumfthG/usgPH4zmQsxo+36g=', TO_TIMESTAMP('2025-01-31 12:52:08', 'YYYY-MM-DD HH24:MI:SS'),FALSE,'Andy-BSM','','','',FALSE,TRUE, TO_TIMESTAMP('2025-01-21 14:39:08', 'YYYY-MM-DD HH24:MI:SS'),'',NULL,'','',NULL);
INSERT INTO users_customuser VALUES(47,'pbkdf2_sha256$870000$vwxpVw01NJuNKVQ678RITM$kcLh/8Lxb6jhG6wOUCy1+dMLyOd2LNkoMjNJjhYloh0=',NULL,FALSE,'Mick-NI','','','',FALSE,TRUE, TO_TIMESTAMP('2025-01-21 14:40:01', 'YYYY-MM-DD HH24:MI:SS'),'',NULL,'','',NULL);
INSERT INTO users_customuser VALUES(48,'pbkdf2_sha256$870000$e1lYStvqjjeeJaaSh6IyYN$FXix567EXRcJhl1MqAMia+SZ/Ni6WaVCIyZn7Vuu3ak=',NULL,FALSE,'Paul-YT','','','',FALSE,TRUE, TO_TIMESTAMP('2025-01-21 14:40:18', 'YYYY-MM-DD HH24:MI:SS'),'',NULL,'','',NULL);
INSERT INTO users_customuser VALUES(49,'pbkdf2_sha256$870000$XPiou3nlTYfyiRJa5VFAnL$p5/508Dlsyyll6INt4A7tE9un8dqDyoz3WPTMJCD4Y8=',NULL,FALSE,'Adam-D','','','',FALSE,TRUE, TO_TIMESTAMP('2025-01-21 14:40:52', 'YYYY-MM-DD HH24:MI:SS'),'',NULL,'','',NULL);
INSERT INTO users_customuser VALUES(50,'pbkdf2_sha256$870000$Jazj0NnAvR6Wy4fctdsdZl$1NMxwn5Rn1IyfTnMfAlgB4+zYZK5Wv/mgA6Iy+PkbIY=', TO_TIMESTAMP('2025-01-31 12:38:37', 'YYYY-MM-DD HH24:MI:SS'),FALSE,'Mark-S','','','',FALSE,TRUE, TO_TIMESTAMP('2025-01-21 14:41:34', 'YYYY-MM-DD HH24:MI:SS'),'',NULL,'','',NULL);
INSERT INTO users_customuser VALUES(51,'pbkdf2_sha256$870000$qNXfsioXKTd3dHr0Lyyqwu$Nhchp4Ts/tBydR8XUwNPEjIz6lWVAkdVvZlKoux1QkU=',NULL,FALSE,'Nigel-TR','','','',FALSE,TRUE, TO_TIMESTAMP('2025-01-21 14:41:57', 'YYYY-MM-DD HH24:MI:SS'),'',NULL,'','',NULL);
INSERT INTO users_customuser VALUES(52,'pbkdf2_sha256$870000$8dI04pOp0qxniIAGjkoOtL$7aqMXYewfxjkDU3sA1OSQNmbsQ46rnbjPoFZLXxJMB0=',NULL,FALSE,'Matt-TF','','','',FALSE,TRUE, TO_TIMESTAMP('2025-01-21 14:42:16', 'YYYY-MM-DD HH24:MI:SS'),'',NULL,'','',NULL);
INSERT INTO users_customuser VALUES(53,'pbkdf2_sha256$870000$rXZm2xgQRjTcIpkGrMOGiY$Lrt/rwCMPTmrgZjsmqCGUlEeYdqD1tgZbQlveTT8lb0=',NULL,FALSE,'Ben-PI','','','',FALSE,TRUE, TO_TIMESTAMP('2025-01-21 14:42:58', 'YYYY-MM-DD HH24:MI:SS'),'',NULL,'','',NULL);
INSERT INTO users_customuser VALUES(54,'pbkdf2_sha256$870000$of4Wd3dTZrbjOS8CYRloFl$84B4hfSn2Mq9zW5C0Jk+3+0Qzvi+3yu+sHjDcT+Ds3M=', TO_TIMESTAMP('2025-01-31 12:49:27', 'YYYY-MM-DD HH24:MI:SS'),FALSE,'Tom-YC','','','',FALSE,TRUE, TO_TIMESTAMP('2025-01-21 14:43:44', 'YYYY-MM-DD HH24:MI:SS'),'',NULL,'','',NULL);
INSERT INTO users_customuser VALUES(55,'pbkdf2_sha256$870000$dfEvxtyz9hkT4IUbT1gRxS$6GI5p/vC6lVsXq9E2W+mJaSrSzM2qvAYdRMxEOrqPHo=',NULL,FALSE,'John-CT','','','',FALSE,TRUE, TO_TIMESTAMP('2025-01-21 14:44:13', 'YYYY-MM-DD HH24:MI:SS'),'',NULL,'','',NULL);
INSERT INTO users_customuser VALUES(56,'pbkdf2_sha256$870000$Ho9sl694bVHwQcxnFLDwKv$0E4Ouj6sxUcxgw5hRHrIilWRNLduz1YBA54CzVuaqgg=',NULL,FALSE,'X','','','',FALSE,TRUE, TO_TIMESTAMP('2025-01-29 16:20:31', 'YYYY-MM-DD HH24:MI:SS'),'',NULL,'','',NULL);

INSERT INTO django_migrations (id, app, name, applied) VALUES (1,'contenttypes','0001_initial', TO_TIMESTAMP('2025-01-01 15:49:40', 'YYYY-MM-DD HH24:MI:SS'));
INSERT INTO django_migrations (id, app, name, applied) VALUES (2,'contenttypes','0002_remove_content_type_name', TO_TIMESTAMP('2025-01-01 15:49:40', 'YYYY-MM-DD HH24:MI:SS'));
INSERT INTO django_migrations (id, app, name, applied) VALUES (3,'auth','0001_initial', TO_TIMESTAMP('2025-01-01 15:49:40', 'YYYY-MM-DD HH24:MI:SS'));
INSERT INTO django_migrations (id, app, name, applied) VALUES (4,'auth','0002_alter_permission_name_max_length', TO_TIMESTAMP('2025-01-01 15:49:40', 'YYYY-MM-DD HH24:MI:SS'));
INSERT INTO django_migrations (id, app, name, applied) VALUES (5,'auth','0003_alter_user_email_max_length', TO_TIMESTAMP('2025-01-01 15:49:40', 'YYYY-MM-DD HH24:MI:SS'));
INSERT INTO django_migrations (id, app, name, applied) VALUES (6,'auth','0004_alter_user_username_opts', TO_TIMESTAMP('2025-01-01 15:49:40', 'YYYY-MM-DD HH24:MI:SS'));
INSERT INTO django_migrations (id, app, name, applied) VALUES (7,'auth','0005_alter_user_last_login_null', TO_TIMESTAMP('2025-01-01 15:49:40', 'YYYY-MM-DD HH24:MI:SS'));
INSERT INTO django_migrations (id, app, name, applied) VALUES (8,'auth','0006_require_contenttypes_0002', TO_TIMESTAMP('2025-01-01 15:49:40', 'YYYY-MM-DD HH24:MI:SS'));
INSERT INTO django_migrations (id, app, name, applied) VALUES (9,'auth','0007_alter_validators_add_error_messages', TO_TIMESTAMP('2025-01-01 15:49:40', 'YYYY-MM-DD HH24:MI:SS'));
INSERT INTO django_migrations (id, app, name, applied) VALUES (10,'auth','0008_alter_user_username_max_length', TO_TIMESTAMP('2025-01-01 15:49:40', 'YYYY-MM-DD HH24:MI:SS'));
INSERT INTO django_migrations (id, app, name, applied) VALUES (11,'auth','0009_alter_user_last_name_max_length', TO_TIMESTAMP('2025-01-01 15:49:40', 'YYYY-MM-DD HH24:MI:SS'));
INSERT INTO django_migrations (id, app, name, applied) VALUES (12,'auth','0010_alter_group_name_max_length', TO_TIMESTAMP('2025-01-01 15:49:40', 'YYYY-MM-DD HH24:MI:SS'));
INSERT INTO django_migrations (id, app, name, applied) VALUES (13,'auth','0011_update_proxy_permissions', TO_TIMESTAMP('2025-01-01 15:49:40', 'YYYY-MM-DD HH24:MI:SS'));
INSERT INTO django_migrations (id, app, name, applied) VALUES (14,'auth','0012_alter_user_first_name_max_length', TO_TIMESTAMP('2025-01-01 15:49:40', 'YYYY-MM-DD HH24:MI:SS'));
INSERT INTO django_migrations (id, app, name, applied) VALUES (15,'users','0001_initial', TO_TIMESTAMP('2025-01-01 15:49:40', 'YYYY-MM-DD HH24:MI:SS'));
INSERT INTO django_migrations (id, app, name, applied) VALUES (16,'admin','0001_initial', TO_TIMESTAMP('2025-01-01 15:49:40', 'YYYY-MM-DD HH24:MI:SS'));
INSERT INTO django_migrations (id, app, name, applied) VALUES (17,'admin','0002_logentry_remove_auto_add', TO_TIMESTAMP('2025-01-01 15:49:40', 'YYYY-MM-DD HH24:MI:SS'));
INSERT INTO django_migrations (id, app, name, applied) VALUES (18,'admin','0003_logentry_add_action_flag_choices', TO_TIMESTAMP('2025-01-01 15:49:40', 'YYYY-MM-DD HH24:MI:SS'));
INSERT INTO django_migrations (id, app, name, applied) VALUES (19,'sessions','0001_initial', TO_TIMESTAMP('2025-01-01 15:49:40', 'YYYY-MM-DD HH24:MI:SS'));
INSERT INTO django_migrations (id, app, name, applied) VALUES (20,'users','0002_rename_nickname_customuser_fullname', TO_TIMESTAMP('2025-01-01 16:03:50', 'YYYY-MM-DD HH24:MI:SS'));
INSERT INTO django_migrations (id, app, name, applied) VALUES (21,'users','0003_rename_nickname_profile_fullname', TO_TIMESTAMP('2025-01-01 17:38:22', 'YYYY-MM-DD HH24:MI:SS'));
INSERT INTO django_migrations (id, app, name, applied) VALUES (22,'users','0004_alter_profile_profile_picture', TO_TIMESTAMP('2025-01-02 14:19:33', 'YYYY-MM-DD HH24:MI:SS'));
INSERT INTO django_migrations (id, app, name, applied) VALUES (23,'teams','0001_initial', TO_TIMESTAMP('2025-01-08 12:26:58', 'YYYY-MM-DD HH24:MI:SS'));
INSERT INTO django_migrations (id, app, name, applied) VALUES (24,'teams','0002_team_team_image', TO_TIMESTAMP('2025-01-09 12:01:31', 'YYYY-MM-DD HH24:MI:SS'));
INSERT INTO django_migrations (id, app, name, applied) VALUES (25,'users','0005_customuser_team', TO_TIMESTAMP('2025-01-09 12:29:14', 'YYYY-MM-DD HH24:MI:SS'));
INSERT INTO django_migrations (id, app, name, applied) VALUES (26,'fixtures','0001_initial', TO_TIMESTAMP('2025-01-11 12:02:39', 'YYYY-MM-DD HH24:MI:SS'));
INSERT INTO django_migrations (id, app, name, applied) VALUES (27,'fixtures','0002_fixture_home_or_away', TO_TIMESTAMP('2025-01-11 12:25:28', 'YYYY-MM-DD HH24:MI:SS'));
INSERT INTO django_migrations (id, app, name, applied) VALUES (28,'fixtures','0003_remove_fixture_home_or_away', TO_TIMESTAMP('2025-01-14 10:11:38', 'YYYY-MM-DD HH24:MI:SS'));
INSERT INTO django_migrations (id, app, name, applied) VALUES (29,'teams','0003_team_bio', TO_TIMESTAMP('2025-01-14 11:22:31', 'YYYY-MM-DD HH24:MI:SS'));
INSERT INTO django_migrations (id, app, name, applied) VALUES (30,'teams','0004_team_location', TO_TIMESTAMP('2025-01-14 15:09:50', 'YYYY-MM-DD HH24:MI:SS'));
INSERT INTO django_migrations (id, app, name, applied) VALUES (31,'teams','0005_division_num_weeks_division_start_date', TO_TIMESTAMP('2025-01-15 13:10:15', 'YYYY-MM-DD HH24:MI:SS'));
INSERT INTO django_migrations (id, app, name, applied) VALUES (32,'fixtures','0004_fixture_bye_team_alter_fixture_away_team_and_more', TO_TIMESTAMP('2025-01-17 13:08:43', 'YYYY-MM-DD HH24:MI:SS'));
INSERT INTO django_migrations (id, app, name, applied) VALUES (33,'fixtures','0005_alter_fixture_away_team_alter_fixture_home_team', TO_TIMESTAMP('2025-01-17 13:17:22', 'YYYY-MM-DD HH24:MI:SS'));
INSERT INTO django_migrations (id, app, name, applied) VALUES (34,'scores','0001_initial', TO_TIMESTAMP('2025-01-21 12:08:38', 'YYYY-MM-DD HH24:MI:SS'));
INSERT INTO django_migrations (id, app, name, applied) VALUES (35,'scores','0002_individualscore', TO_TIMESTAMP('2025-01-29 14:56:22', 'YYYY-MM-DD HH24:MI:SS'));
INSERT INTO django_migrations (id, app, name, applied) VALUES (36,'scores','0003_alter_match_away_score_alter_match_home_score', TO_TIMESTAMP('2025-01-29 15:28:43', 'YYYY-MM-DD HH24:MI:SS'));
INSERT INTO django_migrations (id, app, name, applied) VALUES (37,'tournaments','0001_initial', TO_TIMESTAMP('2025-02-01 12:40:18', 'YYYY-MM-DD HH24:MI:SS'));
INSERT INTO django_migrations (id, app, name, applied) VALUES (38,'tournaments','0002_finalmatch_last16match_last32match_quarterfinalmatch_and_more', TO_TIMESTAMP('2025-02-03 13:14:03', 'YYYY-MM-DD HH24:MI:SS'));
INSERT INTO django_migrations (id, app, name, applied) VALUES (39,'tournaments','0003_tournament_winner', TO_TIMESTAMP('2025-02-04 10:48:56', 'YYYY-MM-DD HH24:MI:SS'));
INSERT INTO django_content_type VALUES(1,'admin','logentry');
INSERT INTO django_content_type VALUES(2,'auth','permission');
INSERT INTO django_content_type VALUES(3,'auth','group');
INSERT INTO django_content_type VALUES(4,'contenttypes','contenttype');
INSERT INTO django_content_type VALUES(5,'sessions','session');
INSERT INTO django_content_type VALUES(6,'users','customuser');
INSERT INTO django_content_type VALUES(7,'users','profile');
INSERT INTO django_content_type VALUES(8,'teams','division');
INSERT INTO django_content_type VALUES(9,'teams','team');
INSERT INTO django_content_type VALUES(10,'fixtures','fixture');
INSERT INTO django_content_type VALUES(11,'scores','match');
INSERT INTO django_content_type VALUES(12,'scores','individualscore');
INSERT INTO django_content_type VALUES(13,'tournaments','tournament');
INSERT INTO django_content_type VALUES(14,'tournaments','cupgame');
INSERT INTO django_content_type VALUES(15,'tournaments','quarterfinalmatch');
INSERT INTO django_content_type VALUES(16,'tournaments','last16match');
INSERT INTO django_content_type VALUES(17,'tournaments','last32match');
INSERT INTO django_content_type VALUES(18,'tournaments','finalmatch');
INSERT INTO django_content_type VALUES(19,'tournaments','semifinalmatch');
INSERT INTO auth_permission VALUES(1,1,'add_logentry','Can add log entry');
INSERT INTO auth_permission VALUES(2,1,'change_logentry','Can change log entry');
INSERT INTO auth_permission VALUES(3,1,'delete_logentry','Can delete log entry');
INSERT INTO auth_permission VALUES(4,1,'view_logentry','Can view log entry');
INSERT INTO auth_permission VALUES(5,2,'add_permission','Can add permission');
INSERT INTO auth_permission VALUES(6,2,'change_permission','Can change permission');
INSERT INTO auth_permission VALUES(7,2,'delete_permission','Can delete permission');
INSERT INTO auth_permission VALUES(8,2,'view_permission','Can view permission');
INSERT INTO auth_permission VALUES(9,3,'add_group','Can add group');
INSERT INTO auth_permission VALUES(10,3,'change_group','Can change group');
INSERT INTO auth_permission VALUES(11,3,'delete_group','Can delete group');
INSERT INTO auth_permission VALUES(12,3,'view_group','Can view group');
INSERT INTO auth_permission VALUES(13,4,'add_contenttype','Can add content type');
INSERT INTO auth_permission VALUES(14,4,'change_contenttype','Can change content type');
INSERT INTO auth_permission VALUES(15,4,'delete_contenttype','Can delete content type');
INSERT INTO auth_permission VALUES(16,4,'view_contenttype','Can view content type');
INSERT INTO auth_permission VALUES(17,5,'add_session','Can add session');
INSERT INTO auth_permission VALUES(18,5,'change_session','Can change session');
INSERT INTO auth_permission VALUES(19,5,'delete_session','Can delete session');
INSERT INTO auth_permission VALUES(20,5,'view_session','Can view session');
INSERT INTO auth_permission VALUES(21,6,'add_customuser','Can add user');
INSERT INTO auth_permission VALUES(22,6,'change_customuser','Can change user');
INSERT INTO auth_permission VALUES(23,6,'delete_customuser','Can delete user');
INSERT INTO auth_permission VALUES(24,6,'view_customuser','Can view user');
INSERT INTO auth_permission VALUES(25,7,'add_profile','Can add profile');
INSERT INTO auth_permission VALUES(26,7,'change_profile','Can change profile');
INSERT INTO auth_permission VALUES(27,7,'delete_profile','Can delete profile');
INSERT INTO auth_permission VALUES(28,7,'view_profile','Can view profile');
INSERT INTO auth_permission VALUES(29,8,'add_division','Can add division');
INSERT INTO auth_permission VALUES(30,8,'change_division','Can change division');
INSERT INTO auth_permission VALUES(31,8,'delete_division','Can delete division');
INSERT INTO auth_permission VALUES(32,8,'view_division','Can view division');
INSERT INTO auth_permission VALUES(33,9,'add_team','Can add team');
INSERT INTO auth_permission VALUES(34,9,'change_team','Can change team');
INSERT INTO auth_permission VALUES(35,9,'delete_team','Can delete team');
INSERT INTO auth_permission VALUES(36,9,'view_team','Can view team');
INSERT INTO auth_permission VALUES(37,10,'add_fixture','Can add fixture');
INSERT INTO auth_permission VALUES(38,10,'change_fixture','Can change fixture');
INSERT INTO auth_permission VALUES(39,10,'delete_fixture','Can delete fixture');
INSERT INTO auth_permission VALUES(40,10,'view_fixture','Can view fixture');
INSERT INTO auth_permission VALUES(41,11,'add_match','Can add match');
INSERT INTO auth_permission VALUES(42,11,'change_match','Can change match');
INSERT INTO auth_permission VALUES(43,11,'delete_match','Can delete match');
INSERT INTO auth_permission VALUES(44,11,'view_match','Can view match');
INSERT INTO auth_permission VALUES(45,12,'add_individualscore','Can add individual score');
INSERT INTO auth_permission VALUES(46,12,'change_individualscore','Can change individual score');
INSERT INTO auth_permission VALUES(47,12,'delete_individualscore','Can delete individual score');
INSERT INTO auth_permission VALUES(48,12,'view_individualscore','Can view individual score');
INSERT INTO auth_permission VALUES(49,13,'add_tournament','Can add tournament');
INSERT INTO auth_permission VALUES(50,13,'change_tournament','Can change tournament');
INSERT INTO auth_permission VALUES(51,13,'delete_tournament','Can delete tournament');
INSERT INTO auth_permission VALUES(52,13,'view_tournament','Can view tournament');
INSERT INTO auth_permission VALUES(53,14,'add_cupgame','Can add cup game');
INSERT INTO auth_permission VALUES(54,14,'change_cupgame','Can change cup game');
INSERT INTO auth_permission VALUES(55,14,'delete_cupgame','Can delete cup game');
INSERT INTO auth_permission VALUES(56,14,'view_cupgame','Can view cup game');
INSERT INTO auth_permission VALUES(57,15,'add_quarterfinalmatch','Can add quarter final match');
INSERT INTO auth_permission VALUES(58,15,'change_quarterfinalmatch','Can change quarter final match');
INSERT INTO auth_permission VALUES(59,15,'delete_quarterfinalmatch','Can delete quarter final match');
INSERT INTO auth_permission VALUES(60,15,'view_quarterfinalmatch','Can view quarter final match');
INSERT INTO auth_permission VALUES(61,16,'add_last16match','Can add last16 match');
INSERT INTO auth_permission VALUES(62,16,'change_last16match','Can change last16 match');
INSERT INTO auth_permission VALUES(63,16,'delete_last16match','Can delete last16 match');
INSERT INTO auth_permission VALUES(64,16,'view_last16match','Can view last16 match');
INSERT INTO auth_permission VALUES(65,17,'add_last32match','Can add last32 match');
INSERT INTO auth_permission VALUES(66,17,'change_last32match','Can change last32 match');
INSERT INTO auth_permission VALUES(67,17,'delete_last32match','Can delete last32 match');
INSERT INTO auth_permission VALUES(68,17,'view_last32match','Can view last32 match');
INSERT INTO auth_permission VALUES(69,18,'add_finalmatch','Can add final match');
INSERT INTO auth_permission VALUES(70,18,'change_finalmatch','Can change final match');
INSERT INTO auth_permission VALUES(71,18,'delete_finalmatch','Can delete final match');
INSERT INTO auth_permission VALUES(72,18,'view_finalmatch','Can view final match');
INSERT INTO auth_permission VALUES(73,19,'add_semifinalmatch','Can add semi final match');
INSERT INTO auth_permission VALUES(74,19,'change_semifinalmatch','Can change semi final match');
INSERT INTO auth_permission VALUES(75,19,'delete_semifinalmatch','Can delete semi final match');
INSERT INTO auth_permission VALUES(76,19,'view_semifinalmatch','Can view semi final match');
INSERT INTO django_admin_log VALUES(1,'1','Division 1',1,'[{"added": {}}]',8,14, TO_TIMESTAMP('2025-01-09 11:48:14', 'YYYY-MM-DD HH24:MI:SS'));
INSERT INTO django_admin_log VALUES(2,'2','Division 2',1,'[{"added": {}}]',8,14, TO_TIMESTAMP('2025-01-09 11:48:24', 'YYYY-MM-DD HH24:MI:SS'));
INSERT INTO django_admin_log VALUES(3,'3','Division 3',1,'[{"added": {}}]',8,14, TO_TIMESTAMP('2025-01-09 11:48:31', 'YYYY-MM-DD HH24:MI:SS'));
INSERT INTO django_admin_log VALUES(4,'1','Shakalaka',2,'[{"changed": {"fields": ["Members", "Division"]}}]',9,14, TO_TIMESTAMP('2025-01-09 11:49:08', 'YYYY-MM-DD HH24:MI:SS'));
INSERT INTO django_admin_log VALUES(5,'1','Shakalaka',2,'[{"changed": {"fields": ["Team image"]}}]',9,14, TO_TIMESTAMP('2025-01-09 12:01:50', 'YYYY-MM-DD HH24:MI:SS'));
INSERT INTO django_admin_log VALUES(6,'2','Boom Boi''s',2,'[{"changed": {"fields": ["Name", "Division", "Team image"]}}]',9,14, TO_TIMESTAMP('2025-01-09 12:02:48', 'YYYY-MM-DD HH24:MI:SS'));
INSERT INTO django_admin_log VALUES(7,'1','The Shakalaka''s',2,'[{"changed": {"fields": ["Name"]}}]',9,14, TO_TIMESTAMP('2025-01-09 12:03:04', 'YYYY-MM-DD HH24:MI:SS'));
INSERT INTO django_admin_log VALUES(8,'2','Boom Boi''s',2,'[{"changed": {"fields": ["Team image"]}}]',9,14, TO_TIMESTAMP('2025-01-09 12:12:22', 'YYYY-MM-DD HH24:MI:SS'));
INSERT INTO django_admin_log VALUES(9,'1','The Shakalaka''s',2,'[]',9,14, TO_TIMESTAMP('2025-01-09 12:12:47', 'YYYY-MM-DD HH24:MI:SS'));
INSERT INTO django_admin_log VALUES(10,'2','Boom Boi''s',2,'[{"changed": {"fields": ["Captain"]}}]',9,14, TO_TIMESTAMP('2025-01-09 12:13:03', 'YYYY-MM-DD HH24:MI:SS'));
INSERT INTO django_admin_log VALUES(11,'1','The Shakalaka''s vs Boom Boi''s on 2025-01-23',1,'[{"added": {}}]',10,14, TO_TIMESTAMP('2025-01-11 12:28:59', 'YYYY-MM-DD HH24:MI:SS'));
INSERT INTO django_admin_log VALUES(12,'3','The Users',1,'[{"added": {}}]',9,14, TO_TIMESTAMP('2025-01-11 13:15:58', 'YYYY-MM-DD HH24:MI:SS'));
INSERT INTO django_admin_log VALUES(13,'2','The Users vs The Shakalaka''s on 2025-01-27',1,'[{"added": {}}]',10,14, TO_TIMESTAMP('2025-01-11 13:16:22', 'YYYY-MM-DD HH24:MI:SS'));
INSERT INTO django_admin_log VALUES(14,'3','Boom Boi''s vs The Users on 2025-01-29',1,'[{"added": {}}]',10,14, TO_TIMESTAMP('2025-01-11 13:16:46', 'YYYY-MM-DD HH24:MI:SS'));
INSERT INTO django_admin_log VALUES(15,'4','The Shakalaka''s vs Boom Boi''s on 2025-01-30',1,'[{"added": {}}]',10,14, TO_TIMESTAMP('2025-01-11 13:16:55', 'YYYY-MM-DD HH24:MI:SS'));
INSERT INTO django_admin_log VALUES(16,'5','The Users vs The Shakalaka''s on 2025-01-31',1,'[{"added": {}}]',10,14, TO_TIMESTAMP('2025-01-11 13:19:02', 'YYYY-MM-DD HH24:MI:SS'));
INSERT INTO django_admin_log VALUES(17,'5','The Users vs The Shakalaka''s on 2025-01-31',3,'',10,14, TO_TIMESTAMP('2025-01-14 10:02:29', 'YYYY-MM-DD HH24:MI:SS'));
INSERT INTO django_admin_log VALUES(18,'4','The Shakalaka''s vs Boom Boi''s on 2025-01-30',3,'',10,14, TO_TIMESTAMP('2025-01-14 10:02:29', 'YYYY-MM-DD HH24:MI:SS'));
INSERT INTO django_admin_log VALUES(19,'3','Boom Boi''s vs The Users on 2025-01-29',3,'',10,14, TO_TIMESTAMP('2025-01-14 10:02:29', 'YYYY-MM-DD HH24:MI:SS'));
INSERT INTO django_admin_log VALUES(20,'2','The Users vs The Shakalaka''s on 2025-01-27',3,'',10,14, TO_TIMESTAMP('2025-01-14 10:02:29', 'YYYY-MM-DD HH24:MI:SS'));
INSERT INTO django_admin_log VALUES(21,'1','The Shakalaka''s vs Boom Boi''s on 2025-01-23',3,'',10,14, TO_TIMESTAMP('2025-01-14 10:02:29', 'YYYY-MM-DD HH24:MI:SS'));
INSERT INTO django_admin_log VALUES(22,'1','Division 1',2,'[{"changed": {"fields": ["Start date"]}}]',8,14, TO_TIMESTAMP('2025-01-15 13:11:19', 'YYYY-MM-DD HH24:MI:SS'));
INSERT INTO django_admin_log VALUES(23,'2','Division 2',2,'[{"changed": {"fields": ["Start date"]}}]',8,14, TO_TIMESTAMP('2025-01-15 13:11:26', 'YYYY-MM-DD HH24:MI:SS'));
INSERT INTO django_admin_log VALUES(24,'3','Premier Division',2,'[{"changed": {"fields": ["Name", "Start date"]}}]',8,14, TO_TIMESTAMP('2025-01-15 13:11:50', 'YYYY-MM-DD HH24:MI:SS'));
INSERT INTO django_admin_log VALUES(25,'23','Ryan-DD',1,'[{"added": {}}]',6,14, TO_TIMESTAMP('2025-01-15 14:32:46', 'YYYY-MM-DD HH24:MI:SS'));
INSERT INTO django_admin_log VALUES(26,'6','Digby Dogs',1,'[{"added": {}}]',9,14, TO_TIMESTAMP('2025-01-15 14:33:38', 'YYYY-MM-DD HH24:MI:SS'));
INSERT INTO django_admin_log VALUES(27,'5','The Disciples',3,'',9,14, TO_TIMESTAMP('2025-01-15 14:34:11', 'YYYY-MM-DD HH24:MI:SS'));
INSERT INTO django_admin_log VALUES(28,'4','Gen Z',3,'',9,14, TO_TIMESTAMP('2025-01-15 14:34:11', 'YYYY-MM-DD HH24:MI:SS'));
INSERT INTO django_admin_log VALUES(29,'3','The Users',3,'',9,14, TO_TIMESTAMP('2025-01-15 14:34:11', 'YYYY-MM-DD HH24:MI:SS'));
INSERT INTO django_admin_log VALUES(30,'2','Boom Boi''s',3,'',9,14, TO_TIMESTAMP('2025-01-15 14:34:11', 'YYYY-MM-DD HH24:MI:SS'));
INSERT INTO django_admin_log VALUES(31,'1','The Shakalaka''s',3,'',9,14, TO_TIMESTAMP('2025-01-15 14:34:11', 'YYYY-MM-DD HH24:MI:SS'));
INSERT INTO django_admin_log VALUES(32,'3','AminA',3,'',6,14, TO_TIMESTAMP('2025-01-15 14:39:14', 'YYYY-MM-DD HH24:MI:SS'));
INSERT INTO django_admin_log VALUES(33,'2','AminAbe',3,'',6,14, TO_TIMESTAMP('2025-01-15 14:39:14', 'YYYY-MM-DD HH24:MI:SS'));
INSERT INTO django_admin_log VALUES(34,'1','AminAbed',3,'',6,14, TO_TIMESTAMP('2025-01-15 14:39:14', 'YYYY-MM-DD HH24:MI:SS'));
INSERT INTO django_admin_log VALUES(35,'21','AminAshed',3,'',6,14, TO_TIMESTAMP('2025-01-15 14:39:14', 'YYYY-MM-DD HH24:MI:SS'));
INSERT INTO django_admin_log VALUES(36,'4','AminAsssss',3,'',6,14, TO_TIMESTAMP('2025-01-15 14:39:14', 'YYYY-MM-DD HH24:MI:SS'));
INSERT INTO django_admin_log VALUES(37,'5','AminAssssssss',3,'',6,14, TO_TIMESTAMP('2025-01-15 14:39:14', 'YYYY-MM-DD HH24:MI:SS'));
INSERT INTO django_admin_log VALUES(38,'6','AminAsssssssssss',3,'',6,14, TO_TIMESTAMP('2025-01-15 14:39:14', 'YYYY-MM-DD HH24:MI:SS'));
INSERT INTO django_admin_log VALUES(39,'7','Ashshs',3,'',6,14, TO_TIMESTAMP('2025-01-15 14:39:14', 'YYYY-MM-DD HH24:MI:SS'));
INSERT INTO django_admin_log VALUES(40,'12','Fluffy',3,'',6,14, TO_TIMESTAMP('2025-01-15 14:39:14', 'YYYY-MM-DD HH24:MI:SS'));
INSERT INTO django_admin_log VALUES(41,'22','Jesus',3,'',6,14, TO_TIMESTAMP('2025-01-15 14:39:14', 'YYYY-MM-DD HH24:MI:SS'));
INSERT INTO django_admin_log VALUES(42,'8','JohnDoe',3,'',6,14, TO_TIMESTAMP('2025-01-15 14:39:14', 'YYYY-MM-DD HH24:MI:SS'));
INSERT INTO django_admin_log VALUES(43,'13','ThankYou',3,'',6,14, TO_TIMESTAMP('2025-01-15 14:39:14', 'YYYY-MM-DD HH24:MI:SS'));
INSERT INTO django_admin_log VALUES(44,'10','Toenail',3,'',6,14, TO_TIMESTAMP('2025-01-15 14:39:14', 'YYYY-MM-DD HH24:MI:SS'));
INSERT INTO django_admin_log VALUES(45,'11','Toenail2',3,'',6,14, TO_TIMESTAMP('2025-01-15 14:39:14', 'YYYY-MM-DD HH24:MI:SS'));
INSERT INTO django_admin_log VALUES(46,'15','User1',3,'',6,14, TO_TIMESTAMP('2025-01-15 14:39:14', 'YYYY-MM-DD HH24:MI:SS'));
INSERT INTO django_admin_log VALUES(47,'16','User2',3,'',6,14, TO_TIMESTAMP('2025-01-15 14:39:14', 'YYYY-MM-DD HH24:MI:SS'));
INSERT INTO django_admin_log VALUES(48,'17','User3',3,'',6,14, TO_TIMESTAMP('2025-01-15 14:39:14', 'YYYY-MM-DD HH24:MI:SS'));
INSERT INTO django_admin_log VALUES(49,'18','User4',3,'',6,14, TO_TIMESTAMP('2025-01-15 14:39:14', 'YYYY-MM-DD HH24:MI:SS'));
INSERT INTO django_admin_log VALUES(50,'19','User5',3,'',6,14, TO_TIMESTAMP('2025-01-15 14:39:14', 'YYYY-MM-DD HH24:MI:SS'));
INSERT INTO django_admin_log VALUES(51,'20','User6',3,'',6,14, TO_TIMESTAMP('2025-01-15 14:39:14', 'YYYY-MM-DD HH24:MI:SS'));
INSERT INTO django_admin_log VALUES(52,'9','YourNan',3,'',6,14, TO_TIMESTAMP('2025-01-15 14:39:14', 'YYYY-MM-DD HH24:MI:SS'));
INSERT INTO django_admin_log VALUES(53,'24','TC',1,'[{"added": {}}]',6,14, TO_TIMESTAMP('2025-01-15 14:40:24', 'YYYY-MM-DD HH24:MI:SS'));
INSERT INTO django_admin_log VALUES(54,'7','ALL 4 ONE',1,'[{"added": {}}]',9,14, TO_TIMESTAMP('2025-01-15 14:41:25', 'YYYY-MM-DD HH24:MI:SS'));
INSERT INTO django_admin_log VALUES(55,'25','Alan-SS',1,'[{"added": {}}]',6,14, TO_TIMESTAMP('2025-01-15 14:42:13', 'YYYY-MM-DD HH24:MI:SS'));
INSERT INTO django_admin_log VALUES(56,'8','Sutton Sports',1,'[{"added": {}}]',9,14, TO_TIMESTAMP('2025-01-15 14:43:04', 'YYYY-MM-DD HH24:MI:SS'));
INSERT INTO django_admin_log VALUES(57,'26','Nathan-H',1,'[{"added": {}}]',6,14, TO_TIMESTAMP('2025-01-15 14:43:44', 'YYYY-MM-DD HH24:MI:SS'));
INSERT INTO django_admin_log VALUES(58,'9','Hollyfields',1,'[{"added": {}}]',9,14, TO_TIMESTAMP('2025-01-15 14:43:58', 'YYYY-MM-DD HH24:MI:SS'));
INSERT INTO django_admin_log VALUES(59,'27','Lee-BB',1,'[{"added": {}}]',6,14, TO_TIMESTAMP('2025-01-15 14:44:17', 'YYYY-MM-DD HH24:MI:SS'));
INSERT INTO django_admin_log VALUES(60,'10','Beggars Bush',1,'[{"added": {}}]',9,14, TO_TIMESTAMP('2025-01-15 14:44:34', 'YYYY-MM-DD HH24:MI:SS'));
INSERT INTO django_admin_log VALUES(61,'28','Darren-SC',1,'[{"added": {}}]',6,14, TO_TIMESTAMP('2025-01-15 14:44:56', 'YYYY-MM-DD HH24:MI:SS'));
INSERT INTO django_admin_log VALUES(62,'11','Second City',1,'[{"added": {}}]',9,14, TO_TIMESTAMP('2025-01-15 14:45:11', 'YYYY-MM-DD HH24:MI:SS'));
INSERT INTO django_admin_log VALUES(63,'29','Ryan-BL',1,'[{"added": {}}]',6,14, TO_TIMESTAMP('2025-01-15 14:45:39', 'YYYY-MM-DD HH24:MI:SS'));
INSERT INTO django_admin_log VALUES(64,'12','Boldmere Lounge',1,'[{"added": {}}]',9,14, TO_TIMESTAMP('2025-01-15 14:45:58', 'YYYY-MM-DD HH24:MI:SS'));
INSERT INTO django_admin_log VALUES(65,'30','Scott-PP',1,'[{"added": {}}]',6,14, TO_TIMESTAMP('2025-01-15 14:46:17', 'YYYY-MM-DD HH24:MI:SS'));
INSERT INTO django_admin_log VALUES(66,'13','Pint Pot',1,'[{"added": {}}]',9,14, TO_TIMESTAMP('2025-01-15 14:46:35', 'YYYY-MM-DD HH24:MI:SS'));
INSERT INTO django_admin_log VALUES(67,'31','Ash-TG',1,'[{"added": {}}]',6,14, TO_TIMESTAMP('2025-01-15 14:46:53', 'YYYY-MM-DD HH24:MI:SS'));
INSERT INTO django_admin_log VALUES(68,'14','The Greyhound',1,'[{"added": {}}]',9,14, TO_TIMESTAMP('2025-01-15 14:47:24', 'YYYY-MM-DD HH24:MI:SS'));
INSERT INTO django_admin_log VALUES(69,'32','James-BSS',1,'[{"added": {}}]',6,14, TO_TIMESTAMP('2025-01-15 14:48:30', 'YYYY-MM-DD HH24:MI:SS'));
INSERT INTO django_admin_log VALUES(70,'15','Bold Sports Soc',1,'[{"added": {}}]',9,14, TO_TIMESTAMP('2025-01-15 14:48:58', 'YYYY-MM-DD HH24:MI:SS'));
INSERT INTO django_admin_log VALUES(71,'33','Rom-TH',1,'[{"added": {}}]',6,14, TO_TIMESTAMP('2025-01-15 14:49:13', 'YYYY-MM-DD HH24:MI:SS'));
INSERT INTO django_admin_log VALUES(72,'16','The Hounds',1,'[{"added": {}}]',9,14, TO_TIMESTAMP('2025-01-15 14:49:29', 'YYYY-MM-DD HH24:MI:SS'));
INSERT INTO django_admin_log VALUES(73,'34','Captain-TheBoot',1,'[{"added": {}}]',6,14, TO_TIMESTAMP('2025-01-15 14:49:57', 'YYYY-MM-DD HH24:MI:SS'));
INSERT INTO django_admin_log VALUES(74,'17','The Boot',1,'[{"added": {}}]',9,14, TO_TIMESTAMP('2025-01-15 14:50:14', 'YYYY-MM-DD HH24:MI:SS'));
INSERT INTO django_admin_log VALUES(75,'15','Boldmere Sports Soc',2,'[{"changed": {"fields": ["Name"]}}]',9,14, TO_TIMESTAMP('2025-01-15 15:05:28', 'YYYY-MM-DD HH24:MI:SS'));
INSERT INTO django_admin_log VALUES(76,'35','Bye',1,'[{"added": {}}]',6,14, TO_TIMESTAMP('2025-01-15 15:07:48', 'YYYY-MM-DD HH24:MI:SS'));
INSERT INTO django_admin_log VALUES(77,'18','X',1,'[{"added": {}}]',9,14, TO_TIMESTAMP('2025-01-15 15:07:59', 'YYYY-MM-DD HH24:MI:SS'));
INSERT INTO django_admin_log VALUES(78,'114','Sutton Sports vs Beggars Bush on 2025-04-03',3,'',10,14, TO_TIMESTAMP('2025-01-15 15:10:40', 'YYYY-MM-DD HH24:MI:SS'));
INSERT INTO django_admin_log VALUES(79,'113','Hollyfields vs The Boot on 2025-04-03',3,'',10,14, TO_TIMESTAMP('2025-01-15 15:10:40', 'YYYY-MM-DD HH24:MI:SS'));
INSERT INTO django_admin_log VALUES(80,'112','Digby Dogs vs Boldmere Lounge on 2025-04-03',3,'',10,14, TO_TIMESTAMP('2025-01-15 15:10:40', 'YYYY-MM-DD HH24:MI:SS'));
INSERT INTO django_admin_log VALUES(81,'111','Pint Pot vs ALL 4 ONE on 2025-04-03',3,'',10,14, TO_TIMESTAMP('2025-01-15 15:10:40', 'YYYY-MM-DD HH24:MI:SS'));
INSERT INTO django_admin_log VALUES(82,'110','Digby Dogs vs Boldmere Sports Soc on 2025-04-03',3,'',10,14, TO_TIMESTAMP('2025-01-15 15:10:40', 'YYYY-MM-DD HH24:MI:SS'));
INSERT INTO django_admin_log VALUES(83,'109','Second City vs The Greyhound on 2025-04-03',3,'',10,14, TO_TIMESTAMP('2025-01-15 15:10:40', 'YYYY-MM-DD HH24:MI:SS'));
INSERT INTO django_admin_log VALUES(84,'108','Boldmere Lounge vs Sutton Sports on 2025-04-03',3,'',10,14, TO_TIMESTAMP('2025-01-15 15:10:40', 'YYYY-MM-DD HH24:MI:SS'));
INSERT INTO django_admin_log VALUES(85,'107','Beggars Bush vs Hollyfields on 2025-04-04',3,'',10,14, TO_TIMESTAMP('2025-01-15 15:10:40', 'YYYY-MM-DD HH24:MI:SS'));
INSERT INTO django_admin_log VALUES(86,'106','ALL 4 ONE vs The Boot on 2025-04-04',3,'',10,14, TO_TIMESTAMP('2025-01-15 15:10:40', 'YYYY-MM-DD HH24:MI:SS'));
INSERT INTO django_admin_log VALUES(87,'105','The Hounds vs Pint Pot on 2025-04-03',3,'',10,14, TO_TIMESTAMP('2025-01-15 15:10:40', 'YYYY-MM-DD HH24:MI:SS'));
INSERT INTO django_admin_log VALUES(88,'104','Boldmere Lounge vs ALL 4 ONE on 2025-04-03',3,'',10,14, TO_TIMESTAMP('2025-01-15 15:10:40', 'YYYY-MM-DD HH24:MI:SS'));
INSERT INTO django_admin_log VALUES(89,'103','Sutton Sports vs The Hounds on 2025-04-03',3,'',10,14, TO_TIMESTAMP('2025-01-15 15:10:40', 'YYYY-MM-DD HH24:MI:SS'));
INSERT INTO django_admin_log VALUES(90,'102','Boldmere Sports Soc vs Beggars Bush on 2025-04-02',3,'',10,14, TO_TIMESTAMP('2025-01-15 15:10:40', 'YYYY-MM-DD HH24:MI:SS'));
INSERT INTO django_admin_log VALUES(91,'101','The Greyhound vs Hollyfields on 2025-04-02',3,'',10,14, TO_TIMESTAMP('2025-01-15 15:10:40', 'YYYY-MM-DD HH24:MI:SS'));
INSERT INTO django_admin_log VALUES(92,'100','Second City vs Pint Pot on 2025-04-03',3,'',10,14, TO_TIMESTAMP('2025-01-15 15:10:40', 'YYYY-MM-DD HH24:MI:SS'));
INSERT INTO django_admin_log VALUES(93,'99','The Boot vs Digby Dogs on 2025-04-04',3,'',10,14, TO_TIMESTAMP('2025-01-15 15:10:40', 'YYYY-MM-DD HH24:MI:SS'));
INSERT INTO django_admin_log VALUES(94,'98','Pint Pot vs The Boot on 2025-03-03',3,'',10,14, TO_TIMESTAMP('2025-01-15 15:10:40', 'YYYY-MM-DD HH24:MI:SS'));
INSERT INTO django_admin_log VALUES(95,'97','The Hounds vs ALL 4 ONE on 2025-03-03',3,'',10,14, TO_TIMESTAMP('2025-01-15 15:10:40', 'YYYY-MM-DD HH24:MI:SS'));
INSERT INTO django_admin_log VALUES(96,'96','Beggars Bush vs The Greyhound on 2025-03-04',3,'',10,14, TO_TIMESTAMP('2025-01-15 15:10:40', 'YYYY-MM-DD HH24:MI:SS'));
INSERT INTO django_admin_log VALUES(97,'95','Boldmere Sports Soc vs Boldmere Lounge on 2025-03-02',3,'',10,14, TO_TIMESTAMP('2025-01-15 15:10:40', 'YYYY-MM-DD HH24:MI:SS'));
INSERT INTO django_admin_log VALUES(98,'94','Digby Dogs vs Second City on 2025-03-03',3,'',10,14, TO_TIMESTAMP('2025-01-15 15:10:40', 'YYYY-MM-DD HH24:MI:SS'));
INSERT INTO django_admin_log VALUES(99,'93','Hollyfields vs Sutton Sports on 2025-03-03',3,'',10,14, TO_TIMESTAMP('2025-01-15 15:10:40', 'YYYY-MM-DD HH24:MI:SS'));
INSERT INTO django_admin_log VALUES(100,'92','The Boot vs The Hounds on 2025-03-04',3,'',10,14, TO_TIMESTAMP('2025-01-15 15:10:40', 'YYYY-MM-DD HH24:MI:SS'));
INSERT INTO django_admin_log VALUES(101,'91','ALL 4 ONE vs Boldmere Sports Soc on 2025-03-04',3,'',10,14, TO_TIMESTAMP('2025-01-15 15:10:40', 'YYYY-MM-DD HH24:MI:SS'));
INSERT INTO django_admin_log VALUES(102,'90','The Greyhound vs Pint Pot on 2025-03-02',3,'',10,14, TO_TIMESTAMP('2025-01-15 15:10:40', 'YYYY-MM-DD HH24:MI:SS'));
INSERT INTO django_admin_log VALUES(103,'89','Beggars Bush vs Boldmere Lounge on 2025-03-04',3,'',10,14, TO_TIMESTAMP('2025-01-15 15:10:40', 'YYYY-MM-DD HH24:MI:SS'));
INSERT INTO django_admin_log VALUES(104,'88','Second City vs Hollyfields on 2025-03-03',3,'',10,14, TO_TIMESTAMP('2025-01-15 15:10:40', 'YYYY-MM-DD HH24:MI:SS'));
INSERT INTO django_admin_log VALUES(105,'87','Sutton Sports vs Digby Dogs on 2025-03-03',3,'',10,14, TO_TIMESTAMP('2025-01-15 15:10:40', 'YYYY-MM-DD HH24:MI:SS'));
INSERT INTO django_admin_log VALUES(106,'86','Beggars Bush vs The Boot on 2025-02-04',3,'',10,14, TO_TIMESTAMP('2025-01-15 15:10:40', 'YYYY-MM-DD HH24:MI:SS'));
INSERT INTO django_admin_log VALUES(107,'85','Second City vs The Hounds on 2025-02-03',3,'',10,14, TO_TIMESTAMP('2025-01-15 15:10:40', 'YYYY-MM-DD HH24:MI:SS'));
INSERT INTO django_admin_log VALUES(108,'84','Hollyfields vs ALL 4 ONE on 2025-02-03',3,'',10,14, TO_TIMESTAMP('2025-01-15 15:10:40', 'YYYY-MM-DD HH24:MI:SS'));
INSERT INTO django_admin_log VALUES(109,'83','Sutton Sports vs Boldmere Sports Soc on 2025-02-03',3,'',10,14, TO_TIMESTAMP('2025-01-15 15:10:40', 'YYYY-MM-DD HH24:MI:SS'));
INSERT INTO django_admin_log VALUES(110,'82','Digby Dogs vs The Greyhound on 2025-02-03',3,'',10,14, TO_TIMESTAMP('2025-01-15 15:10:40', 'YYYY-MM-DD HH24:MI:SS'));
INSERT INTO django_admin_log VALUES(111,'81','Boldmere Lounge vs Pint Pot on 2025-02-03',3,'',10,14, TO_TIMESTAMP('2025-01-15 15:10:40', 'YYYY-MM-DD HH24:MI:SS'));
INSERT INTO django_admin_log VALUES(112,'80','The Boot vs Boldmere Lounge on 2025-02-04',3,'',10,14, TO_TIMESTAMP('2025-01-15 15:10:40', 'YYYY-MM-DD HH24:MI:SS'));
INSERT INTO django_admin_log VALUES(113,'79','The Hounds vs Beggars Bush on 2025-02-03',3,'',10,14, TO_TIMESTAMP('2025-01-15 15:10:40', 'YYYY-MM-DD HH24:MI:SS'));
INSERT INTO django_admin_log VALUES(114,'78','ALL 4 ONE vs Second City on 2025-02-04',3,'',10,14, TO_TIMESTAMP('2025-01-15 15:10:40', 'YYYY-MM-DD HH24:MI:SS'));
INSERT INTO django_admin_log VALUES(115,'77','Boldmere Sports Soc vs Hollyfields on 2025-02-02',3,'',10,14, TO_TIMESTAMP('2025-01-15 15:10:40', 'YYYY-MM-DD HH24:MI:SS'));
INSERT INTO django_admin_log VALUES(116,'76','The Greyhound vs Sutton Sports on 2025-02-02',3,'',10,14, TO_TIMESTAMP('2025-01-15 15:10:40', 'YYYY-MM-DD HH24:MI:SS'));
INSERT INTO django_admin_log VALUES(117,'75','Pint Pot vs Digby Dogs on 2025-02-03',3,'',10,14, TO_TIMESTAMP('2025-01-15 15:10:40', 'YYYY-MM-DD HH24:MI:SS'));
INSERT INTO django_admin_log VALUES(118,'74','X vs Sutton Sports on 2025-01-02',3,'',10,14, TO_TIMESTAMP('2025-01-15 15:10:40', 'YYYY-MM-DD HH24:MI:SS'));
INSERT INTO django_admin_log VALUES(119,'73','ALL 4 ONE vs Digby Dogs on 2025-01-04',3,'',10,14, TO_TIMESTAMP('2025-01-15 15:10:40', 'YYYY-MM-DD HH24:MI:SS'));
INSERT INTO django_admin_log VALUES(120,'72','Boldmere Sports Soc vs Pint Pot on 2025-01-02',3,'',10,14, TO_TIMESTAMP('2025-01-15 15:10:40', 'YYYY-MM-DD HH24:MI:SS'));
INSERT INTO django_admin_log VALUES(121,'71','The Greyhound vs Boldmere Lounge on 2025-01-02',3,'',10,14, TO_TIMESTAMP('2025-01-15 15:10:40', 'YYYY-MM-DD HH24:MI:SS'));
INSERT INTO django_admin_log VALUES(122,'70','Beggars Bush vs Second City on 2025-01-04',3,'',10,14, TO_TIMESTAMP('2025-01-15 15:10:40', 'YYYY-MM-DD HH24:MI:SS'));
INSERT INTO django_admin_log VALUES(123,'69','Hollyfields vs The Hounds on 2025-01-03',3,'',10,14, TO_TIMESTAMP('2025-01-15 15:10:40', 'YYYY-MM-DD HH24:MI:SS'));
INSERT INTO django_admin_log VALUES(124,'68','Boldmere Sports Soc vs The Greyhound on 2025-01-02',3,'',10,14, TO_TIMESTAMP('2025-01-15 15:10:40', 'YYYY-MM-DD HH24:MI:SS'));
INSERT INTO django_admin_log VALUES(125,'67','The Hounds vs Boldmere Lounge on 2025-01-03',3,'',10,14, TO_TIMESTAMP('2025-01-15 15:10:40', 'YYYY-MM-DD HH24:MI:SS'));
INSERT INTO django_admin_log VALUES(126,'66','ALL 4 ONE vs Beggars Bush on 2025-01-04',3,'',10,14, TO_TIMESTAMP('2025-01-15 15:10:40', 'YYYY-MM-DD HH24:MI:SS'));
INSERT INTO django_admin_log VALUES(127,'65','Second City vs X on 2025-01-03',3,'',10,14, TO_TIMESTAMP('2025-01-15 15:10:40', 'YYYY-MM-DD HH24:MI:SS'));
INSERT INTO django_admin_log VALUES(128,'64','Sutton Sports vs Pint Pot on 2025-01-03',3,'',10,14, TO_TIMESTAMP('2025-01-15 15:10:40', 'YYYY-MM-DD HH24:MI:SS'));
INSERT INTO django_admin_log VALUES(129,'63','Digby Dogs vs Hollyfields on 2025-01-03',3,'',10,14, TO_TIMESTAMP('2025-01-15 15:10:40', 'YYYY-MM-DD HH24:MI:SS'));
INSERT INTO django_admin_log VALUES(130,'62','Boldmere Sports Soc vs X on 2025-01-02',3,'',10,14, TO_TIMESTAMP('2025-01-15 15:10:40', 'YYYY-MM-DD HH24:MI:SS'));
INSERT INTO django_admin_log VALUES(131,'61','The Greyhound vs ALL 4 ONE on 2025-01-02',3,'',10,14, TO_TIMESTAMP('2025-01-15 15:10:40', 'YYYY-MM-DD HH24:MI:SS'));
INSERT INTO django_admin_log VALUES(132,'60','Beggars Bush vs Pint Pot on 2025-01-04',3,'',10,14, TO_TIMESTAMP('2025-01-15 15:10:40', 'YYYY-MM-DD HH24:MI:SS'));
INSERT INTO django_admin_log VALUES(133,'59','Hollyfields vs Boldmere Lounge on 2025-01-03',3,'',10,14, TO_TIMESTAMP('2025-01-15 15:10:40', 'YYYY-MM-DD HH24:MI:SS'));
INSERT INTO django_admin_log VALUES(134,'58','Second City vs Sutton Sports on 2025-01-03',3,'',10,14, TO_TIMESTAMP('2025-01-15 15:10:40', 'YYYY-MM-DD HH24:MI:SS'));
INSERT INTO django_admin_log VALUES(135,'57','Digby Dogs vs The Hounds on 2025-01-03',3,'',10,14, TO_TIMESTAMP('2025-01-15 15:10:40', 'YYYY-MM-DD HH24:MI:SS'));
INSERT INTO django_admin_log VALUES(136,'56','The Hounds vs Boldmere Sports Soc on 2024-12-03',3,'',10,14, TO_TIMESTAMP('2025-01-15 15:10:40', 'YYYY-MM-DD HH24:MI:SS'));
INSERT INTO django_admin_log VALUES(137,'55','X vs The Greyhound on 2024-12-02',3,'',10,14, TO_TIMESTAMP('2025-01-15 15:10:40', 'YYYY-MM-DD HH24:MI:SS'));
INSERT INTO django_admin_log VALUES(138,'54','Boldmere Lounge vs Second City on 2024-12-03',3,'',10,14, TO_TIMESTAMP('2025-01-15 15:10:40', 'YYYY-MM-DD HH24:MI:SS'));
INSERT INTO django_admin_log VALUES(139,'53','Beggars Bush vs Digby Dogs on 2024-12-04',3,'',10,14, TO_TIMESTAMP('2025-01-15 15:10:40', 'YYYY-MM-DD HH24:MI:SS'));
INSERT INTO django_admin_log VALUES(140,'52','Pint Pot vs Hollyfields on 2024-12-03',3,'',10,14, TO_TIMESTAMP('2025-01-15 15:10:40', 'YYYY-MM-DD HH24:MI:SS'));
INSERT INTO django_admin_log VALUES(141,'51','Sutton Sports vs ALL 4 ONE on 2024-12-03',3,'',10,14, TO_TIMESTAMP('2025-01-15 15:10:40', 'YYYY-MM-DD HH24:MI:SS'));
INSERT INTO django_admin_log VALUES(142,'50','The Hounds vs The Greyhound on 2024-12-03',3,'',10,14, TO_TIMESTAMP('2025-01-15 15:10:40', 'YYYY-MM-DD HH24:MI:SS'));
INSERT INTO django_admin_log VALUES(143,'49','Second City vs Boldmere Sports Soc on 2024-12-03',3,'',10,14, TO_TIMESTAMP('2025-01-15 15:10:40', 'YYYY-MM-DD HH24:MI:SS'));
INSERT INTO django_admin_log VALUES(144,'48','Beggars Bush vs Sutton Sports on 2024-12-04',3,'',10,14, TO_TIMESTAMP('2025-01-15 15:10:40', 'YYYY-MM-DD HH24:MI:SS'));
INSERT INTO django_admin_log VALUES(145,'47','X vs Hollyfields on 2024-12-02',3,'',10,14, TO_TIMESTAMP('2025-01-15 15:10:40', 'YYYY-MM-DD HH24:MI:SS'));
INSERT INTO django_admin_log VALUES(146,'46','Boldmere Lounge vs Digby Dogs on 2024-12-03',3,'',10,14, TO_TIMESTAMP('2025-01-15 15:10:40', 'YYYY-MM-DD HH24:MI:SS'));
INSERT INTO django_admin_log VALUES(147,'45','ALL 4 ONE vs Pint Pot on 2024-12-04',3,'',10,14, TO_TIMESTAMP('2025-01-15 15:10:40', 'YYYY-MM-DD HH24:MI:SS'));
INSERT INTO django_admin_log VALUES(148,'44','Boldmere Sports Soc vs Digby Dogs on 2024-11-02',3,'',10,14, TO_TIMESTAMP('2025-01-15 15:10:40', 'YYYY-MM-DD HH24:MI:SS'));
INSERT INTO django_admin_log VALUES(149,'43','The Greyhound vs Second City on 2024-11-02',3,'',10,14, TO_TIMESTAMP('2025-01-15 15:10:40', 'YYYY-MM-DD HH24:MI:SS'));
INSERT INTO django_admin_log VALUES(150,'42','Sutton Sports vs Boldmere Lounge on 2024-11-03',3,'',10,14, TO_TIMESTAMP('2025-01-15 15:10:40', 'YYYY-MM-DD HH24:MI:SS'));
INSERT INTO django_admin_log VALUES(151,'41','Hollyfields vs Beggars Bush on 2024-11-03',3,'',10,14, TO_TIMESTAMP('2025-01-15 15:10:40', 'YYYY-MM-DD HH24:MI:SS'));
INSERT INTO django_admin_log VALUES(152,'40','X vs ALL 4 ONE on 2024-11-02',3,'',10,14, TO_TIMESTAMP('2025-01-15 15:10:40', 'YYYY-MM-DD HH24:MI:SS'));
INSERT INTO django_admin_log VALUES(153,'39','Pint Pot vs The Hounds on 2024-11-03',3,'',10,14, TO_TIMESTAMP('2025-01-15 15:10:40', 'YYYY-MM-DD HH24:MI:SS'));
INSERT INTO django_admin_log VALUES(154,'38','ALL 4 ONE vs Boldmere Lounge on 2024-11-04',3,'',10,14, TO_TIMESTAMP('2025-01-15 15:10:40', 'YYYY-MM-DD HH24:MI:SS'));
INSERT INTO django_admin_log VALUES(155,'37','The Hounds vs Sutton Sports on 2024-11-03',3,'',10,14, TO_TIMESTAMP('2025-01-15 15:10:40', 'YYYY-MM-DD HH24:MI:SS'));
INSERT INTO django_admin_log VALUES(156,'36','Beggars Bush vs Boldmere Sports Soc on 2024-11-04',3,'',10,14, TO_TIMESTAMP('2025-01-15 15:10:40', 'YYYY-MM-DD HH24:MI:SS'));
INSERT INTO django_admin_log VALUES(157,'35','Hollyfields vs The Greyhound on 2024-11-03',3,'',10,14, TO_TIMESTAMP('2025-01-15 15:10:40', 'YYYY-MM-DD HH24:MI:SS'));
INSERT INTO django_admin_log VALUES(158,'34','Pint Pot vs Second City on 2024-11-03',3,'',10,14, TO_TIMESTAMP('2025-01-15 15:10:40', 'YYYY-MM-DD HH24:MI:SS'));
INSERT INTO django_admin_log VALUES(159,'33','Digby Dogs vs X on 2024-11-03',3,'',10,14, TO_TIMESTAMP('2025-01-15 15:10:40', 'YYYY-MM-DD HH24:MI:SS'));
INSERT INTO django_admin_log VALUES(160,'32','X vs Pint Pot on 2024-11-02',3,'',10,14, TO_TIMESTAMP('2025-01-15 15:10:40', 'YYYY-MM-DD HH24:MI:SS'));
INSERT INTO django_admin_log VALUES(161,'31','ALL 4 ONE vs The Hounds on 2024-11-04',3,'',10,14, TO_TIMESTAMP('2025-01-15 15:10:40', 'YYYY-MM-DD HH24:MI:SS'));
INSERT INTO django_admin_log VALUES(162,'30','The Greyhound vs Beggars Bush on 2024-11-02',3,'',10,14, TO_TIMESTAMP('2025-01-15 15:10:40', 'YYYY-MM-DD HH24:MI:SS'));
INSERT INTO django_admin_log VALUES(163,'29','Boldmere Lounge vs Boldmere Sports Soc on 2024-11-03',3,'',10,14, TO_TIMESTAMP('2025-01-15 15:10:40', 'YYYY-MM-DD HH24:MI:SS'));
INSERT INTO django_admin_log VALUES(164,'28','Second City vs Digby Dogs on 2024-11-03',3,'',10,14, TO_TIMESTAMP('2025-01-15 15:10:40', 'YYYY-MM-DD HH24:MI:SS'));
INSERT INTO django_admin_log VALUES(165,'27','Sutton Sports vs Hollyfields on 2024-11-03',3,'',10,14, TO_TIMESTAMP('2025-01-15 15:10:40', 'YYYY-MM-DD HH24:MI:SS'));
INSERT INTO django_admin_log VALUES(166,'26','The Hounds vs X on 2024-10-03',3,'',10,14, TO_TIMESTAMP('2025-01-15 15:10:40', 'YYYY-MM-DD HH24:MI:SS'));
INSERT INTO django_admin_log VALUES(167,'25','Boldmere Sports Soc vs ALL 4 ONE on 2024-10-02',3,'',10,14, TO_TIMESTAMP('2025-01-15 15:10:40', 'YYYY-MM-DD HH24:MI:SS'));
INSERT INTO django_admin_log VALUES(168,'24','Pint Pot vs The Greyhound on 2024-10-03',3,'',10,14, TO_TIMESTAMP('2025-01-15 15:10:40', 'YYYY-MM-DD HH24:MI:SS'));
INSERT INTO django_admin_log VALUES(169,'23','Boldmere Lounge vs Beggars Bush on 2024-10-03',3,'',10,14, TO_TIMESTAMP('2025-01-15 15:10:40', 'YYYY-MM-DD HH24:MI:SS'));
INSERT INTO django_admin_log VALUES(170,'22','Hollyfields vs Second City on 2024-10-03',3,'',10,14, TO_TIMESTAMP('2025-01-15 15:10:40', 'YYYY-MM-DD HH24:MI:SS'));
INSERT INTO django_admin_log VALUES(171,'21','Digby Dogs vs Sutton Sports on 2024-10-03',3,'',10,14, TO_TIMESTAMP('2025-01-15 15:10:40', 'YYYY-MM-DD HH24:MI:SS'));
INSERT INTO django_admin_log VALUES(172,'20','Boldmere Lounge vs X on 2024-10-03',3,'',10,14, TO_TIMESTAMP('2025-01-15 15:10:40', 'YYYY-MM-DD HH24:MI:SS'));
INSERT INTO django_admin_log VALUES(173,'19','Beggars Bush vs The Hounds on 2024-10-04',3,'',10,14, TO_TIMESTAMP('2025-01-15 15:10:40', 'YYYY-MM-DD HH24:MI:SS'));
INSERT INTO django_admin_log VALUES(174,'18','Second City vs ALL 4 ONE on 2024-10-03',3,'',10,14, TO_TIMESTAMP('2025-01-15 15:10:40', 'YYYY-MM-DD HH24:MI:SS'));
INSERT INTO django_admin_log VALUES(175,'17','Hollyfields vs Boldmere Sports Soc on 2024-10-03',3,'',10,14, TO_TIMESTAMP('2025-01-15 15:10:40', 'YYYY-MM-DD HH24:MI:SS'));
INSERT INTO django_admin_log VALUES(176,'16','Sutton Sports vs The Greyhound on 2024-10-03',3,'',10,14, TO_TIMESTAMP('2025-01-15 15:10:40', 'YYYY-MM-DD HH24:MI:SS'));
INSERT INTO django_admin_log VALUES(177,'15','Digby Dogs vs Pint Pot on 2024-10-03',3,'',10,14, TO_TIMESTAMP('2025-01-15 15:10:40', 'YYYY-MM-DD HH24:MI:SS'));
INSERT INTO django_admin_log VALUES(178,'14','X vs Beggars Bush on 2024-10-02',3,'',10,14, TO_TIMESTAMP('2025-01-15 15:10:46', 'YYYY-MM-DD HH24:MI:SS'));
INSERT INTO django_admin_log VALUES(179,'13','The Hounds vs Second City on 2024-10-03',3,'',10,14, TO_TIMESTAMP('2025-01-15 15:10:46', 'YYYY-MM-DD HH24:MI:SS'));
INSERT INTO django_admin_log VALUES(180,'12','ALL 4 ONE vs Hollyfields on 2024-10-04',3,'',10,14, TO_TIMESTAMP('2025-01-15 15:10:46', 'YYYY-MM-DD HH24:MI:SS'));
INSERT INTO django_admin_log VALUES(181,'11','Boldmere Sports Soc vs Sutton Sports on 2024-10-02',3,'',10,14, TO_TIMESTAMP('2025-01-15 15:10:46', 'YYYY-MM-DD HH24:MI:SS'));
INSERT INTO django_admin_log VALUES(182,'10','The Greyhound vs Digby Dogs on 2024-10-02',3,'',10,14, TO_TIMESTAMP('2025-01-15 15:10:46', 'YYYY-MM-DD HH24:MI:SS'));
INSERT INTO django_admin_log VALUES(183,'9','Pint Pot vs Boldmere Lounge on 2024-10-03',3,'',10,14, TO_TIMESTAMP('2025-01-15 15:10:46', 'YYYY-MM-DD HH24:MI:SS'));
INSERT INTO django_admin_log VALUES(184,'8','The Greyhound vs Digby Dogs on 2024-10-02',3,'',10,14, TO_TIMESTAMP('2025-01-15 15:10:46', 'YYYY-MM-DD HH24:MI:SS'));
INSERT INTO django_admin_log VALUES(185,'7','Pint Pot vs Boldmere Lounge on 2024-10-03',3,'',10,14, TO_TIMESTAMP('2025-01-15 15:10:46', 'YYYY-MM-DD HH24:MI:SS'));
INSERT INTO django_admin_log VALUES(186,'6','Pint Pot vs Boldmere Lounge on 2024-10-03',3,'',10,14, TO_TIMESTAMP('2025-01-15 15:10:46', 'YYYY-MM-DD HH24:MI:SS'));
INSERT INTO django_admin_log VALUES(187,'220','Sutton Sports vs Beggars Bush on 2025-04-03',3,'',10,14, TO_TIMESTAMP('2025-01-15 15:11:16', 'YYYY-MM-DD HH24:MI:SS'));
INSERT INTO django_admin_log VALUES(188,'219','Hollyfields vs The Boot on 2025-04-03',3,'',10,14, TO_TIMESTAMP('2025-01-15 15:11:16', 'YYYY-MM-DD HH24:MI:SS'));
INSERT INTO django_admin_log VALUES(189,'218','Digby Dogs vs Boldmere Lounge on 2025-04-03',3,'',10,14, TO_TIMESTAMP('2025-01-15 15:11:16', 'YYYY-MM-DD HH24:MI:SS'));
INSERT INTO django_admin_log VALUES(190,'217','Pint Pot vs ALL 4 ONE on 2025-04-03',3,'',10,14, TO_TIMESTAMP('2025-01-15 15:11:16', 'YYYY-MM-DD HH24:MI:SS'));
INSERT INTO django_admin_log VALUES(191,'216','Digby Dogs vs Boldmere Sports Soc on 2025-04-03',3,'',10,14, TO_TIMESTAMP('2025-01-15 15:11:16', 'YYYY-MM-DD HH24:MI:SS'));
INSERT INTO django_admin_log VALUES(192,'215','Second City vs The Greyhound on 2025-04-03',3,'',10,14, TO_TIMESTAMP('2025-01-15 15:11:16', 'YYYY-MM-DD HH24:MI:SS'));
INSERT INTO django_admin_log VALUES(193,'214','Boldmere Lounge vs Sutton Sports on 2025-04-03',3,'',10,14, TO_TIMESTAMP('2025-01-15 15:11:16', 'YYYY-MM-DD HH24:MI:SS'));
INSERT INTO django_admin_log VALUES(194,'213','Beggars Bush vs Hollyfields on 2025-04-04',3,'',10,14, TO_TIMESTAMP('2025-01-15 15:11:16', 'YYYY-MM-DD HH24:MI:SS'));
INSERT INTO django_admin_log VALUES(195,'212','ALL 4 ONE vs The Boot on 2025-04-04',3,'',10,14, TO_TIMESTAMP('2025-01-15 15:11:16', 'YYYY-MM-DD HH24:MI:SS'));
INSERT INTO django_admin_log VALUES(196,'211','The Hounds vs Pint Pot on 2025-04-03',3,'',10,14, TO_TIMESTAMP('2025-01-15 15:11:16', 'YYYY-MM-DD HH24:MI:SS'));
INSERT INTO django_admin_log VALUES(197,'210','Boldmere Lounge vs ALL 4 ONE on 2025-04-03',3,'',10,14, TO_TIMESTAMP('2025-01-15 15:11:16', 'YYYY-MM-DD HH24:MI:SS'));
INSERT INTO django_admin_log VALUES(198,'209','Sutton Sports vs The Hounds on 2025-04-03',3,'',10,14, TO_TIMESTAMP('2025-01-15 15:11:16', 'YYYY-MM-DD HH24:MI:SS'));
INSERT INTO django_admin_log VALUES(199,'208','Boldmere Sports Soc vs Beggars Bush on 2025-04-02',3,'',10,14, TO_TIMESTAMP('2025-01-15 15:11:16', 'YYYY-MM-DD HH24:MI:SS'));
INSERT INTO django_admin_log VALUES(200,'207','The Greyhound vs Hollyfields on 2025-04-02',3,'',10,14, TO_TIMESTAMP('2025-01-15 15:11:16', 'YYYY-MM-DD HH24:MI:SS'));
INSERT INTO django_admin_log VALUES(201,'206','Second City vs Pint Pot on 2025-04-03',3,'',10,14, TO_TIMESTAMP('2025-01-15 15:11:16', 'YYYY-MM-DD HH24:MI:SS'));
INSERT INTO django_admin_log VALUES(202,'205','The Boot vs Digby Dogs on 2025-04-04',3,'',10,14, TO_TIMESTAMP('2025-01-15 15:11:16', 'YYYY-MM-DD HH24:MI:SS'));
INSERT INTO django_admin_log VALUES(203,'204','Pint Pot vs The Boot on 2025-03-03',3,'',10,14, TO_TIMESTAMP('2025-01-15 15:11:16', 'YYYY-MM-DD HH24:MI:SS'));
INSERT INTO django_admin_log VALUES(204,'203','The Hounds vs ALL 4 ONE on 2025-03-03',3,'',10,14, TO_TIMESTAMP('2025-01-15 15:11:16', 'YYYY-MM-DD HH24:MI:SS'));
INSERT INTO django_admin_log VALUES(205,'202','Beggars Bush vs The Greyhound on 2025-03-04',3,'',10,14, TO_TIMESTAMP('2025-01-15 15:11:16', 'YYYY-MM-DD HH24:MI:SS'));
INSERT INTO django_admin_log VALUES(206,'201','Boldmere Sports Soc vs Boldmere Lounge on 2025-03-02',3,'',10,14, TO_TIMESTAMP('2025-01-15 15:11:16', 'YYYY-MM-DD HH24:MI:SS'));
INSERT INTO django_admin_log VALUES(207,'200','Digby Dogs vs Second City on 2025-03-03',3,'',10,14, TO_TIMESTAMP('2025-01-15 15:11:16', 'YYYY-MM-DD HH24:MI:SS'));
INSERT INTO django_admin_log VALUES(208,'199','Hollyfields vs Sutton Sports on 2025-03-03',3,'',10,14, TO_TIMESTAMP('2025-01-15 15:11:16', 'YYYY-MM-DD HH24:MI:SS'));
INSERT INTO django_admin_log VALUES(209,'198','The Boot vs The Hounds on 2025-03-04',3,'',10,14, TO_TIMESTAMP('2025-01-15 15:11:16', 'YYYY-MM-DD HH24:MI:SS'));
INSERT INTO django_admin_log VALUES(210,'197','ALL 4 ONE vs Boldmere Sports Soc on 2025-03-04',3,'',10,14, TO_TIMESTAMP('2025-01-15 15:11:16', 'YYYY-MM-DD HH24:MI:SS'));
INSERT INTO django_admin_log VALUES(211,'196','The Greyhound vs Pint Pot on 2025-03-02',3,'',10,14, TO_TIMESTAMP('2025-01-15 15:11:16', 'YYYY-MM-DD HH24:MI:SS'));
INSERT INTO django_admin_log VALUES(212,'195','Beggars Bush vs Boldmere Lounge on 2025-03-04',3,'',10,14, TO_TIMESTAMP('2025-01-15 15:11:16', 'YYYY-MM-DD HH24:MI:SS'));
INSERT INTO django_admin_log VALUES(213,'194','Second City vs Hollyfields on 2025-03-03',3,'',10,14, TO_TIMESTAMP('2025-01-15 15:11:16', 'YYYY-MM-DD HH24:MI:SS'));
INSERT INTO django_admin_log VALUES(214,'193','Sutton Sports vs Digby Dogs on 2025-03-03',3,'',10,14, TO_TIMESTAMP('2025-01-15 15:11:16', 'YYYY-MM-DD HH24:MI:SS'));
INSERT INTO django_admin_log VALUES(215,'192','Beggars Bush vs The Boot on 2025-02-04',3,'',10,14, TO_TIMESTAMP('2025-01-15 15:11:16', 'YYYY-MM-DD HH24:MI:SS'));
INSERT INTO django_admin_log VALUES(216,'191','Second City vs The Hounds on 2025-02-03',3,'',10,14, TO_TIMESTAMP('2025-01-15 15:11:16', 'YYYY-MM-DD HH24:MI:SS'));
INSERT INTO django_admin_log VALUES(217,'190','Hollyfields vs ALL 4 ONE on 2025-02-03',3,'',10,14, TO_TIMESTAMP('2025-01-15 15:11:16', 'YYYY-MM-DD HH24:MI:SS'));
INSERT INTO django_admin_log VALUES(218,'189','Sutton Sports vs Boldmere Sports Soc on 2025-02-03',3,'',10,14, TO_TIMESTAMP('2025-01-15 15:11:16', 'YYYY-MM-DD HH24:MI:SS'));
INSERT INTO django_admin_log VALUES(219,'188','Digby Dogs vs The Greyhound on 2025-02-03',3,'',10,14, TO_TIMESTAMP('2025-01-15 15:11:16', 'YYYY-MM-DD HH24:MI:SS'));
INSERT INTO django_admin_log VALUES(220,'187','Boldmere Lounge vs Pint Pot on 2025-02-03',3,'',10,14, TO_TIMESTAMP('2025-01-15 15:11:16', 'YYYY-MM-DD HH24:MI:SS'));
INSERT INTO django_admin_log VALUES(221,'186','The Boot vs Boldmere Lounge on 2025-02-04',3,'',10,14, TO_TIMESTAMP('2025-01-15 15:11:16', 'YYYY-MM-DD HH24:MI:SS'));
INSERT INTO django_admin_log VALUES(222,'185','The Hounds vs Beggars Bush on 2025-02-03',3,'',10,14, TO_TIMESTAMP('2025-01-15 15:11:16', 'YYYY-MM-DD HH24:MI:SS'));
INSERT INTO django_admin_log VALUES(223,'184','ALL 4 ONE vs Second City on 2025-02-04',3,'',10,14, TO_TIMESTAMP('2025-01-15 15:11:16', 'YYYY-MM-DD HH24:MI:SS'));
INSERT INTO django_admin_log VALUES(224,'183','Boldmere Sports Soc vs Hollyfields on 2025-02-02',3,'',10,14, TO_TIMESTAMP('2025-01-15 15:11:16', 'YYYY-MM-DD HH24:MI:SS'));
INSERT INTO django_admin_log VALUES(225,'182','The Greyhound vs Sutton Sports on 2025-02-02',3,'',10,14, TO_TIMESTAMP('2025-01-15 15:11:16', 'YYYY-MM-DD HH24:MI:SS'));
INSERT INTO django_admin_log VALUES(226,'181','Pint Pot vs Digby Dogs on 2025-02-03',3,'',10,14, TO_TIMESTAMP('2025-01-15 15:11:16', 'YYYY-MM-DD HH24:MI:SS'));
INSERT INTO django_admin_log VALUES(227,'180','X vs Sutton Sports on 2025-01-02',3,'',10,14, TO_TIMESTAMP('2025-01-15 15:11:16', 'YYYY-MM-DD HH24:MI:SS'));
INSERT INTO django_admin_log VALUES(228,'179','ALL 4 ONE vs Digby Dogs on 2025-01-04',3,'',10,14, TO_TIMESTAMP('2025-01-15 15:11:16', 'YYYY-MM-DD HH24:MI:SS'));
INSERT INTO django_admin_log VALUES(229,'178','Boldmere Sports Soc vs Pint Pot on 2025-01-02',3,'',10,14, TO_TIMESTAMP('2025-01-15 15:11:16', 'YYYY-MM-DD HH24:MI:SS'));
INSERT INTO django_admin_log VALUES(230,'177','The Greyhound vs Boldmere Lounge on 2025-01-02',3,'',10,14, TO_TIMESTAMP('2025-01-15 15:11:16', 'YYYY-MM-DD HH24:MI:SS'));
INSERT INTO django_admin_log VALUES(231,'176','Beggars Bush vs Second City on 2025-01-04',3,'',10,14, TO_TIMESTAMP('2025-01-15 15:11:16', 'YYYY-MM-DD HH24:MI:SS'));
INSERT INTO django_admin_log VALUES(232,'175','Hollyfields vs The Hounds on 2025-01-03',3,'',10,14, TO_TIMESTAMP('2025-01-15 15:11:16', 'YYYY-MM-DD HH24:MI:SS'));
INSERT INTO django_admin_log VALUES(233,'174','Boldmere Sports Soc vs The Greyhound on 2025-01-02',3,'',10,14, TO_TIMESTAMP('2025-01-15 15:11:16', 'YYYY-MM-DD HH24:MI:SS'));
INSERT INTO django_admin_log VALUES(234,'173','The Hounds vs Boldmere Lounge on 2025-01-03',3,'',10,14, TO_TIMESTAMP('2025-01-15 15:11:16', 'YYYY-MM-DD HH24:MI:SS'));
INSERT INTO django_admin_log VALUES(235,'172','ALL 4 ONE vs Beggars Bush on 2025-01-04',3,'',10,14, TO_TIMESTAMP('2025-01-15 15:11:16', 'YYYY-MM-DD HH24:MI:SS'));
INSERT INTO django_admin_log VALUES(236,'171','Second City vs X on 2025-01-03',3,'',10,14, TO_TIMESTAMP('2025-01-15 15:11:16', 'YYYY-MM-DD HH24:MI:SS'));
INSERT INTO django_admin_log VALUES(237,'170','Sutton Sports vs Pint Pot on 2025-01-03',3,'',10,14, TO_TIMESTAMP('2025-01-15 15:11:16', 'YYYY-MM-DD HH24:MI:SS'));
INSERT INTO django_admin_log VALUES(238,'169','Digby Dogs vs Hollyfields on 2025-01-03',3,'',10,14, TO_TIMESTAMP('2025-01-15 15:11:16', 'YYYY-MM-DD HH24:MI:SS'));
INSERT INTO django_admin_log VALUES(239,'168','Boldmere Sports Soc vs X on 2025-01-02',3,'',10,14, TO_TIMESTAMP('2025-01-15 15:11:16', 'YYYY-MM-DD HH24:MI:SS'));
INSERT INTO django_admin_log VALUES(240,'167','The Greyhound vs ALL 4 ONE on 2025-01-02',3,'',10,14, TO_TIMESTAMP('2025-01-15 15:11:16', 'YYYY-MM-DD HH24:MI:SS'));
INSERT INTO django_admin_log VALUES(241,'166','Beggars Bush vs Pint Pot on 2025-01-04',3,'',10,14, TO_TIMESTAMP('2025-01-15 15:11:16', 'YYYY-MM-DD HH24:MI:SS'));
INSERT INTO django_admin_log VALUES(242,'165','Hollyfields vs Boldmere Lounge on 2025-01-03',3,'',10,14, TO_TIMESTAMP('2025-01-15 15:11:16', 'YYYY-MM-DD HH24:MI:SS'));
INSERT INTO django_admin_log VALUES(243,'164','Second City vs Sutton Sports on 2025-01-03',3,'',10,14, TO_TIMESTAMP('2025-01-15 15:11:16', 'YYYY-MM-DD HH24:MI:SS'));
INSERT INTO django_admin_log VALUES(244,'163','Digby Dogs vs The Hounds on 2025-01-03',3,'',10,14, TO_TIMESTAMP('2025-01-15 15:11:16', 'YYYY-MM-DD HH24:MI:SS'));
INSERT INTO django_admin_log VALUES(245,'162','The Hounds vs Boldmere Sports Soc on 2024-12-03',3,'',10,14, TO_TIMESTAMP('2025-01-15 15:11:16', 'YYYY-MM-DD HH24:MI:SS'));
INSERT INTO django_admin_log VALUES(246,'161','X vs The Greyhound on 2024-12-02',3,'',10,14, TO_TIMESTAMP('2025-01-15 15:11:16', 'YYYY-MM-DD HH24:MI:SS'));
INSERT INTO django_admin_log VALUES(247,'160','Boldmere Lounge vs Second City on 2024-12-03',3,'',10,14, TO_TIMESTAMP('2025-01-15 15:11:16', 'YYYY-MM-DD HH24:MI:SS'));
INSERT INTO django_admin_log VALUES(248,'159','Beggars Bush vs Digby Dogs on 2024-12-04',3,'',10,14, TO_TIMESTAMP('2025-01-15 15:11:16', 'YYYY-MM-DD HH24:MI:SS'));
INSERT INTO django_admin_log VALUES(249,'158','Pint Pot vs Hollyfields on 2024-12-03',3,'',10,14, TO_TIMESTAMP('2025-01-15 15:11:16', 'YYYY-MM-DD HH24:MI:SS'));
INSERT INTO django_admin_log VALUES(250,'157','Sutton Sports vs ALL 4 ONE on 2024-12-03',3,'',10,14, TO_TIMESTAMP('2025-01-15 15:11:16', 'YYYY-MM-DD HH24:MI:SS'));
INSERT INTO django_admin_log VALUES(251,'156','The Hounds vs The Greyhound on 2024-12-03',3,'',10,14, TO_TIMESTAMP('2025-01-15 15:11:16', 'YYYY-MM-DD HH24:MI:SS'));
INSERT INTO django_admin_log VALUES(252,'155','Second City vs Boldmere Sports Soc on 2024-12-03',3,'',10,14, TO_TIMESTAMP('2025-01-15 15:11:16', 'YYYY-MM-DD HH24:MI:SS'));
INSERT INTO django_admin_log VALUES(253,'154','Beggars Bush vs Sutton Sports on 2024-12-04',3,'',10,14, TO_TIMESTAMP('2025-01-15 15:11:16', 'YYYY-MM-DD HH24:MI:SS'));
INSERT INTO django_admin_log VALUES(254,'153','X vs Hollyfields on 2024-12-02',3,'',10,14, TO_TIMESTAMP('2025-01-15 15:11:16', 'YYYY-MM-DD HH24:MI:SS'));
INSERT INTO django_admin_log VALUES(255,'152','Boldmere Lounge vs Digby Dogs on 2024-12-03',3,'',10,14, TO_TIMESTAMP('2025-01-15 15:11:16', 'YYYY-MM-DD HH24:MI:SS'));
INSERT INTO django_admin_log VALUES(256,'151','ALL 4 ONE vs Pint Pot on 2024-12-04',3,'',10,14, TO_TIMESTAMP('2025-01-15 15:11:16', 'YYYY-MM-DD HH24:MI:SS'));
INSERT INTO django_admin_log VALUES(257,'150','Boldmere Sports Soc vs Digby Dogs on 2024-11-02',3,'',10,14, TO_TIMESTAMP('2025-01-15 15:11:16', 'YYYY-MM-DD HH24:MI:SS'));
INSERT INTO django_admin_log VALUES(258,'149','The Greyhound vs Second City on 2024-11-02',3,'',10,14, TO_TIMESTAMP('2025-01-15 15:11:16', 'YYYY-MM-DD HH24:MI:SS'));
INSERT INTO django_admin_log VALUES(259,'148','Sutton Sports vs Boldmere Lounge on 2024-11-03',3,'',10,14, TO_TIMESTAMP('2025-01-15 15:11:16', 'YYYY-MM-DD HH24:MI:SS'));
INSERT INTO django_admin_log VALUES(260,'147','Hollyfields vs Beggars Bush on 2024-11-03',3,'',10,14, TO_TIMESTAMP('2025-01-15 15:11:16', 'YYYY-MM-DD HH24:MI:SS'));
INSERT INTO django_admin_log VALUES(261,'146','X vs ALL 4 ONE on 2024-11-02',3,'',10,14, TO_TIMESTAMP('2025-01-15 15:11:16', 'YYYY-MM-DD HH24:MI:SS'));
INSERT INTO django_admin_log VALUES(262,'145','Pint Pot vs The Hounds on 2024-11-03',3,'',10,14, TO_TIMESTAMP('2025-01-15 15:11:16', 'YYYY-MM-DD HH24:MI:SS'));
INSERT INTO django_admin_log VALUES(263,'144','ALL 4 ONE vs Boldmere Lounge on 2024-11-04',3,'',10,14, TO_TIMESTAMP('2025-01-15 15:11:16', 'YYYY-MM-DD HH24:MI:SS'));
INSERT INTO django_admin_log VALUES(264,'143','The Hounds vs Sutton Sports on 2024-11-03',3,'',10,14, TO_TIMESTAMP('2025-01-15 15:11:16', 'YYYY-MM-DD HH24:MI:SS'));
INSERT INTO django_admin_log VALUES(265,'142','Beggars Bush vs Boldmere Sports Soc on 2024-11-04',3,'',10,14, TO_TIMESTAMP('2025-01-15 15:11:16', 'YYYY-MM-DD HH24:MI:SS'));
INSERT INTO django_admin_log VALUES(266,'141','Hollyfields vs The Greyhound on 2024-11-03',3,'',10,14, TO_TIMESTAMP('2025-01-15 15:11:16', 'YYYY-MM-DD HH24:MI:SS'));
INSERT INTO django_admin_log VALUES(267,'140','Pint Pot vs Second City on 2024-11-03',3,'',10,14, TO_TIMESTAMP('2025-01-15 15:11:16', 'YYYY-MM-DD HH24:MI:SS'));
INSERT INTO django_admin_log VALUES(268,'139','Digby Dogs vs X on 2024-11-03',3,'',10,14, TO_TIMESTAMP('2025-01-15 15:11:16', 'YYYY-MM-DD HH24:MI:SS'));
INSERT INTO django_admin_log VALUES(269,'138','X vs Pint Pot on 2024-11-02',3,'',10,14, TO_TIMESTAMP('2025-01-15 15:11:16', 'YYYY-MM-DD HH24:MI:SS'));
INSERT INTO django_admin_log VALUES(270,'137','ALL 4 ONE vs The Hounds on 2024-11-04',3,'',10,14, TO_TIMESTAMP('2025-01-15 15:11:16', 'YYYY-MM-DD HH24:MI:SS'));
INSERT INTO django_admin_log VALUES(271,'136','The Greyhound vs Beggars Bush on 2024-11-02',3,'',10,14, TO_TIMESTAMP('2025-01-15 15:11:16', 'YYYY-MM-DD HH24:MI:SS'));
INSERT INTO django_admin_log VALUES(272,'135','Boldmere Lounge vs Boldmere Sports Soc on 2024-11-03',3,'',10,14, TO_TIMESTAMP('2025-01-15 15:11:16', 'YYYY-MM-DD HH24:MI:SS'));
INSERT INTO django_admin_log VALUES(273,'134','Second City vs Digby Dogs on 2024-11-03',3,'',10,14, TO_TIMESTAMP('2025-01-15 15:11:16', 'YYYY-MM-DD HH24:MI:SS'));
INSERT INTO django_admin_log VALUES(274,'133','Sutton Sports vs Hollyfields on 2024-11-03',3,'',10,14, TO_TIMESTAMP('2025-01-15 15:11:16', 'YYYY-MM-DD HH24:MI:SS'));
INSERT INTO django_admin_log VALUES(275,'132','The Hounds vs X on 2024-10-03',3,'',10,14, TO_TIMESTAMP('2025-01-15 15:11:16', 'YYYY-MM-DD HH24:MI:SS'));
INSERT INTO django_admin_log VALUES(276,'131','Boldmere Sports Soc vs ALL 4 ONE on 2024-10-02',3,'',10,14, TO_TIMESTAMP('2025-01-15 15:11:16', 'YYYY-MM-DD HH24:MI:SS'));
INSERT INTO django_admin_log VALUES(277,'130','Pint Pot vs The Greyhound on 2024-10-03',3,'',10,14, TO_TIMESTAMP('2025-01-15 15:11:16', 'YYYY-MM-DD HH24:MI:SS'));
INSERT INTO django_admin_log VALUES(278,'129','Boldmere Lounge vs Beggars Bush on 2024-10-03',3,'',10,14, TO_TIMESTAMP('2025-01-15 15:11:16', 'YYYY-MM-DD HH24:MI:SS'));
INSERT INTO django_admin_log VALUES(279,'128','Hollyfields vs Second City on 2024-10-03',3,'',10,14, TO_TIMESTAMP('2025-01-15 15:11:16', 'YYYY-MM-DD HH24:MI:SS'));
INSERT INTO django_admin_log VALUES(280,'127','Digby Dogs vs Sutton Sports on 2024-10-03',3,'',10,14, TO_TIMESTAMP('2025-01-15 15:11:16', 'YYYY-MM-DD HH24:MI:SS'));
INSERT INTO django_admin_log VALUES(281,'126','Boldmere Lounge vs X on 2024-10-03',3,'',10,14, TO_TIMESTAMP('2025-01-15 15:11:16', 'YYYY-MM-DD HH24:MI:SS'));
INSERT INTO django_admin_log VALUES(282,'125','Beggars Bush vs The Hounds on 2024-10-04',3,'',10,14, TO_TIMESTAMP('2025-01-15 15:11:16', 'YYYY-MM-DD HH24:MI:SS'));
INSERT INTO django_admin_log VALUES(283,'124','Second City vs ALL 4 ONE on 2024-10-03',3,'',10,14, TO_TIMESTAMP('2025-01-15 15:11:16', 'YYYY-MM-DD HH24:MI:SS'));
INSERT INTO django_admin_log VALUES(284,'123','Hollyfields vs Boldmere Sports Soc on 2024-10-03',3,'',10,14, TO_TIMESTAMP('2025-01-15 15:11:16', 'YYYY-MM-DD HH24:MI:SS'));
INSERT INTO django_admin_log VALUES(285,'122','Sutton Sports vs The Greyhound on 2024-10-03',3,'',10,14, TO_TIMESTAMP('2025-01-15 15:11:16', 'YYYY-MM-DD HH24:MI:SS'));
INSERT INTO django_admin_log VALUES(286,'121','Digby Dogs vs Pint Pot on 2024-10-03',3,'',10,14, TO_TIMESTAMP('2025-01-15 15:11:16', 'YYYY-MM-DD HH24:MI:SS'));
INSERT INTO django_admin_log VALUES(287,'120','X vs Beggars Bush on 2024-10-02',3,'',10,14, TO_TIMESTAMP('2025-01-15 15:11:20', 'YYYY-MM-DD HH24:MI:SS'));
INSERT INTO django_admin_log VALUES(288,'119','The Hounds vs Second City on 2024-10-03',3,'',10,14, TO_TIMESTAMP('2025-01-15 15:11:20', 'YYYY-MM-DD HH24:MI:SS'));
INSERT INTO django_admin_log VALUES(289,'118','ALL 4 ONE vs Hollyfields on 2024-10-04',3,'',10,14, TO_TIMESTAMP('2025-01-15 15:11:20', 'YYYY-MM-DD HH24:MI:SS'));
INSERT INTO django_admin_log VALUES(290,'117','Boldmere Sports Soc vs Sutton Sports on 2024-10-02',3,'',10,14, TO_TIMESTAMP('2025-01-15 15:11:20', 'YYYY-MM-DD HH24:MI:SS'));
INSERT INTO django_admin_log VALUES(291,'116','The Greyhound vs Digby Dogs on 2024-10-02',3,'',10,14, TO_TIMESTAMP('2025-01-15 15:11:20', 'YYYY-MM-DD HH24:MI:SS'));
INSERT INTO django_admin_log VALUES(292,'115','Pint Pot vs Boldmere Lounge on 2024-10-03',3,'',10,14, TO_TIMESTAMP('2025-01-15 15:11:20', 'YYYY-MM-DD HH24:MI:SS'));
INSERT INTO django_admin_log VALUES(293,'310','Pint Pot vs The Boot on 2025-03-03',3,'',10,14, TO_TIMESTAMP('2025-01-15 15:11:51', 'YYYY-MM-DD HH24:MI:SS'));
INSERT INTO django_admin_log VALUES(294,'309','The Hounds vs ALL 4 ONE on 2025-03-03',3,'',10,14, TO_TIMESTAMP('2025-01-15 15:11:51', 'YYYY-MM-DD HH24:MI:SS'));
INSERT INTO django_admin_log VALUES(295,'308','Beggars Bush vs The Greyhound on 2025-03-04',3,'',10,14, TO_TIMESTAMP('2025-01-15 15:11:51', 'YYYY-MM-DD HH24:MI:SS'));
INSERT INTO django_admin_log VALUES(296,'307','Boldmere Sports Soc vs Boldmere Lounge on 2025-03-02',3,'',10,14, TO_TIMESTAMP('2025-01-15 15:11:51', 'YYYY-MM-DD HH24:MI:SS'));
INSERT INTO django_admin_log VALUES(297,'306','Digby Dogs vs Second City on 2025-03-03',3,'',10,14, TO_TIMESTAMP('2025-01-15 15:11:51', 'YYYY-MM-DD HH24:MI:SS'));
INSERT INTO django_admin_log VALUES(298,'305','Hollyfields vs Sutton Sports on 2025-03-03',3,'',10,14, TO_TIMESTAMP('2025-01-15 15:11:51', 'YYYY-MM-DD HH24:MI:SS'));
INSERT INTO django_admin_log VALUES(299,'304','The Boot vs The Hounds on 2025-03-04',3,'',10,14, TO_TIMESTAMP('2025-01-15 15:11:51', 'YYYY-MM-DD HH24:MI:SS'));
INSERT INTO django_admin_log VALUES(300,'303','ALL 4 ONE vs Boldmere Sports Soc on 2025-03-04',3,'',10,14, TO_TIMESTAMP('2025-01-15 15:11:51', 'YYYY-MM-DD HH24:MI:SS'));
INSERT INTO django_admin_log VALUES(301,'302','The Greyhound vs Pint Pot on 2025-03-02',3,'',10,14, TO_TIMESTAMP('2025-01-15 15:11:51', 'YYYY-MM-DD HH24:MI:SS'));
INSERT INTO django_admin_log VALUES(302,'301','Beggars Bush vs Boldmere Lounge on 2025-03-04',3,'',10,14, TO_TIMESTAMP('2025-01-15 15:11:51', 'YYYY-MM-DD HH24:MI:SS'));
INSERT INTO django_admin_log VALUES(303,'300','Second City vs Hollyfields on 2025-03-03',3,'',10,14, TO_TIMESTAMP('2025-01-15 15:11:51', 'YYYY-MM-DD HH24:MI:SS'));
INSERT INTO django_admin_log VALUES(304,'299','Sutton Sports vs Digby Dogs on 2025-03-03',3,'',10,14, TO_TIMESTAMP('2025-01-15 15:11:51', 'YYYY-MM-DD HH24:MI:SS'));
INSERT INTO django_admin_log VALUES(305,'298','Beggars Bush vs The Boot on 2025-02-04',3,'',10,14, TO_TIMESTAMP('2025-01-15 15:11:51', 'YYYY-MM-DD HH24:MI:SS'));
INSERT INTO django_admin_log VALUES(306,'297','Second City vs The Hounds on 2025-02-03',3,'',10,14, TO_TIMESTAMP('2025-01-15 15:11:51', 'YYYY-MM-DD HH24:MI:SS'));
INSERT INTO django_admin_log VALUES(307,'296','Hollyfields vs ALL 4 ONE on 2025-02-03',3,'',10,14, TO_TIMESTAMP('2025-01-15 15:11:51', 'YYYY-MM-DD HH24:MI:SS'));
INSERT INTO django_admin_log VALUES(308,'295','Sutton Sports vs Boldmere Sports Soc on 2025-02-03',3,'',10,14, TO_TIMESTAMP('2025-01-15 15:11:51', 'YYYY-MM-DD HH24:MI:SS'));
INSERT INTO django_admin_log VALUES(309,'294','Digby Dogs vs The Greyhound on 2025-02-03',3,'',10,14, TO_TIMESTAMP('2025-01-15 15:11:51', 'YYYY-MM-DD HH24:MI:SS'));
INSERT INTO django_admin_log VALUES(310,'293','Boldmere Lounge vs Pint Pot on 2025-02-03',3,'',10,14, TO_TIMESTAMP('2025-01-15 15:11:51', 'YYYY-MM-DD HH24:MI:SS'));
INSERT INTO django_admin_log VALUES(311,'292','The Boot vs Boldmere Lounge on 2025-02-04',3,'',10,14, TO_TIMESTAMP('2025-01-15 15:11:51', 'YYYY-MM-DD HH24:MI:SS'));
INSERT INTO django_admin_log VALUES(312,'291','The Hounds vs Beggars Bush on 2025-02-03',3,'',10,14, TO_TIMESTAMP('2025-01-15 15:11:51', 'YYYY-MM-DD HH24:MI:SS'));
INSERT INTO django_admin_log VALUES(313,'290','ALL 4 ONE vs Second City on 2025-02-04',3,'',10,14, TO_TIMESTAMP('2025-01-15 15:11:51', 'YYYY-MM-DD HH24:MI:SS'));
INSERT INTO django_admin_log VALUES(314,'289','Boldmere Sports Soc vs Hollyfields on 2025-02-02',3,'',10,14, TO_TIMESTAMP('2025-01-15 15:11:51', 'YYYY-MM-DD HH24:MI:SS'));
INSERT INTO django_admin_log VALUES(315,'288','The Greyhound vs Sutton Sports on 2025-02-02',3,'',10,14, TO_TIMESTAMP('2025-01-15 15:11:51', 'YYYY-MM-DD HH24:MI:SS'));
INSERT INTO django_admin_log VALUES(316,'287','Pint Pot vs Digby Dogs on 2025-02-03',3,'',10,14, TO_TIMESTAMP('2025-01-15 15:11:51', 'YYYY-MM-DD HH24:MI:SS'));
INSERT INTO django_admin_log VALUES(317,'286','X vs Sutton Sports on 2025-01-02',3,'',10,14, TO_TIMESTAMP('2025-01-15 15:11:51', 'YYYY-MM-DD HH24:MI:SS'));
INSERT INTO django_admin_log VALUES(318,'285','ALL 4 ONE vs Digby Dogs on 2025-01-04',3,'',10,14, TO_TIMESTAMP('2025-01-15 15:11:51', 'YYYY-MM-DD HH24:MI:SS'));
INSERT INTO django_admin_log VALUES(319,'284','Boldmere Sports Soc vs Pint Pot on 2025-01-02',3,'',10,14, TO_TIMESTAMP('2025-01-15 15:11:51', 'YYYY-MM-DD HH24:MI:SS'));
INSERT INTO django_admin_log VALUES(320,'283','The Greyhound vs Boldmere Lounge on 2025-01-02',3,'',10,14, TO_TIMESTAMP('2025-01-15 15:11:51', 'YYYY-MM-DD HH24:MI:SS'));
INSERT INTO django_admin_log VALUES(321,'282','Beggars Bush vs Second City on 2025-01-04',3,'',10,14, TO_TIMESTAMP('2025-01-15 15:11:51', 'YYYY-MM-DD HH24:MI:SS'));
INSERT INTO django_admin_log VALUES(322,'281','Hollyfields vs The Hounds on 2025-01-03',3,'',10,14, TO_TIMESTAMP('2025-01-15 15:11:51', 'YYYY-MM-DD HH24:MI:SS'));
INSERT INTO django_admin_log VALUES(323,'280','Boldmere Sports Soc vs The Greyhound on 2025-01-02',3,'',10,14, TO_TIMESTAMP('2025-01-15 15:11:51', 'YYYY-MM-DD HH24:MI:SS'));
INSERT INTO django_admin_log VALUES(324,'279','The Hounds vs Boldmere Lounge on 2025-01-03',3,'',10,14, TO_TIMESTAMP('2025-01-15 15:11:51', 'YYYY-MM-DD HH24:MI:SS'));
INSERT INTO django_admin_log VALUES(325,'278','ALL 4 ONE vs Beggars Bush on 2025-01-04',3,'',10,14, TO_TIMESTAMP('2025-01-15 15:11:51', 'YYYY-MM-DD HH24:MI:SS'));
INSERT INTO django_admin_log VALUES(326,'277','Second City vs X on 2025-01-03',3,'',10,14, TO_TIMESTAMP('2025-01-15 15:11:51', 'YYYY-MM-DD HH24:MI:SS'));
INSERT INTO django_admin_log VALUES(327,'276','Sutton Sports vs Pint Pot on 2025-01-03',3,'',10,14, TO_TIMESTAMP('2025-01-15 15:11:51', 'YYYY-MM-DD HH24:MI:SS'));
INSERT INTO django_admin_log VALUES(328,'275','Digby Dogs vs Hollyfields on 2025-01-03',3,'',10,14, TO_TIMESTAMP('2025-01-15 15:11:51', 'YYYY-MM-DD HH24:MI:SS'));
INSERT INTO django_admin_log VALUES(329,'274','Boldmere Sports Soc vs X on 2025-01-02',3,'',10,14, TO_TIMESTAMP('2025-01-15 15:11:51', 'YYYY-MM-DD HH24:MI:SS'));
INSERT INTO django_admin_log VALUES(330,'273','The Greyhound vs ALL 4 ONE on 2025-01-02',3,'',10,14, TO_TIMESTAMP('2025-01-15 15:11:51', 'YYYY-MM-DD HH24:MI:SS'));
INSERT INTO django_admin_log VALUES(331,'272','Beggars Bush vs Pint Pot on 2025-01-04',3,'',10,14, TO_TIMESTAMP('2025-01-15 15:11:51', 'YYYY-MM-DD HH24:MI:SS'));
INSERT INTO django_admin_log VALUES(332,'271','Hollyfields vs Boldmere Lounge on 2025-01-03',3,'',10,14, TO_TIMESTAMP('2025-01-15 15:11:51', 'YYYY-MM-DD HH24:MI:SS'));
INSERT INTO django_admin_log VALUES(333,'270','Second City vs Sutton Sports on 2025-01-03',3,'',10,14, TO_TIMESTAMP('2025-01-15 15:11:51', 'YYYY-MM-DD HH24:MI:SS'));
INSERT INTO django_admin_log VALUES(334,'269','Digby Dogs vs The Hounds on 2025-01-03',3,'',10,14, TO_TIMESTAMP('2025-01-15 15:11:51', 'YYYY-MM-DD HH24:MI:SS'));
INSERT INTO django_admin_log VALUES(335,'268','The Hounds vs Boldmere Sports Soc on 2024-12-03',3,'',10,14, TO_TIMESTAMP('2025-01-15 15:11:51', 'YYYY-MM-DD HH24:MI:SS'));
INSERT INTO django_admin_log VALUES(336,'267','X vs The Greyhound on 2024-12-02',3,'',10,14, TO_TIMESTAMP('2025-01-15 15:11:51', 'YYYY-MM-DD HH24:MI:SS'));
INSERT INTO django_admin_log VALUES(337,'266','Boldmere Lounge vs Second City on 2024-12-03',3,'',10,14, TO_TIMESTAMP('2025-01-15 15:11:51', 'YYYY-MM-DD HH24:MI:SS'));
INSERT INTO django_admin_log VALUES(338,'265','Beggars Bush vs Digby Dogs on 2024-12-04',3,'',10,14, TO_TIMESTAMP('2025-01-15 15:11:51', 'YYYY-MM-DD HH24:MI:SS'));
INSERT INTO django_admin_log VALUES(339,'264','Pint Pot vs Hollyfields on 2024-12-03',3,'',10,14, TO_TIMESTAMP('2025-01-15 15:11:51', 'YYYY-MM-DD HH24:MI:SS'));
INSERT INTO django_admin_log VALUES(340,'263','Sutton Sports vs ALL 4 ONE on 2024-12-03',3,'',10,14, TO_TIMESTAMP('2025-01-15 15:11:51', 'YYYY-MM-DD HH24:MI:SS'));
INSERT INTO django_admin_log VALUES(341,'262','The Hounds vs The Greyhound on 2024-12-03',3,'',10,14, TO_TIMESTAMP('2025-01-15 15:11:51', 'YYYY-MM-DD HH24:MI:SS'));
INSERT INTO django_admin_log VALUES(342,'261','Second City vs Boldmere Sports Soc on 2024-12-03',3,'',10,14, TO_TIMESTAMP('2025-01-15 15:11:51', 'YYYY-MM-DD HH24:MI:SS'));
INSERT INTO django_admin_log VALUES(343,'260','Beggars Bush vs Sutton Sports on 2024-12-04',3,'',10,14, TO_TIMESTAMP('2025-01-15 15:11:51', 'YYYY-MM-DD HH24:MI:SS'));
INSERT INTO django_admin_log VALUES(344,'259','X vs Hollyfields on 2024-12-02',3,'',10,14, TO_TIMESTAMP('2025-01-15 15:11:51', 'YYYY-MM-DD HH24:MI:SS'));
INSERT INTO django_admin_log VALUES(345,'258','Boldmere Lounge vs Digby Dogs on 2024-12-03',3,'',10,14, TO_TIMESTAMP('2025-01-15 15:11:51', 'YYYY-MM-DD HH24:MI:SS'));
INSERT INTO django_admin_log VALUES(346,'257','ALL 4 ONE vs Pint Pot on 2024-12-04',3,'',10,14, TO_TIMESTAMP('2025-01-15 15:11:51', 'YYYY-MM-DD HH24:MI:SS'));
INSERT INTO django_admin_log VALUES(347,'256','Boldmere Sports Soc vs Digby Dogs on 2024-11-02',3,'',10,14, TO_TIMESTAMP('2025-01-15 15:11:51', 'YYYY-MM-DD HH24:MI:SS'));
INSERT INTO django_admin_log VALUES(348,'255','The Greyhound vs Second City on 2024-11-02',3,'',10,14, TO_TIMESTAMP('2025-01-15 15:11:51', 'YYYY-MM-DD HH24:MI:SS'));
INSERT INTO django_admin_log VALUES(349,'254','Sutton Sports vs Boldmere Lounge on 2024-11-03',3,'',10,14, TO_TIMESTAMP('2025-01-15 15:11:51', 'YYYY-MM-DD HH24:MI:SS'));
INSERT INTO django_admin_log VALUES(350,'253','Hollyfields vs Beggars Bush on 2024-11-03',3,'',10,14, TO_TIMESTAMP('2025-01-15 15:11:51', 'YYYY-MM-DD HH24:MI:SS'));
INSERT INTO django_admin_log VALUES(351,'252','X vs ALL 4 ONE on 2024-11-02',3,'',10,14, TO_TIMESTAMP('2025-01-15 15:11:51', 'YYYY-MM-DD HH24:MI:SS'));
INSERT INTO django_admin_log VALUES(352,'251','Pint Pot vs The Hounds on 2024-11-03',3,'',10,14, TO_TIMESTAMP('2025-01-15 15:11:51', 'YYYY-MM-DD HH24:MI:SS'));
INSERT INTO django_admin_log VALUES(353,'250','ALL 4 ONE vs Boldmere Lounge on 2024-11-04',3,'',10,14, TO_TIMESTAMP('2025-01-15 15:11:51', 'YYYY-MM-DD HH24:MI:SS'));
INSERT INTO django_admin_log VALUES(354,'249','The Hounds vs Sutton Sports on 2024-11-03',3,'',10,14, TO_TIMESTAMP('2025-01-15 15:11:51', 'YYYY-MM-DD HH24:MI:SS'));
INSERT INTO django_admin_log VALUES(355,'248','Beggars Bush vs Boldmere Sports Soc on 2024-11-04',3,'',10,14, TO_TIMESTAMP('2025-01-15 15:11:51', 'YYYY-MM-DD HH24:MI:SS'));
INSERT INTO django_admin_log VALUES(356,'247','Hollyfields vs The Greyhound on 2024-11-03',3,'',10,14, TO_TIMESTAMP('2025-01-15 15:11:51', 'YYYY-MM-DD HH24:MI:SS'));
INSERT INTO django_admin_log VALUES(357,'246','Pint Pot vs Second City on 2024-11-03',3,'',10,14, TO_TIMESTAMP('2025-01-15 15:11:51', 'YYYY-MM-DD HH24:MI:SS'));
INSERT INTO django_admin_log VALUES(358,'245','Digby Dogs vs X on 2024-11-03',3,'',10,14, TO_TIMESTAMP('2025-01-15 15:11:51', 'YYYY-MM-DD HH24:MI:SS'));
INSERT INTO django_admin_log VALUES(359,'244','X vs Pint Pot on 2024-11-02',3,'',10,14, TO_TIMESTAMP('2025-01-15 15:11:51', 'YYYY-MM-DD HH24:MI:SS'));
INSERT INTO django_admin_log VALUES(360,'243','ALL 4 ONE vs The Hounds on 2024-11-04',3,'',10,14, TO_TIMESTAMP('2025-01-15 15:11:51', 'YYYY-MM-DD HH24:MI:SS'));
INSERT INTO django_admin_log VALUES(361,'242','The Greyhound vs Beggars Bush on 2024-11-02',3,'',10,14, TO_TIMESTAMP('2025-01-15 15:11:51', 'YYYY-MM-DD HH24:MI:SS'));
INSERT INTO django_admin_log VALUES(362,'241','Boldmere Lounge vs Boldmere Sports Soc on 2024-11-03',3,'',10,14, TO_TIMESTAMP('2025-01-15 15:11:51', 'YYYY-MM-DD HH24:MI:SS'));
INSERT INTO django_admin_log VALUES(363,'240','Second City vs Digby Dogs on 2024-11-03',3,'',10,14, TO_TIMESTAMP('2025-01-15 15:11:51', 'YYYY-MM-DD HH24:MI:SS'));
INSERT INTO django_admin_log VALUES(364,'239','Sutton Sports vs Hollyfields on 2024-11-03',3,'',10,14, TO_TIMESTAMP('2025-01-15 15:11:51', 'YYYY-MM-DD HH24:MI:SS'));
INSERT INTO django_admin_log VALUES(365,'238','The Hounds vs X on 2024-10-03',3,'',10,14, TO_TIMESTAMP('2025-01-15 15:11:51', 'YYYY-MM-DD HH24:MI:SS'));
INSERT INTO django_admin_log VALUES(366,'237','Boldmere Sports Soc vs ALL 4 ONE on 2024-10-02',3,'',10,14, TO_TIMESTAMP('2025-01-15 15:11:51', 'YYYY-MM-DD HH24:MI:SS'));
INSERT INTO django_admin_log VALUES(367,'236','Pint Pot vs The Greyhound on 2024-10-03',3,'',10,14, TO_TIMESTAMP('2025-01-15 15:11:51', 'YYYY-MM-DD HH24:MI:SS'));
INSERT INTO django_admin_log VALUES(368,'235','Boldmere Lounge vs Beggars Bush on 2024-10-03',3,'',10,14, TO_TIMESTAMP('2025-01-15 15:11:51', 'YYYY-MM-DD HH24:MI:SS'));
INSERT INTO django_admin_log VALUES(369,'234','Hollyfields vs Second City on 2024-10-03',3,'',10,14, TO_TIMESTAMP('2025-01-15 15:11:51', 'YYYY-MM-DD HH24:MI:SS'));
INSERT INTO django_admin_log VALUES(370,'233','Digby Dogs vs Sutton Sports on 2024-10-03',3,'',10,14, TO_TIMESTAMP('2025-01-15 15:11:51', 'YYYY-MM-DD HH24:MI:SS'));
INSERT INTO django_admin_log VALUES(371,'232','Boldmere Lounge vs X on 2024-10-03',3,'',10,14, TO_TIMESTAMP('2025-01-15 15:11:51', 'YYYY-MM-DD HH24:MI:SS'));
INSERT INTO django_admin_log VALUES(372,'231','Beggars Bush vs The Hounds on 2024-10-04',3,'',10,14, TO_TIMESTAMP('2025-01-15 15:11:51', 'YYYY-MM-DD HH24:MI:SS'));
INSERT INTO django_admin_log VALUES(373,'230','Second City vs ALL 4 ONE on 2024-10-03',3,'',10,14, TO_TIMESTAMP('2025-01-15 15:11:51', 'YYYY-MM-DD HH24:MI:SS'));
INSERT INTO django_admin_log VALUES(374,'229','Hollyfields vs Boldmere Sports Soc on 2024-10-03',3,'',10,14, TO_TIMESTAMP('2025-01-15 15:11:51', 'YYYY-MM-DD HH24:MI:SS'));
INSERT INTO django_admin_log VALUES(375,'228','Sutton Sports vs The Greyhound on 2024-10-03',3,'',10,14, TO_TIMESTAMP('2025-01-15 15:11:51', 'YYYY-MM-DD HH24:MI:SS'));
INSERT INTO django_admin_log VALUES(376,'227','Digby Dogs vs Pint Pot on 2024-10-03',3,'',10,14, TO_TIMESTAMP('2025-01-15 15:11:51', 'YYYY-MM-DD HH24:MI:SS'));
INSERT INTO django_admin_log VALUES(377,'226','X vs Beggars Bush on 2024-10-02',3,'',10,14, TO_TIMESTAMP('2025-01-15 15:11:51', 'YYYY-MM-DD HH24:MI:SS'));
INSERT INTO django_admin_log VALUES(378,'225','The Hounds vs Second City on 2024-10-03',3,'',10,14, TO_TIMESTAMP('2025-01-15 15:11:51', 'YYYY-MM-DD HH24:MI:SS'));
INSERT INTO django_admin_log VALUES(379,'224','ALL 4 ONE vs Hollyfields on 2024-10-04',3,'',10,14, TO_TIMESTAMP('2025-01-15 15:11:51', 'YYYY-MM-DD HH24:MI:SS'));
INSERT INTO django_admin_log VALUES(380,'223','Boldmere Sports Soc vs Sutton Sports on 2024-10-02',3,'',10,14, TO_TIMESTAMP('2025-01-15 15:11:51', 'YYYY-MM-DD HH24:MI:SS'));
INSERT INTO django_admin_log VALUES(381,'222','The Greyhound vs Digby Dogs on 2024-10-02',3,'',10,14, TO_TIMESTAMP('2025-01-15 15:11:51', 'YYYY-MM-DD HH24:MI:SS'));
INSERT INTO django_admin_log VALUES(382,'221','Pint Pot vs Boldmere Lounge on 2024-10-03',3,'',10,14, TO_TIMESTAMP('2025-01-15 15:11:51', 'YYYY-MM-DD HH24:MI:SS'));
INSERT INTO django_admin_log VALUES(383,'442','Sutton Sports vs The Boot on 2025-05-03',3,'',10,14, TO_TIMESTAMP('2025-01-15 15:14:14', 'YYYY-MM-DD HH24:MI:SS'));
INSERT INTO django_admin_log VALUES(384,'441','Digby Dogs vs ALL 4 ONE on 2025-05-03',3,'',10,14, TO_TIMESTAMP('2025-01-15 15:14:14', 'YYYY-MM-DD HH24:MI:SS'));
INSERT INTO django_admin_log VALUES(385,'440','Pint Pot vs Boldmere Sports Soc on 2025-05-03',3,'',10,14, TO_TIMESTAMP('2025-01-15 15:14:14', 'YYYY-MM-DD HH24:MI:SS'));
INSERT INTO django_admin_log VALUES(386,'439','Boldmere Lounge vs The Greyhound on 2025-05-03',3,'',10,14, TO_TIMESTAMP('2025-01-15 15:14:14', 'YYYY-MM-DD HH24:MI:SS'));
INSERT INTO django_admin_log VALUES(387,'438','Second City vs Beggars Bush on 2025-05-03',3,'',10,14, TO_TIMESTAMP('2025-01-15 15:14:14', 'YYYY-MM-DD HH24:MI:SS'));
INSERT INTO django_admin_log VALUES(388,'437','The Hounds vs Hollyfields on 2025-05-03',3,'',10,14, TO_TIMESTAMP('2025-01-15 15:14:14', 'YYYY-MM-DD HH24:MI:SS'));
INSERT INTO django_admin_log VALUES(389,'436','The Greyhound vs Boldmere Sports Soc on 2025-05-02',3,'',10,14, TO_TIMESTAMP('2025-01-15 15:14:14', 'YYYY-MM-DD HH24:MI:SS'));
INSERT INTO django_admin_log VALUES(390,'435','Boldmere Lounge vs The Hounds on 2025-05-03',3,'',10,14, TO_TIMESTAMP('2025-01-15 15:14:14', 'YYYY-MM-DD HH24:MI:SS'));
INSERT INTO django_admin_log VALUES(391,'434','Beggars Bush vs ALL 4 ONE on 2025-05-04',3,'',10,14, TO_TIMESTAMP('2025-01-15 15:14:14', 'YYYY-MM-DD HH24:MI:SS'));
INSERT INTO django_admin_log VALUES(392,'433','The Boot vs Second City on 2025-05-04',3,'',10,14, TO_TIMESTAMP('2025-01-15 15:14:14', 'YYYY-MM-DD HH24:MI:SS'));
INSERT INTO django_admin_log VALUES(393,'432','Pint Pot vs Sutton Sports on 2025-05-03',3,'',10,14, TO_TIMESTAMP('2025-01-15 15:14:14', 'YYYY-MM-DD HH24:MI:SS'));
INSERT INTO django_admin_log VALUES(394,'431','Hollyfields vs Digby Dogs on 2025-05-03',3,'',10,14, TO_TIMESTAMP('2025-01-15 15:14:14', 'YYYY-MM-DD HH24:MI:SS'));
INSERT INTO django_admin_log VALUES(395,'430','Boldmere Sports Soc vs The Hounds on 2025-04-02',3,'',10,14, TO_TIMESTAMP('2025-01-15 15:14:14', 'YYYY-MM-DD HH24:MI:SS'));
INSERT INTO django_admin_log VALUES(396,'429','The Greyhound vs The Boot on 2025-04-02',3,'',10,14, TO_TIMESTAMP('2025-01-15 15:14:14', 'YYYY-MM-DD HH24:MI:SS'));
INSERT INTO django_admin_log VALUES(397,'428','Second City vs Boldmere Lounge on 2025-04-03',3,'',10,14, TO_TIMESTAMP('2025-01-15 15:14:14', 'YYYY-MM-DD HH24:MI:SS'));
INSERT INTO django_admin_log VALUES(398,'427','Digby Dogs vs Beggars Bush on 2025-04-03',3,'',10,14, TO_TIMESTAMP('2025-01-15 15:14:14', 'YYYY-MM-DD HH24:MI:SS'));
INSERT INTO django_admin_log VALUES(399,'426','Hollyfields vs Pint Pot on 2025-04-03',3,'',10,14, TO_TIMESTAMP('2025-01-15 15:14:14', 'YYYY-MM-DD HH24:MI:SS'));
INSERT INTO django_admin_log VALUES(400,'425','ALL 4 ONE vs Sutton Sports on 2025-05-04',3,'',10,14, TO_TIMESTAMP('2025-01-15 15:14:14', 'YYYY-MM-DD HH24:MI:SS'));
INSERT INTO django_admin_log VALUES(401,'424','The Boot vs Boldmere Sports Soc on 2025-04-04',3,'',10,14, TO_TIMESTAMP('2025-01-15 15:14:14', 'YYYY-MM-DD HH24:MI:SS'));
INSERT INTO django_admin_log VALUES(402,'423','ALL 4 ONE vs The Greyhound on 2025-04-04',3,'',10,14, TO_TIMESTAMP('2025-01-15 15:14:14', 'YYYY-MM-DD HH24:MI:SS'));
INSERT INTO django_admin_log VALUES(403,'422','Pint Pot vs Beggars Bush on 2025-04-03',3,'',10,14, TO_TIMESTAMP('2025-01-15 15:14:14', 'YYYY-MM-DD HH24:MI:SS'));
INSERT INTO django_admin_log VALUES(404,'421','Boldmere Lounge vs Hollyfields on 2025-04-03',3,'',10,14, TO_TIMESTAMP('2025-01-15 15:14:14', 'YYYY-MM-DD HH24:MI:SS'));
INSERT INTO django_admin_log VALUES(405,'420','Sutton Sports vs Second City on 2025-04-03',3,'',10,14, TO_TIMESTAMP('2025-01-15 15:14:14', 'YYYY-MM-DD HH24:MI:SS'));
INSERT INTO django_admin_log VALUES(406,'419','The Hounds vs Digby Dogs on 2025-04-03',3,'',10,14, TO_TIMESTAMP('2025-01-15 15:14:14', 'YYYY-MM-DD HH24:MI:SS'));
INSERT INTO django_admin_log VALUES(407,'418','The Greyhound vs The Hounds on 2025-04-02',3,'',10,14, TO_TIMESTAMP('2025-01-15 15:14:14', 'YYYY-MM-DD HH24:MI:SS'));
INSERT INTO django_admin_log VALUES(408,'417','Boldmere Sports Soc vs Second City on 2025-04-02',3,'',10,14, TO_TIMESTAMP('2025-01-15 15:14:14', 'YYYY-MM-DD HH24:MI:SS'));
INSERT INTO django_admin_log VALUES(409,'416','Sutton Sports vs Beggars Bush on 2025-04-03',3,'',10,14, TO_TIMESTAMP('2025-01-15 15:14:14', 'YYYY-MM-DD HH24:MI:SS'));
INSERT INTO django_admin_log VALUES(410,'415','Hollyfields vs The Boot on 2025-04-03',3,'',10,14, TO_TIMESTAMP('2025-01-15 15:14:14', 'YYYY-MM-DD HH24:MI:SS'));
INSERT INTO django_admin_log VALUES(411,'414','Digby Dogs vs Boldmere Lounge on 2025-04-03',3,'',10,14, TO_TIMESTAMP('2025-01-15 15:14:14', 'YYYY-MM-DD HH24:MI:SS'));
INSERT INTO django_admin_log VALUES(412,'413','Pint Pot vs ALL 4 ONE on 2025-04-03',3,'',10,14, TO_TIMESTAMP('2025-01-15 15:14:14', 'YYYY-MM-DD HH24:MI:SS'));
INSERT INTO django_admin_log VALUES(413,'412','Digby Dogs vs Boldmere Sports Soc on 2025-04-03',3,'',10,14, TO_TIMESTAMP('2025-01-15 15:14:14', 'YYYY-MM-DD HH24:MI:SS'));
INSERT INTO django_admin_log VALUES(414,'411','Second City vs The Greyhound on 2025-04-03',3,'',10,14, TO_TIMESTAMP('2025-01-15 15:14:14', 'YYYY-MM-DD HH24:MI:SS'));
INSERT INTO django_admin_log VALUES(415,'410','Boldmere Lounge vs Sutton Sports on 2025-04-03',3,'',10,14, TO_TIMESTAMP('2025-01-15 15:14:14', 'YYYY-MM-DD HH24:MI:SS'));
INSERT INTO django_admin_log VALUES(416,'409','Beggars Bush vs Hollyfields on 2025-04-04',3,'',10,14, TO_TIMESTAMP('2025-01-15 15:14:14', 'YYYY-MM-DD HH24:MI:SS'));
INSERT INTO django_admin_log VALUES(417,'408','ALL 4 ONE vs The Boot on 2025-04-04',3,'',10,14, TO_TIMESTAMP('2025-01-15 15:14:14', 'YYYY-MM-DD HH24:MI:SS'));
INSERT INTO django_admin_log VALUES(418,'407','The Hounds vs Pint Pot on 2025-04-03',3,'',10,14, TO_TIMESTAMP('2025-01-15 15:14:14', 'YYYY-MM-DD HH24:MI:SS'));
INSERT INTO django_admin_log VALUES(419,'406','Boldmere Lounge vs ALL 4 ONE on 2025-04-03',3,'',10,14, TO_TIMESTAMP('2025-01-15 15:14:14', 'YYYY-MM-DD HH24:MI:SS'));
INSERT INTO django_admin_log VALUES(420,'405','Sutton Sports vs The Hounds on 2025-04-03',3,'',10,14, TO_TIMESTAMP('2025-01-15 15:14:14', 'YYYY-MM-DD HH24:MI:SS'));
INSERT INTO django_admin_log VALUES(421,'404','Boldmere Sports Soc vs Beggars Bush on 2025-04-02',3,'',10,14, TO_TIMESTAMP('2025-01-15 15:14:14', 'YYYY-MM-DD HH24:MI:SS'));
INSERT INTO django_admin_log VALUES(422,'403','The Greyhound vs Hollyfields on 2025-04-02',3,'',10,14, TO_TIMESTAMP('2025-01-15 15:14:14', 'YYYY-MM-DD HH24:MI:SS'));
INSERT INTO django_admin_log VALUES(423,'402','Second City vs Pint Pot on 2025-04-03',3,'',10,14, TO_TIMESTAMP('2025-01-15 15:14:14', 'YYYY-MM-DD HH24:MI:SS'));
INSERT INTO django_admin_log VALUES(424,'401','The Boot vs X on 2025-04-04',3,'',10,14, TO_TIMESTAMP('2025-01-15 15:14:14', 'YYYY-MM-DD HH24:MI:SS'));
INSERT INTO django_admin_log VALUES(425,'400','Pint Pot vs The Boot on 2025-03-03',3,'',10,14, TO_TIMESTAMP('2025-01-15 15:14:14', 'YYYY-MM-DD HH24:MI:SS'));
INSERT INTO django_admin_log VALUES(426,'399','The Hounds vs ALL 4 ONE on 2025-03-03',3,'',10,14, TO_TIMESTAMP('2025-01-15 15:14:14', 'YYYY-MM-DD HH24:MI:SS'));
INSERT INTO django_admin_log VALUES(427,'398','Beggars Bush vs The Greyhound on 2025-03-04',3,'',10,14, TO_TIMESTAMP('2025-01-15 15:14:14', 'YYYY-MM-DD HH24:MI:SS'));
INSERT INTO django_admin_log VALUES(428,'397','Boldmere Sports Soc vs Boldmere Lounge on 2025-03-02',3,'',10,14, TO_TIMESTAMP('2025-01-15 15:14:14', 'YYYY-MM-DD HH24:MI:SS'));
INSERT INTO django_admin_log VALUES(429,'396','Digby Dogs vs Second City on 2025-03-03',3,'',10,14, TO_TIMESTAMP('2025-01-15 15:14:14', 'YYYY-MM-DD HH24:MI:SS'));
INSERT INTO django_admin_log VALUES(430,'395','Hollyfields vs Sutton Sports on 2025-03-03',3,'',10,14, TO_TIMESTAMP('2025-01-15 15:14:14', 'YYYY-MM-DD HH24:MI:SS'));
INSERT INTO django_admin_log VALUES(431,'394','The Boot vs The Hounds on 2025-03-04',3,'',10,14, TO_TIMESTAMP('2025-01-15 15:14:14', 'YYYY-MM-DD HH24:MI:SS'));
INSERT INTO django_admin_log VALUES(432,'393','ALL 4 ONE vs Boldmere Sports Soc on 2025-03-04',3,'',10,14, TO_TIMESTAMP('2025-01-15 15:14:14', 'YYYY-MM-DD HH24:MI:SS'));
INSERT INTO django_admin_log VALUES(433,'392','The Greyhound vs Pint Pot on 2025-03-02',3,'',10,14, TO_TIMESTAMP('2025-01-15 15:14:14', 'YYYY-MM-DD HH24:MI:SS'));
INSERT INTO django_admin_log VALUES(434,'391','Beggars Bush vs Boldmere Lounge on 2025-03-04',3,'',10,14, TO_TIMESTAMP('2025-01-15 15:14:14', 'YYYY-MM-DD HH24:MI:SS'));
INSERT INTO django_admin_log VALUES(435,'390','Second City vs Hollyfields on 2025-03-03',3,'',10,14, TO_TIMESTAMP('2025-01-15 15:14:14', 'YYYY-MM-DD HH24:MI:SS'));
INSERT INTO django_admin_log VALUES(436,'389','Sutton Sports vs Digby Dogs on 2025-03-03',3,'',10,14, TO_TIMESTAMP('2025-01-15 15:14:14', 'YYYY-MM-DD HH24:MI:SS'));
INSERT INTO django_admin_log VALUES(437,'388','Beggars Bush vs The Boot on 2025-02-04',3,'',10,14, TO_TIMESTAMP('2025-01-15 15:14:14', 'YYYY-MM-DD HH24:MI:SS'));
INSERT INTO django_admin_log VALUES(438,'387','Second City vs The Hounds on 2025-02-03',3,'',10,14, TO_TIMESTAMP('2025-01-15 15:14:14', 'YYYY-MM-DD HH24:MI:SS'));
INSERT INTO django_admin_log VALUES(439,'386','Hollyfields vs ALL 4 ONE on 2025-02-03',3,'',10,14, TO_TIMESTAMP('2025-01-15 15:14:14', 'YYYY-MM-DD HH24:MI:SS'));
INSERT INTO django_admin_log VALUES(440,'385','Sutton Sports vs Boldmere Sports Soc on 2025-02-03',3,'',10,14, TO_TIMESTAMP('2025-01-15 15:14:14', 'YYYY-MM-DD HH24:MI:SS'));
INSERT INTO django_admin_log VALUES(441,'384','Digby Dogs vs The Greyhound on 2025-02-03',3,'',10,14, TO_TIMESTAMP('2025-01-15 15:14:14', 'YYYY-MM-DD HH24:MI:SS'));
INSERT INTO django_admin_log VALUES(442,'383','Boldmere Lounge vs Pint Pot on 2025-02-03',3,'',10,14, TO_TIMESTAMP('2025-01-15 15:14:14', 'YYYY-MM-DD HH24:MI:SS'));
INSERT INTO django_admin_log VALUES(443,'382','The Boot vs Boldmere Lounge on 2025-02-04',3,'',10,14, TO_TIMESTAMP('2025-01-15 15:14:14', 'YYYY-MM-DD HH24:MI:SS'));
INSERT INTO django_admin_log VALUES(444,'381','The Hounds vs Beggars Bush on 2025-02-03',3,'',10,14, TO_TIMESTAMP('2025-01-15 15:14:14', 'YYYY-MM-DD HH24:MI:SS'));
INSERT INTO django_admin_log VALUES(445,'380','ALL 4 ONE vs Second City on 2025-02-04',3,'',10,14, TO_TIMESTAMP('2025-01-15 15:14:14', 'YYYY-MM-DD HH24:MI:SS'));
INSERT INTO django_admin_log VALUES(446,'379','Boldmere Sports Soc vs Hollyfields on 2025-02-02',3,'',10,14, TO_TIMESTAMP('2025-01-15 15:14:14', 'YYYY-MM-DD HH24:MI:SS'));
INSERT INTO django_admin_log VALUES(447,'378','The Greyhound vs Sutton Sports on 2025-02-02',3,'',10,14, TO_TIMESTAMP('2025-01-15 15:14:14', 'YYYY-MM-DD HH24:MI:SS'));
INSERT INTO django_admin_log VALUES(448,'377','Pint Pot vs Digby Dogs on 2025-02-03',3,'',10,14, TO_TIMESTAMP('2025-01-15 15:14:14', 'YYYY-MM-DD HH24:MI:SS'));
INSERT INTO django_admin_log VALUES(449,'376','X vs Sutton Sports on 2025-01-02',3,'',10,14, TO_TIMESTAMP('2025-01-15 15:14:14', 'YYYY-MM-DD HH24:MI:SS'));
INSERT INTO django_admin_log VALUES(450,'375','ALL 4 ONE vs Digby Dogs on 2025-01-04',3,'',10,14, TO_TIMESTAMP('2025-01-15 15:14:14', 'YYYY-MM-DD HH24:MI:SS'));
INSERT INTO django_admin_log VALUES(451,'374','Boldmere Sports Soc vs Pint Pot on 2025-01-02',3,'',10,14, TO_TIMESTAMP('2025-01-15 15:14:14', 'YYYY-MM-DD HH24:MI:SS'));
INSERT INTO django_admin_log VALUES(452,'373','The Greyhound vs Boldmere Lounge on 2025-01-02',3,'',10,14, TO_TIMESTAMP('2025-01-15 15:14:14', 'YYYY-MM-DD HH24:MI:SS'));
INSERT INTO django_admin_log VALUES(453,'372','Beggars Bush vs Second City on 2025-01-04',3,'',10,14, TO_TIMESTAMP('2025-01-15 15:14:14', 'YYYY-MM-DD HH24:MI:SS'));
INSERT INTO django_admin_log VALUES(454,'371','Hollyfields vs The Hounds on 2025-01-03',3,'',10,14, TO_TIMESTAMP('2025-01-15 15:14:14', 'YYYY-MM-DD HH24:MI:SS'));
INSERT INTO django_admin_log VALUES(455,'370','Boldmere Sports Soc vs The Greyhound on 2025-01-02',3,'',10,14, TO_TIMESTAMP('2025-01-15 15:14:14', 'YYYY-MM-DD HH24:MI:SS'));
INSERT INTO django_admin_log VALUES(456,'369','The Hounds vs Boldmere Lounge on 2025-01-03',3,'',10,14, TO_TIMESTAMP('2025-01-15 15:14:14', 'YYYY-MM-DD HH24:MI:SS'));
INSERT INTO django_admin_log VALUES(457,'368','ALL 4 ONE vs Beggars Bush on 2025-01-04',3,'',10,14, TO_TIMESTAMP('2025-01-15 15:14:14', 'YYYY-MM-DD HH24:MI:SS'));
INSERT INTO django_admin_log VALUES(458,'367','Second City vs X on 2025-01-03',3,'',10,14, TO_TIMESTAMP('2025-01-15 15:14:14', 'YYYY-MM-DD HH24:MI:SS'));
INSERT INTO django_admin_log VALUES(459,'366','Sutton Sports vs Pint Pot on 2025-01-03',3,'',10,14, TO_TIMESTAMP('2025-01-15 15:14:14', 'YYYY-MM-DD HH24:MI:SS'));
INSERT INTO django_admin_log VALUES(460,'365','Digby Dogs vs Hollyfields on 2025-01-03',3,'',10,14, TO_TIMESTAMP('2025-01-15 15:14:14', 'YYYY-MM-DD HH24:MI:SS'));
INSERT INTO django_admin_log VALUES(461,'364','Boldmere Sports Soc vs X on 2025-01-02',3,'',10,14, TO_TIMESTAMP('2025-01-15 15:14:14', 'YYYY-MM-DD HH24:MI:SS'));
INSERT INTO django_admin_log VALUES(462,'363','The Greyhound vs ALL 4 ONE on 2025-01-02',3,'',10,14, TO_TIMESTAMP('2025-01-15 15:14:14', 'YYYY-MM-DD HH24:MI:SS'));
INSERT INTO django_admin_log VALUES(463,'362','Beggars Bush vs Pint Pot on 2025-01-04',3,'',10,14, TO_TIMESTAMP('2025-01-15 15:14:14', 'YYYY-MM-DD HH24:MI:SS'));
INSERT INTO django_admin_log VALUES(464,'361','Hollyfields vs Boldmere Lounge on 2025-01-03',3,'',10,14, TO_TIMESTAMP('2025-01-15 15:14:14', 'YYYY-MM-DD HH24:MI:SS'));
INSERT INTO django_admin_log VALUES(465,'360','Second City vs Sutton Sports on 2025-01-03',3,'',10,14, TO_TIMESTAMP('2025-01-15 15:14:14', 'YYYY-MM-DD HH24:MI:SS'));
INSERT INTO django_admin_log VALUES(466,'359','Digby Dogs vs The Hounds on 2025-01-03',3,'',10,14, TO_TIMESTAMP('2025-01-15 15:14:14', 'YYYY-MM-DD HH24:MI:SS'));
INSERT INTO django_admin_log VALUES(467,'358','The Hounds vs Boldmere Sports Soc on 2024-12-03',3,'',10,14, TO_TIMESTAMP('2025-01-15 15:14:14', 'YYYY-MM-DD HH24:MI:SS'));
INSERT INTO django_admin_log VALUES(468,'357','X vs The Greyhound on 2024-12-02',3,'',10,14, TO_TIMESTAMP('2025-01-15 15:14:14', 'YYYY-MM-DD HH24:MI:SS'));
INSERT INTO django_admin_log VALUES(469,'356','Boldmere Lounge vs Second City on 2024-12-03',3,'',10,14, TO_TIMESTAMP('2025-01-15 15:14:14', 'YYYY-MM-DD HH24:MI:SS'));
INSERT INTO django_admin_log VALUES(470,'355','Beggars Bush vs Digby Dogs on 2024-12-04',3,'',10,14, TO_TIMESTAMP('2025-01-15 15:14:14', 'YYYY-MM-DD HH24:MI:SS'));
INSERT INTO django_admin_log VALUES(471,'354','Pint Pot vs Hollyfields on 2024-12-03',3,'',10,14, TO_TIMESTAMP('2025-01-15 15:14:14', 'YYYY-MM-DD HH24:MI:SS'));
INSERT INTO django_admin_log VALUES(472,'353','Sutton Sports vs ALL 4 ONE on 2024-12-03',3,'',10,14, TO_TIMESTAMP('2025-01-15 15:14:14', 'YYYY-MM-DD HH24:MI:SS'));
INSERT INTO django_admin_log VALUES(473,'352','The Hounds vs The Greyhound on 2024-12-03',3,'',10,14, TO_TIMESTAMP('2025-01-15 15:14:14', 'YYYY-MM-DD HH24:MI:SS'));
INSERT INTO django_admin_log VALUES(474,'351','Second City vs Boldmere Sports Soc on 2024-12-03',3,'',10,14, TO_TIMESTAMP('2025-01-15 15:14:14', 'YYYY-MM-DD HH24:MI:SS'));
INSERT INTO django_admin_log VALUES(475,'350','Beggars Bush vs Sutton Sports on 2024-12-04',3,'',10,14, TO_TIMESTAMP('2025-01-15 15:14:14', 'YYYY-MM-DD HH24:MI:SS'));
INSERT INTO django_admin_log VALUES(476,'349','X vs Hollyfields on 2024-12-02',3,'',10,14, TO_TIMESTAMP('2025-01-15 15:14:14', 'YYYY-MM-DD HH24:MI:SS'));
INSERT INTO django_admin_log VALUES(477,'348','Boldmere Lounge vs Digby Dogs on 2024-12-03',3,'',10,14, TO_TIMESTAMP('2025-01-15 15:14:14', 'YYYY-MM-DD HH24:MI:SS'));
INSERT INTO django_admin_log VALUES(478,'347','ALL 4 ONE vs Pint Pot on 2024-12-04',3,'',10,14, TO_TIMESTAMP('2025-01-15 15:14:14', 'YYYY-MM-DD HH24:MI:SS'));
INSERT INTO django_admin_log VALUES(479,'346','Boldmere Sports Soc vs Digby Dogs on 2024-11-02',3,'',10,14, TO_TIMESTAMP('2025-01-15 15:14:14', 'YYYY-MM-DD HH24:MI:SS'));
INSERT INTO django_admin_log VALUES(480,'345','The Greyhound vs Second City on 2024-11-02',3,'',10,14, TO_TIMESTAMP('2025-01-15 15:14:14', 'YYYY-MM-DD HH24:MI:SS'));
INSERT INTO django_admin_log VALUES(481,'344','Sutton Sports vs Boldmere Lounge on 2024-11-03',3,'',10,14, TO_TIMESTAMP('2025-01-15 15:14:14', 'YYYY-MM-DD HH24:MI:SS'));
INSERT INTO django_admin_log VALUES(482,'343','Hollyfields vs Beggars Bush on 2024-11-03',3,'',10,14, TO_TIMESTAMP('2025-01-15 15:14:14', 'YYYY-MM-DD HH24:MI:SS'));
INSERT INTO django_admin_log VALUES(483,'342','X vs ALL 4 ONE on 2024-11-02',3,'',10,14, TO_TIMESTAMP('2025-01-15 15:14:20', 'YYYY-MM-DD HH24:MI:SS'));
INSERT INTO django_admin_log VALUES(484,'341','Pint Pot vs The Hounds on 2024-11-03',3,'',10,14, TO_TIMESTAMP('2025-01-15 15:14:20', 'YYYY-MM-DD HH24:MI:SS'));
INSERT INTO django_admin_log VALUES(485,'340','ALL 4 ONE vs Boldmere Lounge on 2024-11-04',3,'',10,14, TO_TIMESTAMP('2025-01-15 15:14:20', 'YYYY-MM-DD HH24:MI:SS'));
INSERT INTO django_admin_log VALUES(486,'339','The Hounds vs Sutton Sports on 2024-11-03',3,'',10,14, TO_TIMESTAMP('2025-01-15 15:14:20', 'YYYY-MM-DD HH24:MI:SS'));
INSERT INTO django_admin_log VALUES(487,'338','Beggars Bush vs Boldmere Sports Soc on 2024-11-04',3,'',10,14, TO_TIMESTAMP('2025-01-15 15:14:20', 'YYYY-MM-DD HH24:MI:SS'));
INSERT INTO django_admin_log VALUES(488,'337','Hollyfields vs The Greyhound on 2024-11-03',3,'',10,14, TO_TIMESTAMP('2025-01-15 15:14:20', 'YYYY-MM-DD HH24:MI:SS'));
INSERT INTO django_admin_log VALUES(489,'336','Pint Pot vs Second City on 2024-11-03',3,'',10,14, TO_TIMESTAMP('2025-01-15 15:14:20', 'YYYY-MM-DD HH24:MI:SS'));
INSERT INTO django_admin_log VALUES(490,'335','Digby Dogs vs X on 2024-11-03',3,'',10,14, TO_TIMESTAMP('2025-01-15 15:14:20', 'YYYY-MM-DD HH24:MI:SS'));
INSERT INTO django_admin_log VALUES(491,'334','X vs Pint Pot on 2024-11-02',3,'',10,14, TO_TIMESTAMP('2025-01-15 15:14:20', 'YYYY-MM-DD HH24:MI:SS'));
INSERT INTO django_admin_log VALUES(492,'333','ALL 4 ONE vs The Hounds on 2024-11-04',3,'',10,14, TO_TIMESTAMP('2025-01-15 15:14:20', 'YYYY-MM-DD HH24:MI:SS'));
INSERT INTO django_admin_log VALUES(493,'332','The Greyhound vs Beggars Bush on 2024-11-02',3,'',10,14, TO_TIMESTAMP('2025-01-15 15:14:20', 'YYYY-MM-DD HH24:MI:SS'));
INSERT INTO django_admin_log VALUES(494,'331','Boldmere Lounge vs Boldmere Sports Soc on 2024-11-03',3,'',10,14, TO_TIMESTAMP('2025-01-15 15:14:20', 'YYYY-MM-DD HH24:MI:SS'));
INSERT INTO django_admin_log VALUES(495,'330','Second City vs Digby Dogs on 2024-11-03',3,'',10,14, TO_TIMESTAMP('2025-01-15 15:14:20', 'YYYY-MM-DD HH24:MI:SS'));
INSERT INTO django_admin_log VALUES(496,'329','Sutton Sports vs Hollyfields on 2024-11-03',3,'',10,14, TO_TIMESTAMP('2025-01-15 15:14:20', 'YYYY-MM-DD HH24:MI:SS'));
INSERT INTO django_admin_log VALUES(497,'328','The Hounds vs X on 2024-10-03',3,'',10,14, TO_TIMESTAMP('2025-01-15 15:14:20', 'YYYY-MM-DD HH24:MI:SS'));
INSERT INTO django_admin_log VALUES(498,'327','Boldmere Sports Soc vs ALL 4 ONE on 2024-10-02',3,'',10,14, TO_TIMESTAMP('2025-01-15 15:14:20', 'YYYY-MM-DD HH24:MI:SS'));
INSERT INTO django_admin_log VALUES(499,'326','Pint Pot vs The Greyhound on 2024-10-03',3,'',10,14, TO_TIMESTAMP('2025-01-15 15:14:20', 'YYYY-MM-DD HH24:MI:SS'));
INSERT INTO django_admin_log VALUES(500,'325','Boldmere Lounge vs Beggars Bush on 2024-10-03',3,'',10,14, TO_TIMESTAMP('2025-01-15 15:14:20', 'YYYY-MM-DD HH24:MI:SS'));
INSERT INTO django_admin_log VALUES(501,'324','Hollyfields vs Second City on 2024-10-03',3,'',10,14, TO_TIMESTAMP('2025-01-15 15:14:20', 'YYYY-MM-DD HH24:MI:SS'));
INSERT INTO django_admin_log VALUES(502,'323','Digby Dogs vs Sutton Sports on 2024-10-03',3,'',10,14, TO_TIMESTAMP('2025-01-15 15:14:20', 'YYYY-MM-DD HH24:MI:SS'));
INSERT INTO django_admin_log VALUES(503,'322','Boldmere Lounge vs X on 2024-10-03',3,'',10,14, TO_TIMESTAMP('2025-01-15 15:14:20', 'YYYY-MM-DD HH24:MI:SS'));
INSERT INTO django_admin_log VALUES(504,'321','Beggars Bush vs The Hounds on 2024-10-04',3,'',10,14, TO_TIMESTAMP('2025-01-15 15:14:20', 'YYYY-MM-DD HH24:MI:SS'));
INSERT INTO django_admin_log VALUES(505,'320','Second City vs ALL 4 ONE on 2024-10-03',3,'',10,14, TO_TIMESTAMP('2025-01-15 15:14:20', 'YYYY-MM-DD HH24:MI:SS'));
INSERT INTO django_admin_log VALUES(506,'319','Hollyfields vs Boldmere Sports Soc on 2024-10-03',3,'',10,14, TO_TIMESTAMP('2025-01-15 15:14:20', 'YYYY-MM-DD HH24:MI:SS'));
INSERT INTO django_admin_log VALUES(507,'318','Sutton Sports vs The Greyhound on 2024-10-03',3,'',10,14, TO_TIMESTAMP('2025-01-15 15:14:20', 'YYYY-MM-DD HH24:MI:SS'));
INSERT INTO django_admin_log VALUES(508,'317','Digby Dogs vs Pint Pot on 2024-10-03',3,'',10,14, TO_TIMESTAMP('2025-01-15 15:14:20', 'YYYY-MM-DD HH24:MI:SS'));
INSERT INTO django_admin_log VALUES(509,'316','X vs Beggars Bush on 2024-10-02',3,'',10,14, TO_TIMESTAMP('2025-01-15 15:14:20', 'YYYY-MM-DD HH24:MI:SS'));
INSERT INTO django_admin_log VALUES(510,'315','The Hounds vs Second City on 2024-10-03',3,'',10,14, TO_TIMESTAMP('2025-01-15 15:14:20', 'YYYY-MM-DD HH24:MI:SS'));
INSERT INTO django_admin_log VALUES(511,'314','ALL 4 ONE vs Hollyfields on 2024-10-04',3,'',10,14, TO_TIMESTAMP('2025-01-15 15:14:20', 'YYYY-MM-DD HH24:MI:SS'));
INSERT INTO django_admin_log VALUES(512,'313','Boldmere Sports Soc vs Sutton Sports on 2024-10-02',3,'',10,14, TO_TIMESTAMP('2025-01-15 15:14:20', 'YYYY-MM-DD HH24:MI:SS'));
INSERT INTO django_admin_log VALUES(513,'312','The Greyhound vs Digby Dogs on 2024-10-02',3,'',10,14, TO_TIMESTAMP('2025-01-15 15:14:20', 'YYYY-MM-DD HH24:MI:SS'));
INSERT INTO django_admin_log VALUES(514,'311','Pint Pot vs Boldmere Lounge on 2024-10-03',3,'',10,14, TO_TIMESTAMP('2025-01-15 15:14:20', 'YYYY-MM-DD HH24:MI:SS'));
INSERT INTO django_admin_log VALUES(515,'574','8 vs 17 on 2025-05-14',3,'',10,14, TO_TIMESTAMP('2025-01-17 13:40:50', 'YYYY-MM-DD HH24:MI:SS'));
INSERT INTO django_admin_log VALUES(516,'573','6 vs 7 on 2025-05-14',3,'',10,14, TO_TIMESTAMP('2025-01-17 13:40:50', 'YYYY-MM-DD HH24:MI:SS'));
INSERT INTO django_admin_log VALUES(517,'572','13 vs 15 on 2025-05-14',3,'',10,14, TO_TIMESTAMP('2025-01-17 13:40:50', 'YYYY-MM-DD HH24:MI:SS'));
INSERT INTO django_admin_log VALUES(518,'571','12 vs 14 on 2025-05-14',3,'',10,14, TO_TIMESTAMP('2025-01-17 13:40:50', 'YYYY-MM-DD HH24:MI:SS'));
INSERT INTO django_admin_log VALUES(519,'570','11 vs 10 on 2025-05-14',3,'',10,14, TO_TIMESTAMP('2025-01-17 13:40:50', 'YYYY-MM-DD HH24:MI:SS'));
INSERT INTO django_admin_log VALUES(520,'569','16 vs 9 on 2025-05-14',3,'',10,14, TO_TIMESTAMP('2025-01-17 13:40:50', 'YYYY-MM-DD HH24:MI:SS'));
INSERT INTO django_admin_log VALUES(521,'568','14 vs 15 on 2025-05-06',3,'',10,14, TO_TIMESTAMP('2025-01-17 13:40:50', 'YYYY-MM-DD HH24:MI:SS'));
INSERT INTO django_admin_log VALUES(522,'567','12 vs 16 on 2025-05-07',3,'',10,14, TO_TIMESTAMP('2025-01-17 13:40:50', 'YYYY-MM-DD HH24:MI:SS'));
INSERT INTO django_admin_log VALUES(523,'566','10 vs 7 on 2025-05-08',3,'',10,14, TO_TIMESTAMP('2025-01-17 13:40:50', 'YYYY-MM-DD HH24:MI:SS'));
INSERT INTO django_admin_log VALUES(524,'565','17 vs 11 on 2025-05-08',3,'',10,14, TO_TIMESTAMP('2025-01-17 13:40:50', 'YYYY-MM-DD HH24:MI:SS'));
INSERT INTO django_admin_log VALUES(525,'564','13 vs 8 on 2025-05-07',3,'',10,14, TO_TIMESTAMP('2025-01-17 13:40:50', 'YYYY-MM-DD HH24:MI:SS'));
INSERT INTO django_admin_log VALUES(526,'563','9 vs 6 on 2025-05-07',3,'',10,14, TO_TIMESTAMP('2025-01-17 13:40:50', 'YYYY-MM-DD HH24:MI:SS'));
INSERT INTO django_admin_log VALUES(527,'562','15 vs 16 on 2025-04-29',3,'',10,14, TO_TIMESTAMP('2025-01-17 13:40:50', 'YYYY-MM-DD HH24:MI:SS'));
INSERT INTO django_admin_log VALUES(528,'561','14 vs 17 on 2025-04-29',3,'',10,14, TO_TIMESTAMP('2025-01-17 13:40:50', 'YYYY-MM-DD HH24:MI:SS'));
INSERT INTO django_admin_log VALUES(529,'560','11 vs 12 on 2025-04-30',3,'',10,14, TO_TIMESTAMP('2025-01-17 13:40:50', 'YYYY-MM-DD HH24:MI:SS'));
INSERT INTO django_admin_log VALUES(530,'559','6 vs 10 on 2025-04-30',3,'',10,14, TO_TIMESTAMP('2025-01-17 13:40:50', 'YYYY-MM-DD HH24:MI:SS'));
INSERT INTO django_admin_log VALUES(531,'558','9 vs 13 on 2025-04-30',3,'',10,14, TO_TIMESTAMP('2025-01-17 13:40:50', 'YYYY-MM-DD HH24:MI:SS'));
INSERT INTO django_admin_log VALUES(532,'557','7 vs 8 on 2025-05-01',3,'',10,14, TO_TIMESTAMP('2025-01-17 13:40:50', 'YYYY-MM-DD HH24:MI:SS'));
INSERT INTO django_admin_log VALUES(533,'556','17 vs 15 on 2025-04-24',3,'',10,14, TO_TIMESTAMP('2025-01-17 13:40:50', 'YYYY-MM-DD HH24:MI:SS'));
INSERT INTO django_admin_log VALUES(534,'555','7 vs 14 on 2025-04-24',3,'',10,14, TO_TIMESTAMP('2025-01-17 13:40:50', 'YYYY-MM-DD HH24:MI:SS'));
INSERT INTO django_admin_log VALUES(535,'554','13 vs 10 on 2025-04-23',3,'',10,14, TO_TIMESTAMP('2025-01-17 13:40:50', 'YYYY-MM-DD HH24:MI:SS'));
INSERT INTO django_admin_log VALUES(536,'553','12 vs 9 on 2025-04-23',3,'',10,14, TO_TIMESTAMP('2025-01-17 13:40:50', 'YYYY-MM-DD HH24:MI:SS'));
INSERT INTO django_admin_log VALUES(537,'552','8 vs 11 on 2025-04-23',3,'',10,14, TO_TIMESTAMP('2025-01-17 13:40:50', 'YYYY-MM-DD HH24:MI:SS'));
INSERT INTO django_admin_log VALUES(538,'551','16 vs 6 on 2025-04-23',3,'',10,14, TO_TIMESTAMP('2025-01-17 13:40:50', 'YYYY-MM-DD HH24:MI:SS'));
INSERT INTO django_admin_log VALUES(539,'550','14 vs 16 on 2025-04-15',3,'',10,14, TO_TIMESTAMP('2025-01-17 13:40:50', 'YYYY-MM-DD HH24:MI:SS'));
INSERT INTO django_admin_log VALUES(540,'549','15 vs 11 on 2025-04-15',3,'',10,14, TO_TIMESTAMP('2025-01-17 13:40:50', 'YYYY-MM-DD HH24:MI:SS'));
INSERT INTO django_admin_log VALUES(541,'548','8 vs 10 on 2025-04-16',3,'',10,14, TO_TIMESTAMP('2025-01-17 13:40:50', 'YYYY-MM-DD HH24:MI:SS'));
INSERT INTO django_admin_log VALUES(542,'547','9 vs 17 on 2025-04-16',3,'',10,14, TO_TIMESTAMP('2025-01-17 13:40:50', 'YYYY-MM-DD HH24:MI:SS'));
INSERT INTO django_admin_log VALUES(543,'546','6 vs 12 on 2025-04-16',3,'',10,14, TO_TIMESTAMP('2025-01-17 13:40:50', 'YYYY-MM-DD HH24:MI:SS'));
INSERT INTO django_admin_log VALUES(544,'545','13 vs 7 on 2025-04-16',3,'',10,14, TO_TIMESTAMP('2025-01-17 13:40:50', 'YYYY-MM-DD HH24:MI:SS'));
INSERT INTO django_admin_log VALUES(545,'544','6 vs 15 on 2025-04-09',3,'',10,14, TO_TIMESTAMP('2025-01-17 13:40:50', 'YYYY-MM-DD HH24:MI:SS'));
INSERT INTO django_admin_log VALUES(546,'543','11 vs 14 on 2025-04-09',3,'',10,14, TO_TIMESTAMP('2025-01-17 13:40:50', 'YYYY-MM-DD HH24:MI:SS'));
INSERT INTO django_admin_log VALUES(547,'542','12 vs 8 on 2025-04-09',3,'',10,14, TO_TIMESTAMP('2025-01-17 13:40:50', 'YYYY-MM-DD HH24:MI:SS'));
INSERT INTO django_admin_log VALUES(548,'541','10 vs 9 on 2025-04-10',3,'',10,14, TO_TIMESTAMP('2025-01-17 13:40:50', 'YYYY-MM-DD HH24:MI:SS'));
INSERT INTO django_admin_log VALUES(549,'540','7 vs 17 on 2025-04-10',3,'',10,14, TO_TIMESTAMP('2025-01-17 13:40:50', 'YYYY-MM-DD HH24:MI:SS'));
INSERT INTO django_admin_log VALUES(550,'539','16 vs 13 on 2025-04-09',3,'',10,14, TO_TIMESTAMP('2025-01-17 13:40:50', 'YYYY-MM-DD HH24:MI:SS'));
INSERT INTO django_admin_log VALUES(551,'538','12 vs 7 on 2025-04-02',3,'',10,14, TO_TIMESTAMP('2025-01-17 13:40:50', 'YYYY-MM-DD HH24:MI:SS'));
INSERT INTO django_admin_log VALUES(552,'537','8 vs 16 on 2025-04-02',3,'',10,14, TO_TIMESTAMP('2025-01-17 13:40:50', 'YYYY-MM-DD HH24:MI:SS'));
INSERT INTO django_admin_log VALUES(553,'536','15 vs 10 on 2025-04-01',3,'',10,14, TO_TIMESTAMP('2025-01-17 13:40:50', 'YYYY-MM-DD HH24:MI:SS'));
INSERT INTO django_admin_log VALUES(554,'535','14 vs 9 on 2025-04-01',3,'',10,14, TO_TIMESTAMP('2025-01-17 13:40:50', 'YYYY-MM-DD HH24:MI:SS'));
INSERT INTO django_admin_log VALUES(555,'534','11 vs 13 on 2025-04-02',3,'',10,14, TO_TIMESTAMP('2025-01-17 13:40:50', 'YYYY-MM-DD HH24:MI:SS'));
INSERT INTO django_admin_log VALUES(556,'533','BYE vs None on 2025-04-03',3,'',10,14, TO_TIMESTAMP('2025-01-17 13:40:50', 'YYYY-MM-DD HH24:MI:SS'));
INSERT INTO django_admin_log VALUES(557,'532','13 vs 17 on 2025-03-19',3,'',10,14, TO_TIMESTAMP('2025-01-17 13:40:50', 'YYYY-MM-DD HH24:MI:SS'));
INSERT INTO django_admin_log VALUES(558,'531','16 vs 7 on 2025-03-19',3,'',10,14, TO_TIMESTAMP('2025-01-17 13:40:50', 'YYYY-MM-DD HH24:MI:SS'));
INSERT INTO django_admin_log VALUES(559,'530','10 vs 14 on 2025-03-20',3,'',10,14, TO_TIMESTAMP('2025-01-17 13:40:50', 'YYYY-MM-DD HH24:MI:SS'));
INSERT INTO django_admin_log VALUES(560,'529','15 vs 12 on 2025-03-18',3,'',10,14, TO_TIMESTAMP('2025-01-17 13:40:50', 'YYYY-MM-DD HH24:MI:SS'));
INSERT INTO django_admin_log VALUES(561,'528','6 vs 11 on 2025-03-19',3,'',10,14, TO_TIMESTAMP('2025-01-17 13:40:50', 'YYYY-MM-DD HH24:MI:SS'));
INSERT INTO django_admin_log VALUES(562,'527','9 vs 8 on 2025-03-19',3,'',10,14, TO_TIMESTAMP('2025-01-17 13:40:50', 'YYYY-MM-DD HH24:MI:SS'));
INSERT INTO django_admin_log VALUES(563,'526','17 vs 16 on 2025-03-06',3,'',10,14, TO_TIMESTAMP('2025-01-17 13:40:50', 'YYYY-MM-DD HH24:MI:SS'));
INSERT INTO django_admin_log VALUES(564,'525','7 vs 15 on 2025-03-06',3,'',10,14, TO_TIMESTAMP('2025-01-17 13:40:50', 'YYYY-MM-DD HH24:MI:SS'));
INSERT INTO django_admin_log VALUES(565,'524','14 vs 13 on 2025-03-04',3,'',10,14, TO_TIMESTAMP('2025-01-17 13:40:50', 'YYYY-MM-DD HH24:MI:SS'));
INSERT INTO django_admin_log VALUES(566,'523','10 vs 12 on 2025-03-06',3,'',10,14, TO_TIMESTAMP('2025-01-17 13:40:50', 'YYYY-MM-DD HH24:MI:SS'));
INSERT INTO django_admin_log VALUES(567,'522','11 vs 9 on 2025-03-05',3,'',10,14, TO_TIMESTAMP('2025-01-17 13:40:50', 'YYYY-MM-DD HH24:MI:SS'));
INSERT INTO django_admin_log VALUES(568,'521','8 vs 6 on 2025-03-05',3,'',10,14, TO_TIMESTAMP('2025-01-17 13:40:50', 'YYYY-MM-DD HH24:MI:SS'));
INSERT INTO django_admin_log VALUES(569,'520','10 vs 17 on 2025-02-20',3,'',10,14, TO_TIMESTAMP('2025-01-17 13:40:50', 'YYYY-MM-DD HH24:MI:SS'));
INSERT INTO django_admin_log VALUES(570,'519','11 vs 16 on 2025-02-19',3,'',10,14, TO_TIMESTAMP('2025-01-17 13:40:50', 'YYYY-MM-DD HH24:MI:SS'));
INSERT INTO django_admin_log VALUES(571,'518','9 vs 7 on 2025-02-19',3,'',10,14, TO_TIMESTAMP('2025-01-17 13:40:50', 'YYYY-MM-DD HH24:MI:SS'));
INSERT INTO django_admin_log VALUES(572,'517','8 vs 15 on 2025-02-19',3,'',10,14, TO_TIMESTAMP('2025-01-17 13:40:50', 'YYYY-MM-DD HH24:MI:SS'));
INSERT INTO django_admin_log VALUES(573,'516','6 vs 14 on 2025-02-19',3,'',10,14, TO_TIMESTAMP('2025-01-17 13:40:50', 'YYYY-MM-DD HH24:MI:SS'));
INSERT INTO django_admin_log VALUES(574,'515','12 vs 13 on 2025-02-19',3,'',10,14, TO_TIMESTAMP('2025-01-17 13:40:50', 'YYYY-MM-DD HH24:MI:SS'));
INSERT INTO django_admin_log VALUES(575,'514','17 vs 12 on 2025-02-13',3,'',10,14, TO_TIMESTAMP('2025-01-17 13:40:50', 'YYYY-MM-DD HH24:MI:SS'));
INSERT INTO django_admin_log VALUES(576,'513','16 vs 10 on 2025-02-12',3,'',10,14, TO_TIMESTAMP('2025-01-17 13:40:50', 'YYYY-MM-DD HH24:MI:SS'));
INSERT INTO django_admin_log VALUES(577,'512','7 vs 11 on 2025-02-13',3,'',10,14, TO_TIMESTAMP('2025-01-17 13:40:50', 'YYYY-MM-DD HH24:MI:SS'));
INSERT INTO django_admin_log VALUES(578,'511','15 vs 9 on 2025-02-11',3,'',10,14, TO_TIMESTAMP('2025-01-17 13:40:50', 'YYYY-MM-DD HH24:MI:SS'));
INSERT INTO django_admin_log VALUES(579,'510','14 vs 8 on 2025-02-11',3,'',10,14, TO_TIMESTAMP('2025-01-17 13:40:50', 'YYYY-MM-DD HH24:MI:SS'));
INSERT INTO django_admin_log VALUES(580,'509','13 vs 6 on 2025-02-12',3,'',10,14, TO_TIMESTAMP('2025-01-17 13:40:50', 'YYYY-MM-DD HH24:MI:SS'));
INSERT INTO django_admin_log VALUES(581,'508','None vs 8 on 2025-01-21',3,'',10,14, TO_TIMESTAMP('2025-01-17 13:40:50', 'YYYY-MM-DD HH24:MI:SS'));
INSERT INTO django_admin_log VALUES(582,'507','7 vs 6 on 2025-01-23',3,'',10,14, TO_TIMESTAMP('2025-01-17 13:40:50', 'YYYY-MM-DD HH24:MI:SS'));
INSERT INTO django_admin_log VALUES(583,'506','15 vs 13 on 2025-01-21',3,'',10,14, TO_TIMESTAMP('2025-01-17 13:40:50', 'YYYY-MM-DD HH24:MI:SS'));
INSERT INTO django_admin_log VALUES(584,'505','14 vs 12 on 2025-01-21',3,'',10,14, TO_TIMESTAMP('2025-01-17 13:40:50', 'YYYY-MM-DD HH24:MI:SS'));
INSERT INTO django_admin_log VALUES(585,'504','10 vs 11 on 2025-01-23',3,'',10,14, TO_TIMESTAMP('2025-01-17 13:40:50', 'YYYY-MM-DD HH24:MI:SS'));
INSERT INTO django_admin_log VALUES(586,'503','9 vs 16 on 2025-01-22',3,'',10,14, TO_TIMESTAMP('2025-01-17 13:40:50', 'YYYY-MM-DD HH24:MI:SS'));
INSERT INTO django_admin_log VALUES(587,'502','15 vs 14 on 2025-01-14',3,'',10,14, TO_TIMESTAMP('2025-01-17 13:40:50', 'YYYY-MM-DD HH24:MI:SS'));
INSERT INTO django_admin_log VALUES(588,'501','16 vs 12 on 2025-01-15',3,'',10,14, TO_TIMESTAMP('2025-01-17 13:40:50', 'YYYY-MM-DD HH24:MI:SS'));
INSERT INTO django_admin_log VALUES(589,'500','7 vs 10 on 2025-01-16',3,'',10,14, TO_TIMESTAMP('2025-01-17 13:40:50', 'YYYY-MM-DD HH24:MI:SS'));
INSERT INTO django_admin_log VALUES(590,'499','BYE vs None on 2025-01-15',3,'',10,14, TO_TIMESTAMP('2025-01-17 13:40:50', 'YYYY-MM-DD HH24:MI:SS'));
INSERT INTO django_admin_log VALUES(591,'498','8 vs 13 on 2025-01-15',3,'',10,14, TO_TIMESTAMP('2025-01-17 13:40:50', 'YYYY-MM-DD HH24:MI:SS'));
INSERT INTO django_admin_log VALUES(592,'497','6 vs 9 on 2025-01-15',3,'',10,14, TO_TIMESTAMP('2025-01-17 13:40:50', 'YYYY-MM-DD HH24:MI:SS'));
INSERT INTO django_admin_log VALUES(593,'496','BYE vs None on 2025-01-07',3,'',10,14, TO_TIMESTAMP('2025-01-17 13:40:50', 'YYYY-MM-DD HH24:MI:SS'));
INSERT INTO django_admin_log VALUES(594,'495','14 vs 7 on 2025-01-07',3,'',10,14, TO_TIMESTAMP('2025-01-17 13:40:50', 'YYYY-MM-DD HH24:MI:SS'));
INSERT INTO django_admin_log VALUES(595,'494','10 vs 13 on 2025-01-09',3,'',10,14, TO_TIMESTAMP('2025-01-17 13:40:50', 'YYYY-MM-DD HH24:MI:SS'));
INSERT INTO django_admin_log VALUES(596,'493','9 vs 12 on 2025-01-08',3,'',10,14, TO_TIMESTAMP('2025-01-17 13:40:50', 'YYYY-MM-DD HH24:MI:SS'));
INSERT INTO django_admin_log VALUES(597,'492','11 vs 8 on 2025-01-08',3,'',10,14, TO_TIMESTAMP('2025-01-17 13:40:50', 'YYYY-MM-DD HH24:MI:SS'));
INSERT INTO django_admin_log VALUES(598,'491','6 vs 16 on 2025-01-08',3,'',10,14, TO_TIMESTAMP('2025-01-17 13:40:50', 'YYYY-MM-DD HH24:MI:SS'));
INSERT INTO django_admin_log VALUES(599,'490','16 vs 15 on 2024-12-11',3,'',10,14, TO_TIMESTAMP('2025-01-17 13:40:50', 'YYYY-MM-DD HH24:MI:SS'));
INSERT INTO django_admin_log VALUES(600,'489','None vs 14 on 2024-12-10',3,'',10,14, TO_TIMESTAMP('2025-01-17 13:40:50', 'YYYY-MM-DD HH24:MI:SS'));
INSERT INTO django_admin_log VALUES(601,'488','12 vs 11 on 2024-12-11',3,'',10,14, TO_TIMESTAMP('2025-01-17 13:40:50', 'YYYY-MM-DD HH24:MI:SS'));
INSERT INTO django_admin_log VALUES(602,'487','10 vs 6 on 2024-12-12',3,'',10,14, TO_TIMESTAMP('2025-01-17 13:40:50', 'YYYY-MM-DD HH24:MI:SS'));
INSERT INTO django_admin_log VALUES(603,'486','13 vs 9 on 2024-12-11',3,'',10,14, TO_TIMESTAMP('2025-01-17 13:40:50', 'YYYY-MM-DD HH24:MI:SS'));
INSERT INTO django_admin_log VALUES(604,'485','8 vs 7 on 2024-12-11',3,'',10,14, TO_TIMESTAMP('2025-01-17 13:40:50', 'YYYY-MM-DD HH24:MI:SS'));
INSERT INTO django_admin_log VALUES(605,'484','16 vs 14 on 2024-12-04',3,'',10,14, TO_TIMESTAMP('2025-01-17 13:40:50', 'YYYY-MM-DD HH24:MI:SS'));
INSERT INTO django_admin_log VALUES(606,'483','11 vs 15 on 2024-12-04',3,'',10,14, TO_TIMESTAMP('2025-01-17 13:40:50', 'YYYY-MM-DD HH24:MI:SS'));
INSERT INTO django_admin_log VALUES(607,'482','10 vs 8 on 2024-12-05',3,'',10,14, TO_TIMESTAMP('2025-01-17 13:40:50', 'YYYY-MM-DD HH24:MI:SS'));
INSERT INTO django_admin_log VALUES(608,'481','None vs 9 on 2024-12-03',3,'',10,14, TO_TIMESTAMP('2025-01-17 13:40:50', 'YYYY-MM-DD HH24:MI:SS'));
INSERT INTO django_admin_log VALUES(609,'480','12 vs 6 on 2024-12-04',3,'',10,14, TO_TIMESTAMP('2025-01-17 13:40:50', 'YYYY-MM-DD HH24:MI:SS'));
INSERT INTO django_admin_log VALUES(610,'479','7 vs 13 on 2024-12-05',3,'',10,14, TO_TIMESTAMP('2025-01-17 13:40:50', 'YYYY-MM-DD HH24:MI:SS'));
INSERT INTO django_admin_log VALUES(611,'478','15 vs 6 on 2024-11-19',3,'',10,14, TO_TIMESTAMP('2025-01-17 13:40:50', 'YYYY-MM-DD HH24:MI:SS'));
INSERT INTO django_admin_log VALUES(612,'477','14 vs 11 on 2024-11-19',3,'',10,14, TO_TIMESTAMP('2025-01-17 13:40:50', 'YYYY-MM-DD HH24:MI:SS'));
INSERT INTO django_admin_log VALUES(613,'476','8 vs 12 on 2024-11-20',3,'',10,14, TO_TIMESTAMP('2025-01-17 13:40:50', 'YYYY-MM-DD HH24:MI:SS'));
INSERT INTO django_admin_log VALUES(614,'475','9 vs 10 on 2024-11-20',3,'',10,14, TO_TIMESTAMP('2025-01-17 13:40:50', 'YYYY-MM-DD HH24:MI:SS'));
INSERT INTO django_admin_log VALUES(615,'474','None vs 7 on 2024-11-19',3,'',10,14, TO_TIMESTAMP('2025-01-17 13:40:55', 'YYYY-MM-DD HH24:MI:SS'));
INSERT INTO django_admin_log VALUES(616,'473','13 vs 16 on 2024-11-20',3,'',10,14, TO_TIMESTAMP('2025-01-17 13:40:55', 'YYYY-MM-DD HH24:MI:SS'));
INSERT INTO django_admin_log VALUES(617,'472','7 vs 12 on 2024-11-12',3,'',10,14, TO_TIMESTAMP('2025-01-17 13:40:55', 'YYYY-MM-DD HH24:MI:SS'));
INSERT INTO django_admin_log VALUES(618,'471','16 vs 8 on 2024-11-13',3,'',10,14, TO_TIMESTAMP('2025-01-17 13:40:55', 'YYYY-MM-DD HH24:MI:SS'));
INSERT INTO django_admin_log VALUES(619,'470','10 vs 15 on 2024-11-14',3,'',10,14, TO_TIMESTAMP('2025-01-17 13:40:55', 'YYYY-MM-DD HH24:MI:SS'));
INSERT INTO django_admin_log VALUES(620,'469','9 vs 14 on 2024-11-13',3,'',10,14, TO_TIMESTAMP('2025-01-17 13:40:55', 'YYYY-MM-DD HH24:MI:SS'));
INSERT INTO django_admin_log VALUES(621,'468','13 vs 11 on 2024-11-13',3,'',10,14, TO_TIMESTAMP('2025-01-17 13:40:55', 'YYYY-MM-DD HH24:MI:SS'));
INSERT INTO django_admin_log VALUES(622,'467','BYE vs None on 2024-11-13',3,'',10,14, TO_TIMESTAMP('2025-01-17 13:40:55', 'YYYY-MM-DD HH24:MI:SS'));
INSERT INTO django_admin_log VALUES(623,'466','None vs 13 on 2024-11-05',3,'',10,14, TO_TIMESTAMP('2025-01-17 13:40:55', 'YYYY-MM-DD HH24:MI:SS'));
INSERT INTO django_admin_log VALUES(624,'465','7 vs 16 on 2024-11-07',3,'',10,14, TO_TIMESTAMP('2025-01-17 13:40:55', 'YYYY-MM-DD HH24:MI:SS'));
INSERT INTO django_admin_log VALUES(625,'464','14 vs 10 on 2024-11-05',3,'',10,14, TO_TIMESTAMP('2025-01-17 13:40:55', 'YYYY-MM-DD HH24:MI:SS'));
INSERT INTO django_admin_log VALUES(626,'463','12 vs 15 on 2024-11-06',3,'',10,14, TO_TIMESTAMP('2025-01-17 13:40:55', 'YYYY-MM-DD HH24:MI:SS'));
INSERT INTO django_admin_log VALUES(627,'462','11 vs 6 on 2024-11-06',3,'',10,14, TO_TIMESTAMP('2025-01-17 13:40:55', 'YYYY-MM-DD HH24:MI:SS'));
INSERT INTO django_admin_log VALUES(628,'461','8 vs 9 on 2024-11-06',3,'',10,14, TO_TIMESTAMP('2025-01-17 13:40:55', 'YYYY-MM-DD HH24:MI:SS'));
INSERT INTO django_admin_log VALUES(629,'460','BYE vs None on 2024-10-16',3,'',10,14, TO_TIMESTAMP('2025-01-17 13:40:55', 'YYYY-MM-DD HH24:MI:SS'));
INSERT INTO django_admin_log VALUES(630,'459','15 vs 7 on 2024-10-15',3,'',10,14, TO_TIMESTAMP('2025-01-17 13:40:55', 'YYYY-MM-DD HH24:MI:SS'));
INSERT INTO django_admin_log VALUES(631,'458','13 vs 14 on 2024-10-16',3,'',10,14, TO_TIMESTAMP('2025-01-17 13:40:55', 'YYYY-MM-DD HH24:MI:SS'));
INSERT INTO django_admin_log VALUES(632,'457','12 vs 10 on 2024-10-16',3,'',10,14, TO_TIMESTAMP('2025-01-17 13:40:55', 'YYYY-MM-DD HH24:MI:SS'));
INSERT INTO django_admin_log VALUES(633,'456','9 vs 11 on 2024-10-16',3,'',10,14, TO_TIMESTAMP('2025-01-17 13:40:55', 'YYYY-MM-DD HH24:MI:SS'));
INSERT INTO django_admin_log VALUES(634,'455','6 vs 8 on 2024-10-16',3,'',10,14, TO_TIMESTAMP('2025-01-17 13:40:55', 'YYYY-MM-DD HH24:MI:SS'));
INSERT INTO django_admin_log VALUES(635,'454','BYE vs None on 2024-10-09',3,'',10,14, TO_TIMESTAMP('2025-01-17 13:40:55', 'YYYY-MM-DD HH24:MI:SS'));
INSERT INTO django_admin_log VALUES(636,'453','10 vs 16 on 2024-10-10',3,'',10,14, TO_TIMESTAMP('2025-01-17 13:40:55', 'YYYY-MM-DD HH24:MI:SS'));
INSERT INTO django_admin_log VALUES(637,'452','11 vs 7 on 2024-10-09',3,'',10,14, TO_TIMESTAMP('2025-01-17 13:40:55', 'YYYY-MM-DD HH24:MI:SS'));
INSERT INTO django_admin_log VALUES(638,'451','9 vs 15 on 2024-10-09',3,'',10,14, TO_TIMESTAMP('2025-01-17 13:40:55', 'YYYY-MM-DD HH24:MI:SS'));
INSERT INTO django_admin_log VALUES(639,'450','8 vs 14 on 2024-10-09',3,'',10,14, TO_TIMESTAMP('2025-01-17 13:40:55', 'YYYY-MM-DD HH24:MI:SS'));
INSERT INTO django_admin_log VALUES(640,'449','6 vs 13 on 2024-10-09',3,'',10,14, TO_TIMESTAMP('2025-01-17 13:40:55', 'YYYY-MM-DD HH24:MI:SS'));
INSERT INTO django_admin_log VALUES(641,'448','None vs 10 on 2024-10-01',3,'',10,14, TO_TIMESTAMP('2025-01-17 13:40:55', 'YYYY-MM-DD HH24:MI:SS'));
INSERT INTO django_admin_log VALUES(642,'447','16 vs 11 on 2024-10-02',3,'',10,14, TO_TIMESTAMP('2025-01-17 13:40:55', 'YYYY-MM-DD HH24:MI:SS'));
INSERT INTO django_admin_log VALUES(643,'446','7 vs 9 on 2024-10-03',3,'',10,14, TO_TIMESTAMP('2025-01-17 13:40:55', 'YYYY-MM-DD HH24:MI:SS'));
INSERT INTO django_admin_log VALUES(644,'445','15 vs 8 on 2024-10-01',3,'',10,14, TO_TIMESTAMP('2025-01-17 13:40:55', 'YYYY-MM-DD HH24:MI:SS'));
INSERT INTO django_admin_log VALUES(645,'444','14 vs 6 on 2024-10-01',3,'',10,14, TO_TIMESTAMP('2025-01-17 13:40:55', 'YYYY-MM-DD HH24:MI:SS'));
INSERT INTO django_admin_log VALUES(646,'443','13 vs 12 on 2024-10-02',3,'',10,14, TO_TIMESTAMP('2025-01-17 13:40:55', 'YYYY-MM-DD HH24:MI:SS'));
INSERT INTO django_admin_log VALUES(647,'706','Sutton Sports vs The Boot on 2025-05-03',3,'',10,14, TO_TIMESTAMP('2025-01-17 14:02:25', 'YYYY-MM-DD HH24:MI:SS'));
INSERT INTO django_admin_log VALUES(648,'705','Digby Dogs vs ALL 4 ONE on 2025-05-03',3,'',10,14, TO_TIMESTAMP('2025-01-17 14:02:25', 'YYYY-MM-DD HH24:MI:SS'));
INSERT INTO django_admin_log VALUES(649,'704','Pint Pot vs Boldmere Sports Soc on 2025-05-03',3,'',10,14, TO_TIMESTAMP('2025-01-17 14:02:25', 'YYYY-MM-DD HH24:MI:SS'));
INSERT INTO django_admin_log VALUES(650,'703','Boldmere Lounge vs The Greyhound on 2025-05-03',3,'',10,14, TO_TIMESTAMP('2025-01-17 14:02:25', 'YYYY-MM-DD HH24:MI:SS'));
INSERT INTO django_admin_log VALUES(651,'702','Second City vs Beggars Bush on 2025-05-03',3,'',10,14, TO_TIMESTAMP('2025-01-17 14:02:25', 'YYYY-MM-DD HH24:MI:SS'));
INSERT INTO django_admin_log VALUES(652,'701','The Hounds vs Hollyfields on 2025-05-03',3,'',10,14, TO_TIMESTAMP('2025-01-17 14:02:25', 'YYYY-MM-DD HH24:MI:SS'));
INSERT INTO django_admin_log VALUES(653,'700','The Greyhound vs Boldmere Sports Soc on 2025-05-02',3,'',10,14, TO_TIMESTAMP('2025-01-17 14:02:25', 'YYYY-MM-DD HH24:MI:SS'));
INSERT INTO django_admin_log VALUES(654,'699','Boldmere Lounge vs The Hounds on 2025-05-03',3,'',10,14, TO_TIMESTAMP('2025-01-17 14:02:25', 'YYYY-MM-DD HH24:MI:SS'));
INSERT INTO django_admin_log VALUES(655,'698','Beggars Bush vs ALL 4 ONE on 2025-05-04',3,'',10,14, TO_TIMESTAMP('2025-01-17 14:02:25', 'YYYY-MM-DD HH24:MI:SS'));
INSERT INTO django_admin_log VALUES(656,'697','The Boot vs Second City on 2025-05-04',3,'',10,14, TO_TIMESTAMP('2025-01-17 14:02:25', 'YYYY-MM-DD HH24:MI:SS'));
INSERT INTO django_admin_log VALUES(657,'696','Pint Pot vs Sutton Sports on 2025-05-03',3,'',10,14, TO_TIMESTAMP('2025-01-17 14:02:25', 'YYYY-MM-DD HH24:MI:SS'));
INSERT INTO django_admin_log VALUES(658,'695','Hollyfields vs Digby Dogs on 2025-05-03',3,'',10,14, TO_TIMESTAMP('2025-01-17 14:02:25', 'YYYY-MM-DD HH24:MI:SS'));
INSERT INTO django_admin_log VALUES(659,'694','Boldmere Sports Soc vs The Hounds on 2025-04-02',3,'',10,14, TO_TIMESTAMP('2025-01-17 14:02:25', 'YYYY-MM-DD HH24:MI:SS'));
INSERT INTO django_admin_log VALUES(660,'693','The Greyhound vs The Boot on 2025-04-02',3,'',10,14, TO_TIMESTAMP('2025-01-17 14:02:25', 'YYYY-MM-DD HH24:MI:SS'));
INSERT INTO django_admin_log VALUES(661,'692','Second City vs Boldmere Lounge on 2025-04-03',3,'',10,14, TO_TIMESTAMP('2025-01-17 14:02:25', 'YYYY-MM-DD HH24:MI:SS'));
INSERT INTO django_admin_log VALUES(662,'691','Digby Dogs vs Beggars Bush on 2025-04-03',3,'',10,14, TO_TIMESTAMP('2025-01-17 14:02:25', 'YYYY-MM-DD HH24:MI:SS'));
INSERT INTO django_admin_log VALUES(663,'690','Hollyfields vs Pint Pot on 2025-04-03',3,'',10,14, TO_TIMESTAMP('2025-01-17 14:02:25', 'YYYY-MM-DD HH24:MI:SS'));
INSERT INTO django_admin_log VALUES(664,'689','ALL 4 ONE vs Sutton Sports on 2025-05-04',3,'',10,14, TO_TIMESTAMP('2025-01-17 14:02:25', 'YYYY-MM-DD HH24:MI:SS'));
INSERT INTO django_admin_log VALUES(665,'688','The Boot vs Boldmere Sports Soc on 2025-04-04',3,'',10,14, TO_TIMESTAMP('2025-01-17 14:02:25', 'YYYY-MM-DD HH24:MI:SS'));
INSERT INTO django_admin_log VALUES(666,'687','ALL 4 ONE vs The Greyhound on 2025-04-04',3,'',10,14, TO_TIMESTAMP('2025-01-17 14:02:25', 'YYYY-MM-DD HH24:MI:SS'));
INSERT INTO django_admin_log VALUES(667,'686','Pint Pot vs Beggars Bush on 2025-04-03',3,'',10,14, TO_TIMESTAMP('2025-01-17 14:02:25', 'YYYY-MM-DD HH24:MI:SS'));
INSERT INTO django_admin_log VALUES(668,'685','Boldmere Lounge vs Hollyfields on 2025-04-03',3,'',10,14, TO_TIMESTAMP('2025-01-17 14:02:25', 'YYYY-MM-DD HH24:MI:SS'));
INSERT INTO django_admin_log VALUES(669,'684','Sutton Sports vs Second City on 2025-04-03',3,'',10,14, TO_TIMESTAMP('2025-01-17 14:02:25', 'YYYY-MM-DD HH24:MI:SS'));
INSERT INTO django_admin_log VALUES(670,'683','The Hounds vs Digby Dogs on 2025-04-03',3,'',10,14, TO_TIMESTAMP('2025-01-17 14:02:25', 'YYYY-MM-DD HH24:MI:SS'));
INSERT INTO django_admin_log VALUES(671,'682','The Greyhound vs The Hounds on 2025-04-02',3,'',10,14, TO_TIMESTAMP('2025-01-17 14:02:25', 'YYYY-MM-DD HH24:MI:SS'));
INSERT INTO django_admin_log VALUES(672,'681','Boldmere Sports Soc vs Second City on 2025-04-02',3,'',10,14, TO_TIMESTAMP('2025-01-17 14:02:25', 'YYYY-MM-DD HH24:MI:SS'));
INSERT INTO django_admin_log VALUES(673,'680','Sutton Sports vs Beggars Bush on 2025-04-03',3,'',10,14, TO_TIMESTAMP('2025-01-17 14:02:25', 'YYYY-MM-DD HH24:MI:SS'));
INSERT INTO django_admin_log VALUES(674,'679','Hollyfields vs The Boot on 2025-04-03',3,'',10,14, TO_TIMESTAMP('2025-01-17 14:02:25', 'YYYY-MM-DD HH24:MI:SS'));
INSERT INTO django_admin_log VALUES(675,'678','Digby Dogs vs Boldmere Lounge on 2025-04-03',3,'',10,14, TO_TIMESTAMP('2025-01-17 14:02:25', 'YYYY-MM-DD HH24:MI:SS'));
INSERT INTO django_admin_log VALUES(676,'677','Pint Pot vs ALL 4 ONE on 2025-04-03',3,'',10,14, TO_TIMESTAMP('2025-01-17 14:02:25', 'YYYY-MM-DD HH24:MI:SS'));
INSERT INTO django_admin_log VALUES(677,'676','Digby Dogs vs Boldmere Sports Soc on 2025-04-03',3,'',10,14, TO_TIMESTAMP('2025-01-17 14:02:25', 'YYYY-MM-DD HH24:MI:SS'));
INSERT INTO django_admin_log VALUES(678,'675','Second City vs The Greyhound on 2025-04-03',3,'',10,14, TO_TIMESTAMP('2025-01-17 14:02:25', 'YYYY-MM-DD HH24:MI:SS'));
INSERT INTO django_admin_log VALUES(679,'674','Boldmere Lounge vs Sutton Sports on 2025-04-03',3,'',10,14, TO_TIMESTAMP('2025-01-17 14:02:31', 'YYYY-MM-DD HH24:MI:SS'));
INSERT INTO django_admin_log VALUES(680,'673','Beggars Bush vs Hollyfields on 2025-04-04',3,'',10,14, TO_TIMESTAMP('2025-01-17 14:02:31', 'YYYY-MM-DD HH24:MI:SS'));
INSERT INTO django_admin_log VALUES(681,'672','ALL 4 ONE vs The Boot on 2025-04-04',3,'',10,14, TO_TIMESTAMP('2025-01-17 14:02:31', 'YYYY-MM-DD HH24:MI:SS'));
INSERT INTO django_admin_log VALUES(682,'671','The Hounds vs Pint Pot on 2025-04-03',3,'',10,14, TO_TIMESTAMP('2025-01-17 14:02:31', 'YYYY-MM-DD HH24:MI:SS'));
INSERT INTO django_admin_log VALUES(683,'670','Boldmere Lounge vs ALL 4 ONE on 2025-04-03',3,'',10,14, TO_TIMESTAMP('2025-01-17 14:02:31', 'YYYY-MM-DD HH24:MI:SS'));
INSERT INTO django_admin_log VALUES(684,'669','Sutton Sports vs The Hounds on 2025-04-03',3,'',10,14, TO_TIMESTAMP('2025-01-17 14:02:31', 'YYYY-MM-DD HH24:MI:SS'));
INSERT INTO django_admin_log VALUES(685,'668','Boldmere Sports Soc vs Beggars Bush on 2025-04-02',3,'',10,14, TO_TIMESTAMP('2025-01-17 14:02:31', 'YYYY-MM-DD HH24:MI:SS'));
INSERT INTO django_admin_log VALUES(686,'667','The Greyhound vs Hollyfields on 2025-04-02',3,'',10,14, TO_TIMESTAMP('2025-01-17 14:02:31', 'YYYY-MM-DD HH24:MI:SS'));
INSERT INTO django_admin_log VALUES(687,'666','Second City vs Pint Pot on 2025-04-03',3,'',10,14, TO_TIMESTAMP('2025-01-17 14:02:31', 'YYYY-MM-DD HH24:MI:SS'));
INSERT INTO django_admin_log VALUES(688,'665','The Boot vs Digby Dogs on 2025-04-04',3,'',10,14, TO_TIMESTAMP('2025-01-17 14:02:31', 'YYYY-MM-DD HH24:MI:SS'));
INSERT INTO django_admin_log VALUES(689,'664','Pint Pot vs The Boot on 2025-03-03',3,'',10,14, TO_TIMESTAMP('2025-01-17 14:02:31', 'YYYY-MM-DD HH24:MI:SS'));
INSERT INTO django_admin_log VALUES(690,'663','The Hounds vs ALL 4 ONE on 2025-03-03',3,'',10,14, TO_TIMESTAMP('2025-01-17 14:02:31', 'YYYY-MM-DD HH24:MI:SS'));
INSERT INTO django_admin_log VALUES(691,'662','Beggars Bush vs The Greyhound on 2025-03-04',3,'',10,14, TO_TIMESTAMP('2025-01-17 14:02:31', 'YYYY-MM-DD HH24:MI:SS'));
INSERT INTO django_admin_log VALUES(692,'661','Boldmere Sports Soc vs Boldmere Lounge on 2025-03-02',3,'',10,14, TO_TIMESTAMP('2025-01-17 14:02:31', 'YYYY-MM-DD HH24:MI:SS'));
INSERT INTO django_admin_log VALUES(693,'660','Digby Dogs vs Second City on 2025-03-03',3,'',10,14, TO_TIMESTAMP('2025-01-17 14:02:31', 'YYYY-MM-DD HH24:MI:SS'));
INSERT INTO django_admin_log VALUES(694,'659','Hollyfields vs Sutton Sports on 2025-03-03',3,'',10,14, TO_TIMESTAMP('2025-01-17 14:02:31', 'YYYY-MM-DD HH24:MI:SS'));
INSERT INTO django_admin_log VALUES(695,'658','The Boot vs The Hounds on 2025-03-04',3,'',10,14, TO_TIMESTAMP('2025-01-17 14:02:31', 'YYYY-MM-DD HH24:MI:SS'));
INSERT INTO django_admin_log VALUES(696,'657','ALL 4 ONE vs Boldmere Sports Soc on 2025-03-04',3,'',10,14, TO_TIMESTAMP('2025-01-17 14:02:31', 'YYYY-MM-DD HH24:MI:SS'));
INSERT INTO django_admin_log VALUES(697,'656','The Greyhound vs Pint Pot on 2025-03-02',3,'',10,14, TO_TIMESTAMP('2025-01-17 14:02:31', 'YYYY-MM-DD HH24:MI:SS'));
INSERT INTO django_admin_log VALUES(698,'655','Beggars Bush vs Boldmere Lounge on 2025-03-04',3,'',10,14, TO_TIMESTAMP('2025-01-17 14:02:31', 'YYYY-MM-DD HH24:MI:SS'));
INSERT INTO django_admin_log VALUES(699,'654','Second City vs Hollyfields on 2025-03-03',3,'',10,14, TO_TIMESTAMP('2025-01-17 14:02:31', 'YYYY-MM-DD HH24:MI:SS'));
INSERT INTO django_admin_log VALUES(700,'653','Sutton Sports vs Digby Dogs on 2025-03-03',3,'',10,14, TO_TIMESTAMP('2025-01-17 14:02:31', 'YYYY-MM-DD HH24:MI:SS'));
INSERT INTO django_admin_log VALUES(701,'652','Beggars Bush vs The Boot on 2025-02-04',3,'',10,14, TO_TIMESTAMP('2025-01-17 14:02:31', 'YYYY-MM-DD HH24:MI:SS'));
INSERT INTO django_admin_log VALUES(702,'651','Second City vs The Hounds on 2025-02-03',3,'',10,14, TO_TIMESTAMP('2025-01-17 14:02:31', 'YYYY-MM-DD HH24:MI:SS'));
INSERT INTO django_admin_log VALUES(703,'650','Hollyfields vs ALL 4 ONE on 2025-02-03',3,'',10,14, TO_TIMESTAMP('2025-01-17 14:02:31', 'YYYY-MM-DD HH24:MI:SS'));
INSERT INTO django_admin_log VALUES(704,'649','Sutton Sports vs Boldmere Sports Soc on 2025-02-03',3,'',10,14, TO_TIMESTAMP('2025-01-17 14:02:31', 'YYYY-MM-DD HH24:MI:SS'));
INSERT INTO django_admin_log VALUES(705,'648','Digby Dogs vs The Greyhound on 2025-02-03',3,'',10,14, TO_TIMESTAMP('2025-01-17 14:02:31', 'YYYY-MM-DD HH24:MI:SS'));
INSERT INTO django_admin_log VALUES(706,'647','Boldmere Lounge vs Pint Pot on 2025-02-03',3,'',10,14, TO_TIMESTAMP('2025-01-17 14:02:31', 'YYYY-MM-DD HH24:MI:SS'));
INSERT INTO django_admin_log VALUES(707,'646','The Boot vs Boldmere Lounge on 2025-02-04',3,'',10,14, TO_TIMESTAMP('2025-01-17 14:02:31', 'YYYY-MM-DD HH24:MI:SS'));
INSERT INTO django_admin_log VALUES(708,'645','The Hounds vs Beggars Bush on 2025-02-03',3,'',10,14, TO_TIMESTAMP('2025-01-17 14:02:31', 'YYYY-MM-DD HH24:MI:SS'));
INSERT INTO django_admin_log VALUES(709,'644','ALL 4 ONE vs Second City on 2025-02-04',3,'',10,14, TO_TIMESTAMP('2025-01-17 14:02:31', 'YYYY-MM-DD HH24:MI:SS'));
INSERT INTO django_admin_log VALUES(710,'643','Boldmere Sports Soc vs Hollyfields on 2025-02-02',3,'',10,14, TO_TIMESTAMP('2025-01-17 14:02:31', 'YYYY-MM-DD HH24:MI:SS'));
INSERT INTO django_admin_log VALUES(711,'642','The Greyhound vs Sutton Sports on 2025-02-02',3,'',10,14, TO_TIMESTAMP('2025-01-17 14:02:31', 'YYYY-MM-DD HH24:MI:SS'));
INSERT INTO django_admin_log VALUES(712,'641','Pint Pot vs Digby Dogs on 2025-02-03',3,'',10,14, TO_TIMESTAMP('2025-01-17 14:02:31', 'YYYY-MM-DD HH24:MI:SS'));
INSERT INTO django_admin_log VALUES(713,'640','X vs Sutton Sports on 2025-01-02',3,'',10,14, TO_TIMESTAMP('2025-01-17 14:02:31', 'YYYY-MM-DD HH24:MI:SS'));
INSERT INTO django_admin_log VALUES(714,'639','ALL 4 ONE vs Digby Dogs on 2025-01-04',3,'',10,14, TO_TIMESTAMP('2025-01-17 14:02:31', 'YYYY-MM-DD HH24:MI:SS'));
INSERT INTO django_admin_log VALUES(715,'638','Boldmere Sports Soc vs Pint Pot on 2025-01-02',3,'',10,14, TO_TIMESTAMP('2025-01-17 14:02:31', 'YYYY-MM-DD HH24:MI:SS'));
INSERT INTO django_admin_log VALUES(716,'637','The Greyhound vs Boldmere Lounge on 2025-01-02',3,'',10,14, TO_TIMESTAMP('2025-01-17 14:02:31', 'YYYY-MM-DD HH24:MI:SS'));
INSERT INTO django_admin_log VALUES(717,'636','Beggars Bush vs Second City on 2025-01-04',3,'',10,14, TO_TIMESTAMP('2025-01-17 14:02:31', 'YYYY-MM-DD HH24:MI:SS'));
INSERT INTO django_admin_log VALUES(718,'635','Hollyfields vs The Hounds on 2025-01-03',3,'',10,14, TO_TIMESTAMP('2025-01-17 14:02:31', 'YYYY-MM-DD HH24:MI:SS'));
INSERT INTO django_admin_log VALUES(719,'634','Boldmere Sports Soc vs The Greyhound on 2025-01-02',3,'',10,14, TO_TIMESTAMP('2025-01-17 14:02:31', 'YYYY-MM-DD HH24:MI:SS'));
INSERT INTO django_admin_log VALUES(720,'633','The Hounds vs Boldmere Lounge on 2025-01-03',3,'',10,14, TO_TIMESTAMP('2025-01-17 14:02:31', 'YYYY-MM-DD HH24:MI:SS'));
INSERT INTO django_admin_log VALUES(721,'632','ALL 4 ONE vs Beggars Bush on 2025-01-04',3,'',10,14, TO_TIMESTAMP('2025-01-17 14:02:31', 'YYYY-MM-DD HH24:MI:SS'));
INSERT INTO django_admin_log VALUES(722,'631','Second City vs X on 2025-01-03',3,'',10,14, TO_TIMESTAMP('2025-01-17 14:02:31', 'YYYY-MM-DD HH24:MI:SS'));
INSERT INTO django_admin_log VALUES(723,'630','Sutton Sports vs Pint Pot on 2025-01-03',3,'',10,14, TO_TIMESTAMP('2025-01-17 14:02:31', 'YYYY-MM-DD HH24:MI:SS'));
INSERT INTO django_admin_log VALUES(724,'629','Digby Dogs vs Hollyfields on 2025-01-03',3,'',10,14, TO_TIMESTAMP('2025-01-17 14:02:31', 'YYYY-MM-DD HH24:MI:SS'));
INSERT INTO django_admin_log VALUES(725,'628','Boldmere Sports Soc vs X on 2025-01-02',3,'',10,14, TO_TIMESTAMP('2025-01-17 14:02:31', 'YYYY-MM-DD HH24:MI:SS'));
INSERT INTO django_admin_log VALUES(726,'627','The Greyhound vs ALL 4 ONE on 2025-01-02',3,'',10,14, TO_TIMESTAMP('2025-01-17 14:02:31', 'YYYY-MM-DD HH24:MI:SS'));
INSERT INTO django_admin_log VALUES(727,'626','Beggars Bush vs Pint Pot on 2025-01-04',3,'',10,14, TO_TIMESTAMP('2025-01-17 14:02:31', 'YYYY-MM-DD HH24:MI:SS'));
INSERT INTO django_admin_log VALUES(728,'625','Hollyfields vs Boldmere Lounge on 2025-01-03',3,'',10,14, TO_TIMESTAMP('2025-01-17 14:02:31', 'YYYY-MM-DD HH24:MI:SS'));
INSERT INTO django_admin_log VALUES(729,'624','Second City vs Sutton Sports on 2025-01-03',3,'',10,14, TO_TIMESTAMP('2025-01-17 14:02:31', 'YYYY-MM-DD HH24:MI:SS'));
INSERT INTO django_admin_log VALUES(730,'623','Digby Dogs vs The Hounds on 2025-01-03',3,'',10,14, TO_TIMESTAMP('2025-01-17 14:02:31', 'YYYY-MM-DD HH24:MI:SS'));
INSERT INTO django_admin_log VALUES(731,'622','The Hounds vs Boldmere Sports Soc on 2024-12-03',3,'',10,14, TO_TIMESTAMP('2025-01-17 14:02:31', 'YYYY-MM-DD HH24:MI:SS'));
INSERT INTO django_admin_log VALUES(732,'621','X vs The Greyhound on 2024-12-02',3,'',10,14, TO_TIMESTAMP('2025-01-17 14:02:31', 'YYYY-MM-DD HH24:MI:SS'));
INSERT INTO django_admin_log VALUES(733,'620','Boldmere Lounge vs Second City on 2024-12-03',3,'',10,14, TO_TIMESTAMP('2025-01-17 14:02:31', 'YYYY-MM-DD HH24:MI:SS'));
INSERT INTO django_admin_log VALUES(734,'619','Beggars Bush vs Digby Dogs on 2024-12-04',3,'',10,14, TO_TIMESTAMP('2025-01-17 14:02:31', 'YYYY-MM-DD HH24:MI:SS'));
INSERT INTO django_admin_log VALUES(735,'618','Pint Pot vs Hollyfields on 2024-12-03',3,'',10,14, TO_TIMESTAMP('2025-01-17 14:02:31', 'YYYY-MM-DD HH24:MI:SS'));
INSERT INTO django_admin_log VALUES(736,'617','Sutton Sports vs ALL 4 ONE on 2024-12-03',3,'',10,14, TO_TIMESTAMP('2025-01-17 14:02:31', 'YYYY-MM-DD HH24:MI:SS'));
INSERT INTO django_admin_log VALUES(737,'616','The Hounds vs The Greyhound on 2024-12-03',3,'',10,14, TO_TIMESTAMP('2025-01-17 14:02:31', 'YYYY-MM-DD HH24:MI:SS'));
INSERT INTO django_admin_log VALUES(738,'615','Second City vs Boldmere Sports Soc on 2024-12-03',3,'',10,14, TO_TIMESTAMP('2025-01-17 14:02:31', 'YYYY-MM-DD HH24:MI:SS'));
INSERT INTO django_admin_log VALUES(739,'614','Beggars Bush vs Sutton Sports on 2024-12-04',3,'',10,14, TO_TIMESTAMP('2025-01-17 14:02:31', 'YYYY-MM-DD HH24:MI:SS'));
INSERT INTO django_admin_log VALUES(740,'613','X vs Hollyfields on 2024-12-02',3,'',10,14, TO_TIMESTAMP('2025-01-17 14:02:31', 'YYYY-MM-DD HH24:MI:SS'));
INSERT INTO django_admin_log VALUES(741,'612','Boldmere Lounge vs Digby Dogs on 2024-12-03',3,'',10,14, TO_TIMESTAMP('2025-01-17 14:02:31', 'YYYY-MM-DD HH24:MI:SS'));
INSERT INTO django_admin_log VALUES(742,'611','ALL 4 ONE vs Pint Pot on 2024-12-04',3,'',10,14, TO_TIMESTAMP('2025-01-17 14:02:31', 'YYYY-MM-DD HH24:MI:SS'));
INSERT INTO django_admin_log VALUES(743,'610','Boldmere Sports Soc vs Digby Dogs on 2024-11-02',3,'',10,14, TO_TIMESTAMP('2025-01-17 14:02:31', 'YYYY-MM-DD HH24:MI:SS'));
INSERT INTO django_admin_log VALUES(744,'609','The Greyhound vs Second City on 2024-11-02',3,'',10,14, TO_TIMESTAMP('2025-01-17 14:02:31', 'YYYY-MM-DD HH24:MI:SS'));
INSERT INTO django_admin_log VALUES(745,'608','Sutton Sports vs Boldmere Lounge on 2024-11-03',3,'',10,14, TO_TIMESTAMP('2025-01-17 14:02:31', 'YYYY-MM-DD HH24:MI:SS'));
INSERT INTO django_admin_log VALUES(746,'607','Hollyfields vs Beggars Bush on 2024-11-03',3,'',10,14, TO_TIMESTAMP('2025-01-17 14:02:31', 'YYYY-MM-DD HH24:MI:SS'));
INSERT INTO django_admin_log VALUES(747,'606','X vs ALL 4 ONE on 2024-11-02',3,'',10,14, TO_TIMESTAMP('2025-01-17 14:02:31', 'YYYY-MM-DD HH24:MI:SS'));
INSERT INTO django_admin_log VALUES(748,'605','Pint Pot vs The Hounds on 2024-11-03',3,'',10,14, TO_TIMESTAMP('2025-01-17 14:02:31', 'YYYY-MM-DD HH24:MI:SS'));
INSERT INTO django_admin_log VALUES(749,'604','ALL 4 ONE vs Boldmere Lounge on 2024-11-04',3,'',10,14, TO_TIMESTAMP('2025-01-17 14:02:31', 'YYYY-MM-DD HH24:MI:SS'));
INSERT INTO django_admin_log VALUES(750,'603','The Hounds vs Sutton Sports on 2024-11-03',3,'',10,14, TO_TIMESTAMP('2025-01-17 14:02:31', 'YYYY-MM-DD HH24:MI:SS'));
INSERT INTO django_admin_log VALUES(751,'602','Beggars Bush vs Boldmere Sports Soc on 2024-11-04',3,'',10,14, TO_TIMESTAMP('2025-01-17 14:02:31', 'YYYY-MM-DD HH24:MI:SS'));
INSERT INTO django_admin_log VALUES(752,'601','Hollyfields vs The Greyhound on 2024-11-03',3,'',10,14, TO_TIMESTAMP('2025-01-17 14:02:31', 'YYYY-MM-DD HH24:MI:SS'));
INSERT INTO django_admin_log VALUES(753,'600','Pint Pot vs Second City on 2024-11-03',3,'',10,14, TO_TIMESTAMP('2025-01-17 14:02:31', 'YYYY-MM-DD HH24:MI:SS'));
INSERT INTO django_admin_log VALUES(754,'599','Digby Dogs vs X on 2024-11-03',3,'',10,14, TO_TIMESTAMP('2025-01-17 14:02:31', 'YYYY-MM-DD HH24:MI:SS'));
INSERT INTO django_admin_log VALUES(755,'598','X vs Pint Pot on 2024-11-02',3,'',10,14, TO_TIMESTAMP('2025-01-17 14:02:31', 'YYYY-MM-DD HH24:MI:SS'));
INSERT INTO django_admin_log VALUES(756,'597','ALL 4 ONE vs The Hounds on 2024-11-04',3,'',10,14, TO_TIMESTAMP('2025-01-17 14:02:31', 'YYYY-MM-DD HH24:MI:SS'));
INSERT INTO django_admin_log VALUES(757,'596','The Greyhound vs Beggars Bush on 2024-11-02',3,'',10,14, TO_TIMESTAMP('2025-01-17 14:02:31', 'YYYY-MM-DD HH24:MI:SS'));
INSERT INTO django_admin_log VALUES(758,'595','Boldmere Lounge vs Boldmere Sports Soc on 2024-11-03',3,'',10,14, TO_TIMESTAMP('2025-01-17 14:02:31', 'YYYY-MM-DD HH24:MI:SS'));
INSERT INTO django_admin_log VALUES(759,'594','Second City vs Digby Dogs on 2024-11-03',3,'',10,14, TO_TIMESTAMP('2025-01-17 14:02:31', 'YYYY-MM-DD HH24:MI:SS'));
INSERT INTO django_admin_log VALUES(760,'593','Sutton Sports vs Hollyfields on 2024-11-03',3,'',10,14, TO_TIMESTAMP('2025-01-17 14:02:31', 'YYYY-MM-DD HH24:MI:SS'));
INSERT INTO django_admin_log VALUES(761,'592','The Hounds vs X on 2024-10-03',3,'',10,14, TO_TIMESTAMP('2025-01-17 14:02:31', 'YYYY-MM-DD HH24:MI:SS'));
INSERT INTO django_admin_log VALUES(762,'591','Boldmere Sports Soc vs ALL 4 ONE on 2024-10-02',3,'',10,14, TO_TIMESTAMP('2025-01-17 14:02:31', 'YYYY-MM-DD HH24:MI:SS'));
INSERT INTO django_admin_log VALUES(763,'590','Pint Pot vs The Greyhound on 2024-10-03',3,'',10,14, TO_TIMESTAMP('2025-01-17 14:02:31', 'YYYY-MM-DD HH24:MI:SS'));
INSERT INTO django_admin_log VALUES(764,'589','Boldmere Lounge vs Beggars Bush on 2024-10-03',3,'',10,14, TO_TIMESTAMP('2025-01-17 14:02:31', 'YYYY-MM-DD HH24:MI:SS'));
INSERT INTO django_admin_log VALUES(765,'588','Hollyfields vs Second City on 2024-10-03',3,'',10,14, TO_TIMESTAMP('2025-01-17 14:02:31', 'YYYY-MM-DD HH24:MI:SS'));
INSERT INTO django_admin_log VALUES(766,'587','Digby Dogs vs Sutton Sports on 2024-10-03',3,'',10,14, TO_TIMESTAMP('2025-01-17 14:02:31', 'YYYY-MM-DD HH24:MI:SS'));
INSERT INTO django_admin_log VALUES(767,'586','Boldmere Lounge vs X on 2024-10-03',3,'',10,14, TO_TIMESTAMP('2025-01-17 14:02:31', 'YYYY-MM-DD HH24:MI:SS'));
INSERT INTO django_admin_log VALUES(768,'585','Beggars Bush vs The Hounds on 2024-10-04',3,'',10,14, TO_TIMESTAMP('2025-01-17 14:02:31', 'YYYY-MM-DD HH24:MI:SS'));
INSERT INTO django_admin_log VALUES(769,'584','Second City vs ALL 4 ONE on 2024-10-03',3,'',10,14, TO_TIMESTAMP('2025-01-17 14:02:31', 'YYYY-MM-DD HH24:MI:SS'));
INSERT INTO django_admin_log VALUES(770,'583','Hollyfields vs Boldmere Sports Soc on 2024-10-03',3,'',10,14, TO_TIMESTAMP('2025-01-17 14:02:31', 'YYYY-MM-DD HH24:MI:SS'));
INSERT INTO django_admin_log VALUES(771,'582','Sutton Sports vs The Greyhound on 2024-10-03',3,'',10,14, TO_TIMESTAMP('2025-01-17 14:02:31', 'YYYY-MM-DD HH24:MI:SS'));
INSERT INTO django_admin_log VALUES(772,'581','Digby Dogs vs Pint Pot on 2024-10-03',3,'',10,14, TO_TIMESTAMP('2025-01-17 14:02:31', 'YYYY-MM-DD HH24:MI:SS'));
INSERT INTO django_admin_log VALUES(773,'580','X vs Beggars Bush on 2024-10-02',3,'',10,14, TO_TIMESTAMP('2025-01-17 14:02:31', 'YYYY-MM-DD HH24:MI:SS'));
INSERT INTO django_admin_log VALUES(774,'579','The Hounds vs Second City on 2024-10-03',3,'',10,14, TO_TIMESTAMP('2025-01-17 14:02:31', 'YYYY-MM-DD HH24:MI:SS'));
INSERT INTO django_admin_log VALUES(775,'578','ALL 4 ONE vs Hollyfields on 2024-10-04',3,'',10,14, TO_TIMESTAMP('2025-01-17 14:02:31', 'YYYY-MM-DD HH24:MI:SS'));
INSERT INTO django_admin_log VALUES(776,'577','Boldmere Sports Soc vs Sutton Sports on 2024-10-02',3,'',10,14, TO_TIMESTAMP('2025-01-17 14:02:31', 'YYYY-MM-DD HH24:MI:SS'));
INSERT INTO django_admin_log VALUES(777,'576','The Greyhound vs Digby Dogs on 2024-10-02',3,'',10,14, TO_TIMESTAMP('2025-01-17 14:02:31', 'YYYY-MM-DD HH24:MI:SS'));
INSERT INTO django_admin_log VALUES(778,'575','Pint Pot vs Boldmere Lounge on 2024-10-03',3,'',10,14, TO_TIMESTAMP('2025-01-17 14:02:31', 'YYYY-MM-DD HH24:MI:SS'));
INSERT INTO django_admin_log VALUES(779,'970','Sutton Sports vs The Boot on 2025-05-14',3,'',10,14, TO_TIMESTAMP('2025-01-17 14:08:44', 'YYYY-MM-DD HH24:MI:SS'));
INSERT INTO django_admin_log VALUES(780,'969','Digby Dogs vs ALL 4 ONE on 2025-05-14',3,'',10,14, TO_TIMESTAMP('2025-01-17 14:08:44', 'YYYY-MM-DD HH24:MI:SS'));
INSERT INTO django_admin_log VALUES(781,'968','Pint Pot vs Boldmere Sports Soc on 2025-05-14',3,'',10,14, TO_TIMESTAMP('2025-01-17 14:08:44', 'YYYY-MM-DD HH24:MI:SS'));
INSERT INTO django_admin_log VALUES(782,'967','Boldmere Lounge vs The Greyhound on 2025-05-14',3,'',10,14, TO_TIMESTAMP('2025-01-17 14:08:44', 'YYYY-MM-DD HH24:MI:SS'));
INSERT INTO django_admin_log VALUES(783,'966','Second City vs Beggars Bush on 2025-05-14',3,'',10,14, TO_TIMESTAMP('2025-01-17 14:08:44', 'YYYY-MM-DD HH24:MI:SS'));
INSERT INTO django_admin_log VALUES(784,'965','The Hounds vs Hollyfields on 2025-05-14',3,'',10,14, TO_TIMESTAMP('2025-01-17 14:08:44', 'YYYY-MM-DD HH24:MI:SS'));
INSERT INTO django_admin_log VALUES(785,'964','The Greyhound vs Boldmere Sports Soc on 2025-05-06',3,'',10,14, TO_TIMESTAMP('2025-01-17 14:08:44', 'YYYY-MM-DD HH24:MI:SS'));
INSERT INTO django_admin_log VALUES(786,'963','Boldmere Lounge vs The Hounds on 2025-05-07',3,'',10,14, TO_TIMESTAMP('2025-01-17 14:08:44', 'YYYY-MM-DD HH24:MI:SS'));
INSERT INTO django_admin_log VALUES(787,'962','Beggars Bush vs ALL 4 ONE on 2025-05-08',3,'',10,14, TO_TIMESTAMP('2025-01-17 14:08:44', 'YYYY-MM-DD HH24:MI:SS'));
INSERT INTO django_admin_log VALUES(788,'961','The Boot vs Second City on 2025-05-08',3,'',10,14, TO_TIMESTAMP('2025-01-17 14:08:44', 'YYYY-MM-DD HH24:MI:SS'));
INSERT INTO django_admin_log VALUES(789,'960','Pint Pot vs Sutton Sports on 2025-05-07',3,'',10,14, TO_TIMESTAMP('2025-01-17 14:08:44', 'YYYY-MM-DD HH24:MI:SS'));
INSERT INTO django_admin_log VALUES(790,'959','Hollyfields vs Digby Dogs on 2025-05-07',3,'',10,14, TO_TIMESTAMP('2025-01-17 14:08:44', 'YYYY-MM-DD HH24:MI:SS'));
INSERT INTO django_admin_log VALUES(791,'958','Boldmere Sports Soc vs The Hounds on 2025-04-29',3,'',10,14, TO_TIMESTAMP('2025-01-17 14:08:44', 'YYYY-MM-DD HH24:MI:SS'));
INSERT INTO django_admin_log VALUES(792,'957','The Greyhound vs The Boot on 2025-04-29',3,'',10,14, TO_TIMESTAMP('2025-01-17 14:08:44', 'YYYY-MM-DD HH24:MI:SS'));
INSERT INTO django_admin_log VALUES(793,'956','Second City vs Boldmere Lounge on 2025-04-30',3,'',10,14, TO_TIMESTAMP('2025-01-17 14:08:44', 'YYYY-MM-DD HH24:MI:SS'));
INSERT INTO django_admin_log VALUES(794,'955','Digby Dogs vs Beggars Bush on 2025-04-30',3,'',10,14, TO_TIMESTAMP('2025-01-17 14:08:44', 'YYYY-MM-DD HH24:MI:SS'));
INSERT INTO django_admin_log VALUES(795,'954','Hollyfields vs Pint Pot on 2025-04-30',3,'',10,14, TO_TIMESTAMP('2025-01-17 14:08:44', 'YYYY-MM-DD HH24:MI:SS'));
INSERT INTO django_admin_log VALUES(796,'953','ALL 4 ONE vs Sutton Sports on 2025-05-01',3,'',10,14, TO_TIMESTAMP('2025-01-17 14:08:44', 'YYYY-MM-DD HH24:MI:SS'));
INSERT INTO django_admin_log VALUES(797,'952','The Boot vs Boldmere Sports Soc on 2025-04-24',3,'',10,14, TO_TIMESTAMP('2025-01-17 14:08:44', 'YYYY-MM-DD HH24:MI:SS'));
INSERT INTO django_admin_log VALUES(798,'951','ALL 4 ONE vs The Greyhound on 2025-04-24',3,'',10,14, TO_TIMESTAMP('2025-01-17 14:08:44', 'YYYY-MM-DD HH24:MI:SS'));
INSERT INTO django_admin_log VALUES(799,'950','Pint Pot vs Beggars Bush on 2025-04-23',3,'',10,14, TO_TIMESTAMP('2025-01-17 14:08:44', 'YYYY-MM-DD HH24:MI:SS'));
INSERT INTO django_admin_log VALUES(800,'949','Boldmere Lounge vs Hollyfields on 2025-04-23',3,'',10,14, TO_TIMESTAMP('2025-01-17 14:08:44', 'YYYY-MM-DD HH24:MI:SS'));
INSERT INTO django_admin_log VALUES(801,'948','Sutton Sports vs Second City on 2025-04-23',3,'',10,14, TO_TIMESTAMP('2025-01-17 14:08:44', 'YYYY-MM-DD HH24:MI:SS'));
INSERT INTO django_admin_log VALUES(802,'947','The Hounds vs Digby Dogs on 2025-04-23',3,'',10,14, TO_TIMESTAMP('2025-01-17 14:08:44', 'YYYY-MM-DD HH24:MI:SS'));
INSERT INTO django_admin_log VALUES(803,'946','The Greyhound vs The Hounds on 2025-04-15',3,'',10,14, TO_TIMESTAMP('2025-01-17 14:08:44', 'YYYY-MM-DD HH24:MI:SS'));
INSERT INTO django_admin_log VALUES(804,'945','Boldmere Sports Soc vs Second City on 2025-04-15',3,'',10,14, TO_TIMESTAMP('2025-01-17 14:08:44', 'YYYY-MM-DD HH24:MI:SS'));
INSERT INTO django_admin_log VALUES(805,'944','Sutton Sports vs Beggars Bush on 2025-04-16',3,'',10,14, TO_TIMESTAMP('2025-01-17 14:08:44', 'YYYY-MM-DD HH24:MI:SS'));
INSERT INTO django_admin_log VALUES(806,'943','Hollyfields vs The Boot on 2025-04-16',3,'',10,14, TO_TIMESTAMP('2025-01-17 14:08:44', 'YYYY-MM-DD HH24:MI:SS'));
INSERT INTO django_admin_log VALUES(807,'942','Digby Dogs vs Boldmere Lounge on 2025-04-16',3,'',10,14, TO_TIMESTAMP('2025-01-17 14:08:44', 'YYYY-MM-DD HH24:MI:SS'));
INSERT INTO django_admin_log VALUES(808,'941','Pint Pot vs ALL 4 ONE on 2025-04-16',3,'',10,14, TO_TIMESTAMP('2025-01-17 14:08:44', 'YYYY-MM-DD HH24:MI:SS'));
INSERT INTO django_admin_log VALUES(809,'940','Digby Dogs vs Boldmere Sports Soc on 2025-04-09',3,'',10,14, TO_TIMESTAMP('2025-01-17 14:08:44', 'YYYY-MM-DD HH24:MI:SS'));
INSERT INTO django_admin_log VALUES(810,'939','Second City vs The Greyhound on 2025-04-09',3,'',10,14, TO_TIMESTAMP('2025-01-17 14:08:44', 'YYYY-MM-DD HH24:MI:SS'));
INSERT INTO django_admin_log VALUES(811,'938','Boldmere Lounge vs Sutton Sports on 2025-04-09',3,'',10,14, TO_TIMESTAMP('2025-01-17 14:08:44', 'YYYY-MM-DD HH24:MI:SS'));
INSERT INTO django_admin_log VALUES(812,'937','Beggars Bush vs Hollyfields on 2025-04-10',3,'',10,14, TO_TIMESTAMP('2025-01-17 14:08:44', 'YYYY-MM-DD HH24:MI:SS'));
INSERT INTO django_admin_log VALUES(813,'936','ALL 4 ONE vs The Boot on 2025-04-10',3,'',10,14, TO_TIMESTAMP('2025-01-17 14:08:44', 'YYYY-MM-DD HH24:MI:SS'));
INSERT INTO django_admin_log VALUES(814,'935','The Hounds vs Pint Pot on 2025-04-09',3,'',10,14, TO_TIMESTAMP('2025-01-17 14:08:44', 'YYYY-MM-DD HH24:MI:SS'));
INSERT INTO django_admin_log VALUES(815,'934','Boldmere Lounge vs ALL 4 ONE on 2025-04-02',3,'',10,14, TO_TIMESTAMP('2025-01-17 14:08:44', 'YYYY-MM-DD HH24:MI:SS'));
INSERT INTO django_admin_log VALUES(816,'933','Sutton Sports vs The Hounds on 2025-04-02',3,'',10,14, TO_TIMESTAMP('2025-01-17 14:08:44', 'YYYY-MM-DD HH24:MI:SS'));
INSERT INTO django_admin_log VALUES(817,'932','Boldmere Sports Soc vs Beggars Bush on 2025-04-01',3,'',10,14, TO_TIMESTAMP('2025-01-17 14:08:44', 'YYYY-MM-DD HH24:MI:SS'));
INSERT INTO django_admin_log VALUES(818,'931','The Greyhound vs Hollyfields on 2025-04-01',3,'',10,14, TO_TIMESTAMP('2025-01-17 14:08:44', 'YYYY-MM-DD HH24:MI:SS'));
INSERT INTO django_admin_log VALUES(819,'930','Second City vs Pint Pot on 2025-04-02',3,'',10,14, TO_TIMESTAMP('2025-01-17 14:08:44', 'YYYY-MM-DD HH24:MI:SS'));
INSERT INTO django_admin_log VALUES(820,'929','The Boot vs Digby Dogs on 2025-04-03',3,'',10,14, TO_TIMESTAMP('2025-01-17 14:08:44', 'YYYY-MM-DD HH24:MI:SS'));
INSERT INTO django_admin_log VALUES(821,'928','Pint Pot vs The Boot on 2025-03-19',3,'',10,14, TO_TIMESTAMP('2025-01-17 14:08:44', 'YYYY-MM-DD HH24:MI:SS'));
INSERT INTO django_admin_log VALUES(822,'927','The Hounds vs ALL 4 ONE on 2025-03-19',3,'',10,14, TO_TIMESTAMP('2025-01-17 14:08:44', 'YYYY-MM-DD HH24:MI:SS'));
INSERT INTO django_admin_log VALUES(823,'926','Beggars Bush vs The Greyhound on 2025-03-20',3,'',10,14, TO_TIMESTAMP('2025-01-17 14:08:44', 'YYYY-MM-DD HH24:MI:SS'));
INSERT INTO django_admin_log VALUES(824,'925','Boldmere Sports Soc vs Boldmere Lounge on 2025-03-18',3,'',10,14, TO_TIMESTAMP('2025-01-17 14:08:44', 'YYYY-MM-DD HH24:MI:SS'));
INSERT INTO django_admin_log VALUES(825,'924','Digby Dogs vs Second City on 2025-03-19',3,'',10,14, TO_TIMESTAMP('2025-01-17 14:08:44', 'YYYY-MM-DD HH24:MI:SS'));
INSERT INTO django_admin_log VALUES(826,'923','Hollyfields vs Sutton Sports on 2025-03-19',3,'',10,14, TO_TIMESTAMP('2025-01-17 14:08:44', 'YYYY-MM-DD HH24:MI:SS'));
INSERT INTO django_admin_log VALUES(827,'922','The Boot vs The Hounds on 2025-03-06',3,'',10,14, TO_TIMESTAMP('2025-01-17 14:08:44', 'YYYY-MM-DD HH24:MI:SS'));
INSERT INTO django_admin_log VALUES(828,'921','ALL 4 ONE vs Boldmere Sports Soc on 2025-03-06',3,'',10,14, TO_TIMESTAMP('2025-01-17 14:08:44', 'YYYY-MM-DD HH24:MI:SS'));
INSERT INTO django_admin_log VALUES(829,'920','The Greyhound vs Pint Pot on 2025-03-04',3,'',10,14, TO_TIMESTAMP('2025-01-17 14:08:44', 'YYYY-MM-DD HH24:MI:SS'));
INSERT INTO django_admin_log VALUES(830,'919','Beggars Bush vs Boldmere Lounge on 2025-03-06',3,'',10,14, TO_TIMESTAMP('2025-01-17 14:08:44', 'YYYY-MM-DD HH24:MI:SS'));
INSERT INTO django_admin_log VALUES(831,'918','Second City vs Hollyfields on 2025-03-05',3,'',10,14, TO_TIMESTAMP('2025-01-17 14:08:44', 'YYYY-MM-DD HH24:MI:SS'));
INSERT INTO django_admin_log VALUES(832,'917','Sutton Sports vs Digby Dogs on 2025-03-05',3,'',10,14, TO_TIMESTAMP('2025-01-17 14:08:44', 'YYYY-MM-DD HH24:MI:SS'));
INSERT INTO django_admin_log VALUES(833,'916','Beggars Bush vs The Boot on 2025-02-20',3,'',10,14, TO_TIMESTAMP('2025-01-17 14:08:44', 'YYYY-MM-DD HH24:MI:SS'));
INSERT INTO django_admin_log VALUES(834,'915','Second City vs The Hounds on 2025-02-19',3,'',10,14, TO_TIMESTAMP('2025-01-17 14:08:44', 'YYYY-MM-DD HH24:MI:SS'));
INSERT INTO django_admin_log VALUES(835,'914','Hollyfields vs ALL 4 ONE on 2025-02-19',3,'',10,14, TO_TIMESTAMP('2025-01-17 14:08:44', 'YYYY-MM-DD HH24:MI:SS'));
INSERT INTO django_admin_log VALUES(836,'913','Sutton Sports vs Boldmere Sports Soc on 2025-02-19',3,'',10,14, TO_TIMESTAMP('2025-01-17 14:08:44', 'YYYY-MM-DD HH24:MI:SS'));
INSERT INTO django_admin_log VALUES(837,'912','Digby Dogs vs The Greyhound on 2025-02-19',3,'',10,14, TO_TIMESTAMP('2025-01-17 14:08:44', 'YYYY-MM-DD HH24:MI:SS'));
INSERT INTO django_admin_log VALUES(838,'911','Boldmere Lounge vs Pint Pot on 2025-02-19',3,'',10,14, TO_TIMESTAMP('2025-01-17 14:08:44', 'YYYY-MM-DD HH24:MI:SS'));
INSERT INTO django_admin_log VALUES(839,'910','The Boot vs Boldmere Lounge on 2025-02-13',3,'',10,14, TO_TIMESTAMP('2025-01-17 14:08:44', 'YYYY-MM-DD HH24:MI:SS'));
INSERT INTO django_admin_log VALUES(840,'909','The Hounds vs Beggars Bush on 2025-02-12',3,'',10,14, TO_TIMESTAMP('2025-01-17 14:08:44', 'YYYY-MM-DD HH24:MI:SS'));
INSERT INTO django_admin_log VALUES(841,'908','ALL 4 ONE vs Second City on 2025-02-13',3,'',10,14, TO_TIMESTAMP('2025-01-17 14:08:44', 'YYYY-MM-DD HH24:MI:SS'));
INSERT INTO django_admin_log VALUES(842,'907','Boldmere Sports Soc vs Hollyfields on 2025-02-11',3,'',10,14, TO_TIMESTAMP('2025-01-17 14:08:44', 'YYYY-MM-DD HH24:MI:SS'));
INSERT INTO django_admin_log VALUES(843,'906','The Greyhound vs Sutton Sports on 2025-02-11',3,'',10,14, TO_TIMESTAMP('2025-01-17 14:08:44', 'YYYY-MM-DD HH24:MI:SS'));
INSERT INTO django_admin_log VALUES(844,'905','Pint Pot vs Digby Dogs on 2025-02-12',3,'',10,14, TO_TIMESTAMP('2025-01-17 14:08:44', 'YYYY-MM-DD HH24:MI:SS'));
INSERT INTO django_admin_log VALUES(845,'904','X vs Sutton Sports on 2025-01-21',3,'',10,14, TO_TIMESTAMP('2025-01-17 14:08:44', 'YYYY-MM-DD HH24:MI:SS'));
INSERT INTO django_admin_log VALUES(846,'903','ALL 4 ONE vs Digby Dogs on 2025-01-23',3,'',10,14, TO_TIMESTAMP('2025-01-17 14:08:44', 'YYYY-MM-DD HH24:MI:SS'));
INSERT INTO django_admin_log VALUES(847,'902','Boldmere Sports Soc vs Pint Pot on 2025-01-21',3,'',10,14, TO_TIMESTAMP('2025-01-17 14:08:44', 'YYYY-MM-DD HH24:MI:SS'));
INSERT INTO django_admin_log VALUES(848,'901','The Greyhound vs Boldmere Lounge on 2025-01-21',3,'',10,14, TO_TIMESTAMP('2025-01-17 14:08:44', 'YYYY-MM-DD HH24:MI:SS'));
INSERT INTO django_admin_log VALUES(849,'900','Beggars Bush vs Second City on 2025-01-23',3,'',10,14, TO_TIMESTAMP('2025-01-17 14:08:44', 'YYYY-MM-DD HH24:MI:SS'));
INSERT INTO django_admin_log VALUES(850,'899','Hollyfields vs The Hounds on 2025-01-22',3,'',10,14, TO_TIMESTAMP('2025-01-17 14:08:44', 'YYYY-MM-DD HH24:MI:SS'));
INSERT INTO django_admin_log VALUES(851,'898','Boldmere Sports Soc vs The Greyhound on 2025-01-14',3,'',10,14, TO_TIMESTAMP('2025-01-17 14:08:44', 'YYYY-MM-DD HH24:MI:SS'));
INSERT INTO django_admin_log VALUES(852,'897','The Hounds vs Boldmere Lounge on 2025-01-15',3,'',10,14, TO_TIMESTAMP('2025-01-17 14:08:44', 'YYYY-MM-DD HH24:MI:SS'));
INSERT INTO django_admin_log VALUES(853,'896','ALL 4 ONE vs Beggars Bush on 2025-01-16',3,'',10,14, TO_TIMESTAMP('2025-01-17 14:08:44', 'YYYY-MM-DD HH24:MI:SS'));
INSERT INTO django_admin_log VALUES(854,'895','Second City vs X on 2025-01-15',3,'',10,14, TO_TIMESTAMP('2025-01-17 14:08:44', 'YYYY-MM-DD HH24:MI:SS'));
INSERT INTO django_admin_log VALUES(855,'894','Sutton Sports vs Pint Pot on 2025-01-15',3,'',10,14, TO_TIMESTAMP('2025-01-17 14:08:44', 'YYYY-MM-DD HH24:MI:SS'));
INSERT INTO django_admin_log VALUES(856,'893','Digby Dogs vs Hollyfields on 2025-01-15',3,'',10,14, TO_TIMESTAMP('2025-01-17 14:08:44', 'YYYY-MM-DD HH24:MI:SS'));
INSERT INTO django_admin_log VALUES(857,'892','Boldmere Sports Soc vs X on 2025-01-07',3,'',10,14, TO_TIMESTAMP('2025-01-17 14:08:44', 'YYYY-MM-DD HH24:MI:SS'));
INSERT INTO django_admin_log VALUES(858,'891','The Greyhound vs ALL 4 ONE on 2025-01-07',3,'',10,14, TO_TIMESTAMP('2025-01-17 14:08:44', 'YYYY-MM-DD HH24:MI:SS'));
INSERT INTO django_admin_log VALUES(859,'890','Beggars Bush vs Pint Pot on 2025-01-09',3,'',10,14, TO_TIMESTAMP('2025-01-17 14:08:44', 'YYYY-MM-DD HH24:MI:SS'));
INSERT INTO django_admin_log VALUES(860,'889','Hollyfields vs Boldmere Lounge on 2025-01-08',3,'',10,14, TO_TIMESTAMP('2025-01-17 14:08:44', 'YYYY-MM-DD HH24:MI:SS'));
INSERT INTO django_admin_log VALUES(861,'888','Second City vs Sutton Sports on 2025-01-08',3,'',10,14, TO_TIMESTAMP('2025-01-17 14:08:44', 'YYYY-MM-DD HH24:MI:SS'));
INSERT INTO django_admin_log VALUES(862,'887','Digby Dogs vs The Hounds on 2025-01-08',3,'',10,14, TO_TIMESTAMP('2025-01-17 14:08:44', 'YYYY-MM-DD HH24:MI:SS'));
INSERT INTO django_admin_log VALUES(863,'886','The Hounds vs Boldmere Sports Soc on 2024-12-11',3,'',10,14, TO_TIMESTAMP('2025-01-17 14:08:44', 'YYYY-MM-DD HH24:MI:SS'));
INSERT INTO django_admin_log VALUES(864,'885','X vs The Greyhound on 2024-12-10',3,'',10,14, TO_TIMESTAMP('2025-01-17 14:08:44', 'YYYY-MM-DD HH24:MI:SS'));
INSERT INTO django_admin_log VALUES(865,'884','Boldmere Lounge vs Second City on 2024-12-11',3,'',10,14, TO_TIMESTAMP('2025-01-17 14:08:44', 'YYYY-MM-DD HH24:MI:SS'));
INSERT INTO django_admin_log VALUES(866,'883','Beggars Bush vs Digby Dogs on 2024-12-12',3,'',10,14, TO_TIMESTAMP('2025-01-17 14:08:44', 'YYYY-MM-DD HH24:MI:SS'));
INSERT INTO django_admin_log VALUES(867,'882','Pint Pot vs Hollyfields on 2024-12-11',3,'',10,14, TO_TIMESTAMP('2025-01-17 14:08:44', 'YYYY-MM-DD HH24:MI:SS'));
INSERT INTO django_admin_log VALUES(868,'881','Sutton Sports vs ALL 4 ONE on 2024-12-11',3,'',10,14, TO_TIMESTAMP('2025-01-17 14:08:44', 'YYYY-MM-DD HH24:MI:SS'));
INSERT INTO django_admin_log VALUES(869,'880','The Hounds vs The Greyhound on 2024-12-04',3,'',10,14, TO_TIMESTAMP('2025-01-17 14:08:44', 'YYYY-MM-DD HH24:MI:SS'));
INSERT INTO django_admin_log VALUES(870,'879','Second City vs Boldmere Sports Soc on 2024-12-04',3,'',10,14, TO_TIMESTAMP('2025-01-17 14:08:44', 'YYYY-MM-DD HH24:MI:SS'));
INSERT INTO django_admin_log VALUES(871,'878','Beggars Bush vs Sutton Sports on 2024-12-05',3,'',10,14, TO_TIMESTAMP('2025-01-17 14:08:44', 'YYYY-MM-DD HH24:MI:SS'));
INSERT INTO django_admin_log VALUES(872,'877','X vs Hollyfields on 2024-12-03',3,'',10,14, TO_TIMESTAMP('2025-01-17 14:08:44', 'YYYY-MM-DD HH24:MI:SS'));
INSERT INTO django_admin_log VALUES(873,'876','Boldmere Lounge vs Digby Dogs on 2024-12-04',3,'',10,14, TO_TIMESTAMP('2025-01-17 14:08:44', 'YYYY-MM-DD HH24:MI:SS'));
INSERT INTO django_admin_log VALUES(874,'875','ALL 4 ONE vs Pint Pot on 2024-12-05',3,'',10,14, TO_TIMESTAMP('2025-01-17 14:08:44', 'YYYY-MM-DD HH24:MI:SS'));
INSERT INTO django_admin_log VALUES(875,'874','Boldmere Sports Soc vs Digby Dogs on 2024-11-19',3,'',10,14, TO_TIMESTAMP('2025-01-17 14:08:44', 'YYYY-MM-DD HH24:MI:SS'));
INSERT INTO django_admin_log VALUES(876,'873','The Greyhound vs Second City on 2024-11-19',3,'',10,14, TO_TIMESTAMP('2025-01-17 14:08:44', 'YYYY-MM-DD HH24:MI:SS'));
INSERT INTO django_admin_log VALUES(877,'872','Sutton Sports vs Boldmere Lounge on 2024-11-20',3,'',10,14, TO_TIMESTAMP('2025-01-17 14:08:44', 'YYYY-MM-DD HH24:MI:SS'));
INSERT INTO django_admin_log VALUES(878,'871','Hollyfields vs Beggars Bush on 2024-11-20',3,'',10,14, TO_TIMESTAMP('2025-01-17 14:08:44', 'YYYY-MM-DD HH24:MI:SS'));
INSERT INTO django_admin_log VALUES(879,'870','X vs ALL 4 ONE on 2024-11-19',3,'',10,14, TO_TIMESTAMP('2025-01-17 14:08:50', 'YYYY-MM-DD HH24:MI:SS'));
INSERT INTO django_admin_log VALUES(880,'869','Pint Pot vs The Hounds on 2024-11-20',3,'',10,14, TO_TIMESTAMP('2025-01-17 14:08:50', 'YYYY-MM-DD HH24:MI:SS'));
INSERT INTO django_admin_log VALUES(881,'868','ALL 4 ONE vs Boldmere Lounge on 2024-11-12',3,'',10,14, TO_TIMESTAMP('2025-01-17 14:08:50', 'YYYY-MM-DD HH24:MI:SS'));
INSERT INTO django_admin_log VALUES(882,'867','The Hounds vs Sutton Sports on 2024-11-13',3,'',10,14, TO_TIMESTAMP('2025-01-17 14:08:50', 'YYYY-MM-DD HH24:MI:SS'));
INSERT INTO django_admin_log VALUES(883,'866','Beggars Bush vs Boldmere Sports Soc on 2024-11-14',3,'',10,14, TO_TIMESTAMP('2025-01-17 14:08:50', 'YYYY-MM-DD HH24:MI:SS'));
INSERT INTO django_admin_log VALUES(884,'865','Hollyfields vs The Greyhound on 2024-11-13',3,'',10,14, TO_TIMESTAMP('2025-01-17 14:08:50', 'YYYY-MM-DD HH24:MI:SS'));
INSERT INTO django_admin_log VALUES(885,'864','Pint Pot vs Second City on 2024-11-13',3,'',10,14, TO_TIMESTAMP('2025-01-17 14:08:50', 'YYYY-MM-DD HH24:MI:SS'));
INSERT INTO django_admin_log VALUES(886,'863','Digby Dogs vs X on 2024-11-13',3,'',10,14, TO_TIMESTAMP('2025-01-17 14:08:50', 'YYYY-MM-DD HH24:MI:SS'));
INSERT INTO django_admin_log VALUES(887,'862','X vs Pint Pot on 2024-11-05',3,'',10,14, TO_TIMESTAMP('2025-01-17 14:08:50', 'YYYY-MM-DD HH24:MI:SS'));
INSERT INTO django_admin_log VALUES(888,'861','ALL 4 ONE vs The Hounds on 2024-11-07',3,'',10,14, TO_TIMESTAMP('2025-01-17 14:08:50', 'YYYY-MM-DD HH24:MI:SS'));
INSERT INTO django_admin_log VALUES(889,'860','The Greyhound vs Beggars Bush on 2024-11-05',3,'',10,14, TO_TIMESTAMP('2025-01-17 14:08:50', 'YYYY-MM-DD HH24:MI:SS'));
INSERT INTO django_admin_log VALUES(890,'859','Boldmere Lounge vs Boldmere Sports Soc on 2024-11-06',3,'',10,14, TO_TIMESTAMP('2025-01-17 14:08:50', 'YYYY-MM-DD HH24:MI:SS'));
INSERT INTO django_admin_log VALUES(891,'858','Second City vs Digby Dogs on 2024-11-06',3,'',10,14, TO_TIMESTAMP('2025-01-17 14:08:50', 'YYYY-MM-DD HH24:MI:SS'));
INSERT INTO django_admin_log VALUES(892,'857','Sutton Sports vs Hollyfields on 2024-11-06',3,'',10,14, TO_TIMESTAMP('2025-01-17 14:08:50', 'YYYY-MM-DD HH24:MI:SS'));
INSERT INTO django_admin_log VALUES(893,'856','The Hounds vs X on 2024-10-16',3,'',10,14, TO_TIMESTAMP('2025-01-17 14:08:50', 'YYYY-MM-DD HH24:MI:SS'));
INSERT INTO django_admin_log VALUES(894,'855','Boldmere Sports Soc vs ALL 4 ONE on 2024-10-15',3,'',10,14, TO_TIMESTAMP('2025-01-17 14:08:50', 'YYYY-MM-DD HH24:MI:SS'));
INSERT INTO django_admin_log VALUES(895,'854','Pint Pot vs The Greyhound on 2024-10-16',3,'',10,14, TO_TIMESTAMP('2025-01-17 14:08:50', 'YYYY-MM-DD HH24:MI:SS'));
INSERT INTO django_admin_log VALUES(896,'853','Boldmere Lounge vs Beggars Bush on 2024-10-16',3,'',10,14, TO_TIMESTAMP('2025-01-17 14:08:50', 'YYYY-MM-DD HH24:MI:SS'));
INSERT INTO django_admin_log VALUES(897,'852','Hollyfields vs Second City on 2024-10-16',3,'',10,14, TO_TIMESTAMP('2025-01-17 14:08:50', 'YYYY-MM-DD HH24:MI:SS'));
INSERT INTO django_admin_log VALUES(898,'851','Digby Dogs vs Sutton Sports on 2024-10-16',3,'',10,14, TO_TIMESTAMP('2025-01-17 14:08:50', 'YYYY-MM-DD HH24:MI:SS'));
INSERT INTO django_admin_log VALUES(899,'850','Boldmere Lounge vs X on 2024-10-09',3,'',10,14, TO_TIMESTAMP('2025-01-17 14:08:50', 'YYYY-MM-DD HH24:MI:SS'));
INSERT INTO django_admin_log VALUES(900,'849','Beggars Bush vs The Hounds on 2024-10-10',3,'',10,14, TO_TIMESTAMP('2025-01-17 14:08:50', 'YYYY-MM-DD HH24:MI:SS'));
INSERT INTO django_admin_log VALUES(901,'848','Second City vs ALL 4 ONE on 2024-10-09',3,'',10,14, TO_TIMESTAMP('2025-01-17 14:08:50', 'YYYY-MM-DD HH24:MI:SS'));
INSERT INTO django_admin_log VALUES(902,'847','Hollyfields vs Boldmere Sports Soc on 2024-10-09',3,'',10,14, TO_TIMESTAMP('2025-01-17 14:08:50', 'YYYY-MM-DD HH24:MI:SS'));
INSERT INTO django_admin_log VALUES(903,'846','Sutton Sports vs The Greyhound on 2024-10-09',3,'',10,14, TO_TIMESTAMP('2025-01-17 14:08:50', 'YYYY-MM-DD HH24:MI:SS'));
INSERT INTO django_admin_log VALUES(904,'845','Digby Dogs vs Pint Pot on 2024-10-09',3,'',10,14, TO_TIMESTAMP('2025-01-17 14:08:50', 'YYYY-MM-DD HH24:MI:SS'));
INSERT INTO django_admin_log VALUES(905,'844','X vs Beggars Bush on 2024-10-01',3,'',10,14, TO_TIMESTAMP('2025-01-17 14:08:50', 'YYYY-MM-DD HH24:MI:SS'));
INSERT INTO django_admin_log VALUES(906,'843','The Hounds vs Second City on 2024-10-02',3,'',10,14, TO_TIMESTAMP('2025-01-17 14:08:50', 'YYYY-MM-DD HH24:MI:SS'));
INSERT INTO django_admin_log VALUES(907,'842','ALL 4 ONE vs Hollyfields on 2024-10-03',3,'',10,14, TO_TIMESTAMP('2025-01-17 14:08:50', 'YYYY-MM-DD HH24:MI:SS'));
INSERT INTO django_admin_log VALUES(908,'841','Boldmere Sports Soc vs Sutton Sports on 2024-10-01',3,'',10,14, TO_TIMESTAMP('2025-01-17 14:08:50', 'YYYY-MM-DD HH24:MI:SS'));
INSERT INTO django_admin_log VALUES(909,'840','The Greyhound vs Digby Dogs on 2024-10-01',3,'',10,14, TO_TIMESTAMP('2025-01-17 14:08:50', 'YYYY-MM-DD HH24:MI:SS'));
INSERT INTO django_admin_log VALUES(910,'839','Pint Pot vs Boldmere Lounge on 2024-10-02',3,'',10,14, TO_TIMESTAMP('2025-01-17 14:08:50', 'YYYY-MM-DD HH24:MI:SS'));
INSERT INTO django_admin_log VALUES(911,'838','The Greyhound vs Boldmere Sports Soc on 2025-06-05',3,'',10,14, TO_TIMESTAMP('2025-01-17 14:08:50', 'YYYY-MM-DD HH24:MI:SS'));
INSERT INTO django_admin_log VALUES(912,'837','Boldmere Lounge vs The Hounds on 2025-07-05',3,'',10,14, TO_TIMESTAMP('2025-01-17 14:08:50', 'YYYY-MM-DD HH24:MI:SS'));
INSERT INTO django_admin_log VALUES(913,'836','Beggars Bush vs ALL 4 ONE on 2025-08-05',3,'',10,14, TO_TIMESTAMP('2025-01-17 14:08:50', 'YYYY-MM-DD HH24:MI:SS'));
INSERT INTO django_admin_log VALUES(914,'835','The Boot vs Second City on 2025-08-05',3,'',10,14, TO_TIMESTAMP('2025-01-17 14:08:50', 'YYYY-MM-DD HH24:MI:SS'));
INSERT INTO django_admin_log VALUES(915,'834','Pint Pot vs Sutton Sports on 2025-07-05',3,'',10,14, TO_TIMESTAMP('2025-01-17 14:08:50', 'YYYY-MM-DD HH24:MI:SS'));
INSERT INTO django_admin_log VALUES(916,'833','Hollyfields vs Digby Dogs on 2025-07-05',3,'',10,14, TO_TIMESTAMP('2025-01-17 14:08:50', 'YYYY-MM-DD HH24:MI:SS'));
INSERT INTO django_admin_log VALUES(917,'832','ALL 4 ONE vs Sutton Sports on 2025-01-05',3,'',10,14, TO_TIMESTAMP('2025-01-17 14:08:50', 'YYYY-MM-DD HH24:MI:SS'));
INSERT INTO django_admin_log VALUES(918,'831','Digby Dogs vs Boldmere Sports Soc on 2025-09-04',3,'',10,14, TO_TIMESTAMP('2025-01-17 14:08:50', 'YYYY-MM-DD HH24:MI:SS'));
INSERT INTO django_admin_log VALUES(919,'830','Second City vs The Greyhound on 2025-09-04',3,'',10,14, TO_TIMESTAMP('2025-01-17 14:08:50', 'YYYY-MM-DD HH24:MI:SS'));
INSERT INTO django_admin_log VALUES(920,'829','Boldmere Lounge vs Sutton Sports on 2025-09-04',3,'',10,14, TO_TIMESTAMP('2025-01-17 14:08:50', 'YYYY-MM-DD HH24:MI:SS'));
INSERT INTO django_admin_log VALUES(921,'828','Beggars Bush vs Hollyfields on 2025-10-04',3,'',10,14, TO_TIMESTAMP('2025-01-17 14:08:50', 'YYYY-MM-DD HH24:MI:SS'));
INSERT INTO django_admin_log VALUES(922,'827','ALL 4 ONE vs The Boot on 2025-10-04',3,'',10,14, TO_TIMESTAMP('2025-01-17 14:08:50', 'YYYY-MM-DD HH24:MI:SS'));
INSERT INTO django_admin_log VALUES(923,'826','The Hounds vs Pint Pot on 2025-09-04',3,'',10,14, TO_TIMESTAMP('2025-01-17 14:08:50', 'YYYY-MM-DD HH24:MI:SS'));
INSERT INTO django_admin_log VALUES(924,'825','Boldmere Lounge vs ALL 4 ONE on 2025-02-04',3,'',10,14, TO_TIMESTAMP('2025-01-17 14:08:50', 'YYYY-MM-DD HH24:MI:SS'));
INSERT INTO django_admin_log VALUES(925,'824','Sutton Sports vs The Hounds on 2025-02-04',3,'',10,14, TO_TIMESTAMP('2025-01-17 14:08:50', 'YYYY-MM-DD HH24:MI:SS'));
INSERT INTO django_admin_log VALUES(926,'823','Boldmere Sports Soc vs Beggars Bush on 2025-01-04',3,'',10,14, TO_TIMESTAMP('2025-01-17 14:08:50', 'YYYY-MM-DD HH24:MI:SS'));
INSERT INTO django_admin_log VALUES(927,'822','The Greyhound vs Hollyfields on 2025-01-04',3,'',10,14, TO_TIMESTAMP('2025-01-17 14:08:50', 'YYYY-MM-DD HH24:MI:SS'));
INSERT INTO django_admin_log VALUES(928,'821','Second City vs Pint Pot on 2025-02-04',3,'',10,14, TO_TIMESTAMP('2025-01-17 14:08:50', 'YYYY-MM-DD HH24:MI:SS'));
INSERT INTO django_admin_log VALUES(929,'820','The Boot vs Digby Dogs on 2025-03-04',3,'',10,14, TO_TIMESTAMP('2025-01-17 14:08:50', 'YYYY-MM-DD HH24:MI:SS'));
INSERT INTO django_admin_log VALUES(930,'819','The Boot vs The Hounds on 2025-06-03',3,'',10,14, TO_TIMESTAMP('2025-01-17 14:08:50', 'YYYY-MM-DD HH24:MI:SS'));
INSERT INTO django_admin_log VALUES(931,'818','ALL 4 ONE vs Boldmere Sports Soc on 2025-06-03',3,'',10,14, TO_TIMESTAMP('2025-01-17 14:08:50', 'YYYY-MM-DD HH24:MI:SS'));
INSERT INTO django_admin_log VALUES(932,'817','The Greyhound vs Pint Pot on 2025-04-03',3,'',10,14, TO_TIMESTAMP('2025-01-17 14:08:50', 'YYYY-MM-DD HH24:MI:SS'));
INSERT INTO django_admin_log VALUES(933,'816','Beggars Bush vs Boldmere Lounge on 2025-06-03',3,'',10,14, TO_TIMESTAMP('2025-01-17 14:08:50', 'YYYY-MM-DD HH24:MI:SS'));
INSERT INTO django_admin_log VALUES(934,'815','Second City vs Hollyfields on 2025-05-03',3,'',10,14, TO_TIMESTAMP('2025-01-17 14:08:50', 'YYYY-MM-DD HH24:MI:SS'));
INSERT INTO django_admin_log VALUES(935,'814','Sutton Sports vs Digby Dogs on 2025-05-03',3,'',10,14, TO_TIMESTAMP('2025-01-17 14:08:50', 'YYYY-MM-DD HH24:MI:SS'));
INSERT INTO django_admin_log VALUES(936,'813','The Hounds vs Beggars Bush on 2025-12-02',3,'',10,14, TO_TIMESTAMP('2025-01-17 14:08:50', 'YYYY-MM-DD HH24:MI:SS'));
INSERT INTO django_admin_log VALUES(937,'812','Boldmere Sports Soc vs Hollyfields on 2025-11-02',3,'',10,14, TO_TIMESTAMP('2025-01-17 14:08:50', 'YYYY-MM-DD HH24:MI:SS'));
INSERT INTO django_admin_log VALUES(938,'811','The Greyhound vs Sutton Sports on 2025-11-02',3,'',10,14, TO_TIMESTAMP('2025-01-17 14:08:50', 'YYYY-MM-DD HH24:MI:SS'));
INSERT INTO django_admin_log VALUES(939,'810','Pint Pot vs Digby Dogs on 2025-12-02',3,'',10,14, TO_TIMESTAMP('2025-01-17 14:08:50', 'YYYY-MM-DD HH24:MI:SS'));
INSERT INTO django_admin_log VALUES(940,'809','Boldmere Sports Soc vs X on 2025-07-01',3,'',10,14, TO_TIMESTAMP('2025-01-17 14:08:50', 'YYYY-MM-DD HH24:MI:SS'));
INSERT INTO django_admin_log VALUES(941,'808','The Greyhound vs ALL 4 ONE on 2025-07-01',3,'',10,14, TO_TIMESTAMP('2025-01-17 14:08:50', 'YYYY-MM-DD HH24:MI:SS'));
INSERT INTO django_admin_log VALUES(942,'807','Beggars Bush vs Pint Pot on 2025-09-01',3,'',10,14, TO_TIMESTAMP('2025-01-17 14:08:50', 'YYYY-MM-DD HH24:MI:SS'));
INSERT INTO django_admin_log VALUES(943,'806','Hollyfields vs Boldmere Lounge on 2025-08-01',3,'',10,14, TO_TIMESTAMP('2025-01-17 14:08:50', 'YYYY-MM-DD HH24:MI:SS'));
INSERT INTO django_admin_log VALUES(944,'805','Second City vs Sutton Sports on 2025-08-01',3,'',10,14, TO_TIMESTAMP('2025-01-17 14:08:50', 'YYYY-MM-DD HH24:MI:SS'));
INSERT INTO django_admin_log VALUES(945,'804','Digby Dogs vs The Hounds on 2025-08-01',3,'',10,14, TO_TIMESTAMP('2025-01-17 14:08:50', 'YYYY-MM-DD HH24:MI:SS'));
INSERT INTO django_admin_log VALUES(946,'803','The Hounds vs Boldmere Sports Soc on 2024-11-12',3,'',10,14, TO_TIMESTAMP('2025-01-17 14:08:50', 'YYYY-MM-DD HH24:MI:SS'));
INSERT INTO django_admin_log VALUES(947,'802','X vs The Greyhound on 2024-10-12',3,'',10,14, TO_TIMESTAMP('2025-01-17 14:08:50', 'YYYY-MM-DD HH24:MI:SS'));
INSERT INTO django_admin_log VALUES(948,'801','Boldmere Lounge vs Second City on 2024-11-12',3,'',10,14, TO_TIMESTAMP('2025-01-17 14:08:50', 'YYYY-MM-DD HH24:MI:SS'));
INSERT INTO django_admin_log VALUES(949,'800','Beggars Bush vs Digby Dogs on 2024-12-12',3,'',10,14, TO_TIMESTAMP('2025-01-17 14:08:50', 'YYYY-MM-DD HH24:MI:SS'));
INSERT INTO django_admin_log VALUES(950,'799','Pint Pot vs Hollyfields on 2024-11-12',3,'',10,14, TO_TIMESTAMP('2025-01-17 14:08:50', 'YYYY-MM-DD HH24:MI:SS'));
INSERT INTO django_admin_log VALUES(951,'798','Sutton Sports vs ALL 4 ONE on 2024-11-12',3,'',10,14, TO_TIMESTAMP('2025-01-17 14:08:50', 'YYYY-MM-DD HH24:MI:SS'));
INSERT INTO django_admin_log VALUES(952,'797','The Hounds vs The Greyhound on 2024-04-12',3,'',10,14, TO_TIMESTAMP('2025-01-17 14:08:50', 'YYYY-MM-DD HH24:MI:SS'));
INSERT INTO django_admin_log VALUES(953,'796','Second City vs Boldmere Sports Soc on 2024-04-12',3,'',10,14, TO_TIMESTAMP('2025-01-17 14:08:50', 'YYYY-MM-DD HH24:MI:SS'));
INSERT INTO django_admin_log VALUES(954,'795','Beggars Bush vs Sutton Sports on 2024-05-12',3,'',10,14, TO_TIMESTAMP('2025-01-17 14:08:50', 'YYYY-MM-DD HH24:MI:SS'));
INSERT INTO django_admin_log VALUES(955,'794','X vs Hollyfields on 2024-03-12',3,'',10,14, TO_TIMESTAMP('2025-01-17 14:08:50', 'YYYY-MM-DD HH24:MI:SS'));
INSERT INTO django_admin_log VALUES(956,'793','Boldmere Lounge vs Digby Dogs on 2024-04-12',3,'',10,14, TO_TIMESTAMP('2025-01-17 14:08:50', 'YYYY-MM-DD HH24:MI:SS'));
INSERT INTO django_admin_log VALUES(957,'792','ALL 4 ONE vs Pint Pot on 2024-05-12',3,'',10,14, TO_TIMESTAMP('2025-01-17 14:08:50', 'YYYY-MM-DD HH24:MI:SS'));
INSERT INTO django_admin_log VALUES(958,'791','ALL 4 ONE vs Boldmere Lounge on 2024-12-11',3,'',10,14, TO_TIMESTAMP('2025-01-17 14:08:50', 'YYYY-MM-DD HH24:MI:SS'));
INSERT INTO django_admin_log VALUES(959,'790','X vs Pint Pot on 2024-05-11',3,'',10,14, TO_TIMESTAMP('2025-01-17 14:08:50', 'YYYY-MM-DD HH24:MI:SS'));
INSERT INTO django_admin_log VALUES(960,'789','ALL 4 ONE vs The Hounds on 2024-07-11',3,'',10,14, TO_TIMESTAMP('2025-01-17 14:08:50', 'YYYY-MM-DD HH24:MI:SS'));
INSERT INTO django_admin_log VALUES(961,'788','The Greyhound vs Beggars Bush on 2024-05-11',3,'',10,14, TO_TIMESTAMP('2025-01-17 14:08:50', 'YYYY-MM-DD HH24:MI:SS'));
INSERT INTO django_admin_log VALUES(962,'787','Boldmere Lounge vs Boldmere Sports Soc on 2024-06-11',3,'',10,14, TO_TIMESTAMP('2025-01-17 14:08:50', 'YYYY-MM-DD HH24:MI:SS'));
INSERT INTO django_admin_log VALUES(963,'786','Second City vs Digby Dogs on 2024-06-11',3,'',10,14, TO_TIMESTAMP('2025-01-17 14:08:50', 'YYYY-MM-DD HH24:MI:SS'));
INSERT INTO django_admin_log VALUES(964,'785','Sutton Sports vs Hollyfields on 2024-06-11',3,'',10,14, TO_TIMESTAMP('2025-01-17 14:08:50', 'YYYY-MM-DD HH24:MI:SS'));
INSERT INTO django_admin_log VALUES(965,'784','Boldmere Lounge vs X on 2024-09-10',3,'',10,14, TO_TIMESTAMP('2025-01-17 14:08:50', 'YYYY-MM-DD HH24:MI:SS'));
INSERT INTO django_admin_log VALUES(966,'783','Beggars Bush vs The Hounds on 2024-10-10',3,'',10,14, TO_TIMESTAMP('2025-01-17 14:08:50', 'YYYY-MM-DD HH24:MI:SS'));
INSERT INTO django_admin_log VALUES(967,'782','Second City vs ALL 4 ONE on 2024-09-10',3,'',10,14, TO_TIMESTAMP('2025-01-17 14:08:50', 'YYYY-MM-DD HH24:MI:SS'));
INSERT INTO django_admin_log VALUES(968,'781','Hollyfields vs Boldmere Sports Soc on 2024-09-10',3,'',10,14, TO_TIMESTAMP('2025-01-17 14:08:50', 'YYYY-MM-DD HH24:MI:SS'));
INSERT INTO django_admin_log VALUES(969,'780','Sutton Sports vs The Greyhound on 2024-09-10',3,'',10,14, TO_TIMESTAMP('2025-01-17 14:08:50', 'YYYY-MM-DD HH24:MI:SS'));
INSERT INTO django_admin_log VALUES(970,'779','Digby Dogs vs Pint Pot on 2024-09-10',3,'',10,14, TO_TIMESTAMP('2025-01-17 14:08:50', 'YYYY-MM-DD HH24:MI:SS'));
INSERT INTO django_admin_log VALUES(971,'778','X vs Beggars Bush on 2024-01-10',3,'',10,14, TO_TIMESTAMP('2025-01-17 14:08:50', 'YYYY-MM-DD HH24:MI:SS'));
INSERT INTO django_admin_log VALUES(972,'777','The Hounds vs Second City on 2024-02-10',3,'',10,14, TO_TIMESTAMP('2025-01-17 14:08:50', 'YYYY-MM-DD HH24:MI:SS'));
INSERT INTO django_admin_log VALUES(973,'776','ALL 4 ONE vs Hollyfields on 2024-03-10',3,'',10,14, TO_TIMESTAMP('2025-01-17 14:08:50', 'YYYY-MM-DD HH24:MI:SS'));
INSERT INTO django_admin_log VALUES(974,'775','Boldmere Sports Soc vs Sutton Sports on 2024-01-10',3,'',10,14, TO_TIMESTAMP('2025-01-17 14:08:50', 'YYYY-MM-DD HH24:MI:SS'));
INSERT INTO django_admin_log VALUES(975,'774','The Greyhound vs Digby Dogs on 2024-01-10',3,'',10,14, TO_TIMESTAMP('2025-01-17 14:08:50', 'YYYY-MM-DD HH24:MI:SS'));
INSERT INTO django_admin_log VALUES(976,'773','Pint Pot vs Boldmere Lounge on 2024-02-10',3,'',10,14, TO_TIMESTAMP('2025-01-17 14:08:50', 'YYYY-MM-DD HH24:MI:SS'));
INSERT INTO django_admin_log VALUES(977,'772','The Greyhound vs Boldmere Sports Soc on 2025-06-05',3,'',10,14, TO_TIMESTAMP('2025-01-17 14:08:50', 'YYYY-MM-DD HH24:MI:SS'));
INSERT INTO django_admin_log VALUES(978,'771','Boldmere Lounge vs The Hounds on 2025-07-05',3,'',10,14, TO_TIMESTAMP('2025-01-17 14:08:50', 'YYYY-MM-DD HH24:MI:SS'));
INSERT INTO django_admin_log VALUES(979,'770','Beggars Bush vs ALL 4 ONE on 2025-08-05',3,'',10,14, TO_TIMESTAMP('2025-01-17 14:08:55', 'YYYY-MM-DD HH24:MI:SS'));
INSERT INTO django_admin_log VALUES(980,'769','The Boot vs Second City on 2025-08-05',3,'',10,14, TO_TIMESTAMP('2025-01-17 14:08:55', 'YYYY-MM-DD HH24:MI:SS'));
INSERT INTO django_admin_log VALUES(981,'768','Pint Pot vs Sutton Sports on 2025-07-05',3,'',10,14, TO_TIMESTAMP('2025-01-17 14:08:55', 'YYYY-MM-DD HH24:MI:SS'));
INSERT INTO django_admin_log VALUES(982,'767','Hollyfields vs Digby Dogs on 2025-07-05',3,'',10,14, TO_TIMESTAMP('2025-01-17 14:08:55', 'YYYY-MM-DD HH24:MI:SS'));
INSERT INTO django_admin_log VALUES(983,'766','ALL 4 ONE vs Sutton Sports on 2025-01-05',3,'',10,14, TO_TIMESTAMP('2025-01-17 14:08:55', 'YYYY-MM-DD HH24:MI:SS'));
INSERT INTO django_admin_log VALUES(984,'765','Digby Dogs vs Boldmere Sports Soc on 2025-09-04',3,'',10,14, TO_TIMESTAMP('2025-01-17 14:08:55', 'YYYY-MM-DD HH24:MI:SS'));
INSERT INTO django_admin_log VALUES(985,'764','Second City vs The Greyhound on 2025-09-04',3,'',10,14, TO_TIMESTAMP('2025-01-17 14:08:55', 'YYYY-MM-DD HH24:MI:SS'));
INSERT INTO django_admin_log VALUES(986,'763','Boldmere Lounge vs Sutton Sports on 2025-09-04',3,'',10,14, TO_TIMESTAMP('2025-01-17 14:08:55', 'YYYY-MM-DD HH24:MI:SS'));
INSERT INTO django_admin_log VALUES(987,'762','Beggars Bush vs Hollyfields on 2025-10-04',3,'',10,14, TO_TIMESTAMP('2025-01-17 14:08:55', 'YYYY-MM-DD HH24:MI:SS'));
INSERT INTO django_admin_log VALUES(988,'761','ALL 4 ONE vs The Boot on 2025-10-04',3,'',10,14, TO_TIMESTAMP('2025-01-17 14:08:55', 'YYYY-MM-DD HH24:MI:SS'));
INSERT INTO django_admin_log VALUES(989,'760','The Hounds vs Pint Pot on 2025-09-04',3,'',10,14, TO_TIMESTAMP('2025-01-17 14:08:55', 'YYYY-MM-DD HH24:MI:SS'));
INSERT INTO django_admin_log VALUES(990,'759','Boldmere Lounge vs ALL 4 ONE on 2025-02-04',3,'',10,14, TO_TIMESTAMP('2025-01-17 14:08:55', 'YYYY-MM-DD HH24:MI:SS'));
INSERT INTO django_admin_log VALUES(991,'758','Sutton Sports vs The Hounds on 2025-02-04',3,'',10,14, TO_TIMESTAMP('2025-01-17 14:08:55', 'YYYY-MM-DD HH24:MI:SS'));
INSERT INTO django_admin_log VALUES(992,'757','Boldmere Sports Soc vs Beggars Bush on 2025-01-04',3,'',10,14, TO_TIMESTAMP('2025-01-17 14:08:55', 'YYYY-MM-DD HH24:MI:SS'));
INSERT INTO django_admin_log VALUES(993,'756','The Greyhound vs Hollyfields on 2025-01-04',3,'',10,14, TO_TIMESTAMP('2025-01-17 14:08:55', 'YYYY-MM-DD HH24:MI:SS'));
INSERT INTO django_admin_log VALUES(994,'755','Second City vs Pint Pot on 2025-02-04',3,'',10,14, TO_TIMESTAMP('2025-01-17 14:08:55', 'YYYY-MM-DD HH24:MI:SS'));
INSERT INTO django_admin_log VALUES(995,'754','The Boot vs Digby Dogs on 2025-03-04',3,'',10,14, TO_TIMESTAMP('2025-01-17 14:08:55', 'YYYY-MM-DD HH24:MI:SS'));
INSERT INTO django_admin_log VALUES(996,'753','The Boot vs The Hounds on 2025-06-03',3,'',10,14, TO_TIMESTAMP('2025-01-17 14:08:55', 'YYYY-MM-DD HH24:MI:SS'));
INSERT INTO django_admin_log VALUES(997,'752','ALL 4 ONE vs Boldmere Sports Soc on 2025-06-03',3,'',10,14, TO_TIMESTAMP('2025-01-17 14:08:55', 'YYYY-MM-DD HH24:MI:SS'));
INSERT INTO django_admin_log VALUES(998,'751','The Greyhound vs Pint Pot on 2025-04-03',3,'',10,14, TO_TIMESTAMP('2025-01-17 14:08:55', 'YYYY-MM-DD HH24:MI:SS'));
INSERT INTO django_admin_log VALUES(999,'750','Beggars Bush vs Boldmere Lounge on 2025-06-03',3,'',10,14, TO_TIMESTAMP('2025-01-17 14:08:55', 'YYYY-MM-DD HH24:MI:SS'));
INSERT INTO django_admin_log VALUES(1000,'749','Second City vs Hollyfields on 2025-05-03',3,'',10,14, TO_TIMESTAMP('2025-01-17 14:08:55', 'YYYY-MM-DD HH24:MI:SS'));
INSERT INTO django_admin_log VALUES(1001,'748','Sutton Sports vs Digby Dogs on 2025-05-03',3,'',10,14, TO_TIMESTAMP('2025-01-17 14:08:55', 'YYYY-MM-DD HH24:MI:SS'));
INSERT INTO django_admin_log VALUES(1002,'747','The Hounds vs Beggars Bush on 2025-12-02',3,'',10,14, TO_TIMESTAMP('2025-01-17 14:08:55', 'YYYY-MM-DD HH24:MI:SS'));
INSERT INTO django_admin_log VALUES(1003,'746','Boldmere Sports Soc vs Hollyfields on 2025-11-02',3,'',10,14, TO_TIMESTAMP('2025-01-17 14:08:55', 'YYYY-MM-DD HH24:MI:SS'));
INSERT INTO django_admin_log VALUES(1004,'745','The Greyhound vs Sutton Sports on 2025-11-02',3,'',10,14, TO_TIMESTAMP('2025-01-17 14:08:55', 'YYYY-MM-DD HH24:MI:SS'));
INSERT INTO django_admin_log VALUES(1005,'744','Pint Pot vs Digby Dogs on 2025-12-02',3,'',10,14, TO_TIMESTAMP('2025-01-17 14:08:55', 'YYYY-MM-DD HH24:MI:SS'));
INSERT INTO django_admin_log VALUES(1006,'743','Boldmere Sports Soc vs X on 2025-07-01',3,'',10,14, TO_TIMESTAMP('2025-01-17 14:08:55', 'YYYY-MM-DD HH24:MI:SS'));
INSERT INTO django_admin_log VALUES(1007,'742','The Greyhound vs ALL 4 ONE on 2025-07-01',3,'',10,14, TO_TIMESTAMP('2025-01-17 14:08:55', 'YYYY-MM-DD HH24:MI:SS'));
INSERT INTO django_admin_log VALUES(1008,'741','Beggars Bush vs Pint Pot on 2025-09-01',3,'',10,14, TO_TIMESTAMP('2025-01-17 14:08:55', 'YYYY-MM-DD HH24:MI:SS'));
INSERT INTO django_admin_log VALUES(1009,'740','Hollyfields vs Boldmere Lounge on 2025-08-01',3,'',10,14, TO_TIMESTAMP('2025-01-17 14:08:55', 'YYYY-MM-DD HH24:MI:SS'));
INSERT INTO django_admin_log VALUES(1010,'739','Second City vs Sutton Sports on 2025-08-01',3,'',10,14, TO_TIMESTAMP('2025-01-17 14:08:55', 'YYYY-MM-DD HH24:MI:SS'));
INSERT INTO django_admin_log VALUES(1011,'738','Digby Dogs vs The Hounds on 2025-08-01',3,'',10,14, TO_TIMESTAMP('2025-01-17 14:08:55', 'YYYY-MM-DD HH24:MI:SS'));
INSERT INTO django_admin_log VALUES(1012,'737','The Hounds vs Boldmere Sports Soc on 2024-11-12',3,'',10,14, TO_TIMESTAMP('2025-01-17 14:08:55', 'YYYY-MM-DD HH24:MI:SS'));
INSERT INTO django_admin_log VALUES(1013,'736','X vs The Greyhound on 2024-10-12',3,'',10,14, TO_TIMESTAMP('2025-01-17 14:08:55', 'YYYY-MM-DD HH24:MI:SS'));
INSERT INTO django_admin_log VALUES(1014,'735','Boldmere Lounge vs Second City on 2024-11-12',3,'',10,14, TO_TIMESTAMP('2025-01-17 14:08:55', 'YYYY-MM-DD HH24:MI:SS'));
INSERT INTO django_admin_log VALUES(1015,'734','Beggars Bush vs Digby Dogs on 2024-12-12',3,'',10,14, TO_TIMESTAMP('2025-01-17 14:08:55', 'YYYY-MM-DD HH24:MI:SS'));
INSERT INTO django_admin_log VALUES(1016,'733','Pint Pot vs Hollyfields on 2024-11-12',3,'',10,14, TO_TIMESTAMP('2025-01-17 14:08:55', 'YYYY-MM-DD HH24:MI:SS'));
INSERT INTO django_admin_log VALUES(1017,'732','Sutton Sports vs ALL 4 ONE on 2024-11-12',3,'',10,14, TO_TIMESTAMP('2025-01-17 14:08:55', 'YYYY-MM-DD HH24:MI:SS'));
INSERT INTO django_admin_log VALUES(1018,'731','The Hounds vs The Greyhound on 2024-04-12',3,'',10,14, TO_TIMESTAMP('2025-01-17 14:08:55', 'YYYY-MM-DD HH24:MI:SS'));
INSERT INTO django_admin_log VALUES(1019,'730','Second City vs Boldmere Sports Soc on 2024-04-12',3,'',10,14, TO_TIMESTAMP('2025-01-17 14:08:55', 'YYYY-MM-DD HH24:MI:SS'));
INSERT INTO django_admin_log VALUES(1020,'729','Beggars Bush vs Sutton Sports on 2024-05-12',3,'',10,14, TO_TIMESTAMP('2025-01-17 14:08:55', 'YYYY-MM-DD HH24:MI:SS'));
INSERT INTO django_admin_log VALUES(1021,'728','X vs Hollyfields on 2024-03-12',3,'',10,14, TO_TIMESTAMP('2025-01-17 14:08:55', 'YYYY-MM-DD HH24:MI:SS'));
INSERT INTO django_admin_log VALUES(1022,'727','Boldmere Lounge vs Digby Dogs on 2024-04-12',3,'',10,14, TO_TIMESTAMP('2025-01-17 14:08:55', 'YYYY-MM-DD HH24:MI:SS'));
INSERT INTO django_admin_log VALUES(1023,'726','ALL 4 ONE vs Pint Pot on 2024-05-12',3,'',10,14, TO_TIMESTAMP('2025-01-17 14:08:55', 'YYYY-MM-DD HH24:MI:SS'));
INSERT INTO django_admin_log VALUES(1024,'725','ALL 4 ONE vs Boldmere Lounge on 2024-12-11',3,'',10,14, TO_TIMESTAMP('2025-01-17 14:08:55', 'YYYY-MM-DD HH24:MI:SS'));
INSERT INTO django_admin_log VALUES(1025,'724','X vs Pint Pot on 2024-05-11',3,'',10,14, TO_TIMESTAMP('2025-01-17 14:08:55', 'YYYY-MM-DD HH24:MI:SS'));
INSERT INTO django_admin_log VALUES(1026,'723','ALL 4 ONE vs The Hounds on 2024-07-11',3,'',10,14, TO_TIMESTAMP('2025-01-17 14:08:55', 'YYYY-MM-DD HH24:MI:SS'));
INSERT INTO django_admin_log VALUES(1027,'722','The Greyhound vs Beggars Bush on 2024-05-11',3,'',10,14, TO_TIMESTAMP('2025-01-17 14:08:55', 'YYYY-MM-DD HH24:MI:SS'));
INSERT INTO django_admin_log VALUES(1028,'721','Boldmere Lounge vs Boldmere Sports Soc on 2024-06-11',3,'',10,14, TO_TIMESTAMP('2025-01-17 14:08:55', 'YYYY-MM-DD HH24:MI:SS'));
INSERT INTO django_admin_log VALUES(1029,'720','Second City vs Digby Dogs on 2024-06-11',3,'',10,14, TO_TIMESTAMP('2025-01-17 14:08:55', 'YYYY-MM-DD HH24:MI:SS'));
INSERT INTO django_admin_log VALUES(1030,'719','Sutton Sports vs Hollyfields on 2024-06-11',3,'',10,14, TO_TIMESTAMP('2025-01-17 14:08:55', 'YYYY-MM-DD HH24:MI:SS'));
INSERT INTO django_admin_log VALUES(1031,'718','Boldmere Lounge vs X on 2024-09-10',3,'',10,14, TO_TIMESTAMP('2025-01-17 14:08:55', 'YYYY-MM-DD HH24:MI:SS'));
INSERT INTO django_admin_log VALUES(1032,'717','Beggars Bush vs The Hounds on 2024-10-10',3,'',10,14, TO_TIMESTAMP('2025-01-17 14:08:55', 'YYYY-MM-DD HH24:MI:SS'));
INSERT INTO django_admin_log VALUES(1033,'716','Second City vs ALL 4 ONE on 2024-09-10',3,'',10,14, TO_TIMESTAMP('2025-01-17 14:08:55', 'YYYY-MM-DD HH24:MI:SS'));
INSERT INTO django_admin_log VALUES(1034,'715','Hollyfields vs Boldmere Sports Soc on 2024-09-10',3,'',10,14, TO_TIMESTAMP('2025-01-17 14:08:55', 'YYYY-MM-DD HH24:MI:SS'));
INSERT INTO django_admin_log VALUES(1035,'714','Sutton Sports vs The Greyhound on 2024-09-10',3,'',10,14, TO_TIMESTAMP('2025-01-17 14:08:55', 'YYYY-MM-DD HH24:MI:SS'));
INSERT INTO django_admin_log VALUES(1036,'713','Digby Dogs vs Pint Pot on 2024-09-10',3,'',10,14, TO_TIMESTAMP('2025-01-17 14:08:55', 'YYYY-MM-DD HH24:MI:SS'));
INSERT INTO django_admin_log VALUES(1037,'712','X vs Beggars Bush on 2024-01-10',3,'',10,14, TO_TIMESTAMP('2025-01-17 14:08:55', 'YYYY-MM-DD HH24:MI:SS'));
INSERT INTO django_admin_log VALUES(1038,'711','The Hounds vs Second City on 2024-02-10',3,'',10,14, TO_TIMESTAMP('2025-01-17 14:08:55', 'YYYY-MM-DD HH24:MI:SS'));
INSERT INTO django_admin_log VALUES(1039,'710','ALL 4 ONE vs Hollyfields on 2024-03-10',3,'',10,14, TO_TIMESTAMP('2025-01-17 14:08:55', 'YYYY-MM-DD HH24:MI:SS'));
INSERT INTO django_admin_log VALUES(1040,'709','Boldmere Sports Soc vs Sutton Sports on 2024-01-10',3,'',10,14, TO_TIMESTAMP('2025-01-17 14:08:55', 'YYYY-MM-DD HH24:MI:SS'));
INSERT INTO django_admin_log VALUES(1041,'708','The Greyhound vs Digby Dogs on 2024-01-10',3,'',10,14, TO_TIMESTAMP('2025-01-17 14:08:55', 'YYYY-MM-DD HH24:MI:SS'));
INSERT INTO django_admin_log VALUES(1042,'707','Pint Pot vs Boldmere Lounge on 2024-02-10',3,'',10,14, TO_TIMESTAMP('2025-01-17 14:08:55', 'YYYY-MM-DD HH24:MI:SS'));
INSERT INTO django_admin_log VALUES(1043,'1102','Sutton Sports vs The Boot on 2025-05-14',3,'',10,14, TO_TIMESTAMP('2025-01-19 11:35:04', 'YYYY-MM-DD HH24:MI:SS'));
INSERT INTO django_admin_log VALUES(1044,'1101','Digby Dogs vs ALL 4 ONE on 2025-05-14',3,'',10,14, TO_TIMESTAMP('2025-01-19 11:35:04', 'YYYY-MM-DD HH24:MI:SS'));
INSERT INTO django_admin_log VALUES(1045,'1100','Pint Pot vs Boldmere Sports Soc on 2025-05-14',3,'',10,14, TO_TIMESTAMP('2025-01-19 11:35:04', 'YYYY-MM-DD HH24:MI:SS'));
INSERT INTO django_admin_log VALUES(1046,'1099','Boldmere Lounge vs The Greyhound on 2025-05-14',3,'',10,14, TO_TIMESTAMP('2025-01-19 11:35:04', 'YYYY-MM-DD HH24:MI:SS'));
INSERT INTO django_admin_log VALUES(1047,'1098','Second City vs Beggars Bush on 2025-05-14',3,'',10,14, TO_TIMESTAMP('2025-01-19 11:35:04', 'YYYY-MM-DD HH24:MI:SS'));
INSERT INTO django_admin_log VALUES(1048,'1097','The Hounds vs Hollyfields on 2025-05-14',3,'',10,14, TO_TIMESTAMP('2025-01-19 11:35:04', 'YYYY-MM-DD HH24:MI:SS'));
INSERT INTO django_admin_log VALUES(1049,'1096','The Greyhound vs Boldmere Sports Soc on 2025-05-06',3,'',10,14, TO_TIMESTAMP('2025-01-19 11:35:04', 'YYYY-MM-DD HH24:MI:SS'));
INSERT INTO django_admin_log VALUES(1050,'1095','Boldmere Lounge vs The Hounds on 2025-05-07',3,'',10,14, TO_TIMESTAMP('2025-01-19 11:35:04', 'YYYY-MM-DD HH24:MI:SS'));
INSERT INTO django_admin_log VALUES(1051,'1094','Beggars Bush vs ALL 4 ONE on 2025-05-08',3,'',10,14, TO_TIMESTAMP('2025-01-19 11:35:04', 'YYYY-MM-DD HH24:MI:SS'));
INSERT INTO django_admin_log VALUES(1052,'1093','The Boot vs Second City on 2025-05-08',3,'',10,14, TO_TIMESTAMP('2025-01-19 11:35:04', 'YYYY-MM-DD HH24:MI:SS'));
INSERT INTO django_admin_log VALUES(1053,'1092','Pint Pot vs Sutton Sports on 2025-05-07',3,'',10,14, TO_TIMESTAMP('2025-01-19 11:35:04', 'YYYY-MM-DD HH24:MI:SS'));
INSERT INTO django_admin_log VALUES(1054,'1091','Hollyfields vs Digby Dogs on 2025-05-07',3,'',10,14, TO_TIMESTAMP('2025-01-19 11:35:04', 'YYYY-MM-DD HH24:MI:SS'));
INSERT INTO django_admin_log VALUES(1055,'1090','Boldmere Sports Soc vs The Hounds on 2025-04-29',3,'',10,14, TO_TIMESTAMP('2025-01-19 11:35:04', 'YYYY-MM-DD HH24:MI:SS'));
INSERT INTO django_admin_log VALUES(1056,'1089','The Greyhound vs The Boot on 2025-04-29',3,'',10,14, TO_TIMESTAMP('2025-01-19 11:35:04', 'YYYY-MM-DD HH24:MI:SS'));
INSERT INTO django_admin_log VALUES(1057,'1088','Second City vs Boldmere Lounge on 2025-04-30',3,'',10,14, TO_TIMESTAMP('2025-01-19 11:35:04', 'YYYY-MM-DD HH24:MI:SS'));
INSERT INTO django_admin_log VALUES(1058,'1087','Digby Dogs vs Beggars Bush on 2025-04-30',3,'',10,14, TO_TIMESTAMP('2025-01-19 11:35:04', 'YYYY-MM-DD HH24:MI:SS'));
INSERT INTO django_admin_log VALUES(1059,'1086','Hollyfields vs Pint Pot on 2025-04-30',3,'',10,14, TO_TIMESTAMP('2025-01-19 11:35:04', 'YYYY-MM-DD HH24:MI:SS'));
INSERT INTO django_admin_log VALUES(1060,'1085','ALL 4 ONE vs Sutton Sports on 2025-05-01',3,'',10,14, TO_TIMESTAMP('2025-01-19 11:35:04', 'YYYY-MM-DD HH24:MI:SS'));
INSERT INTO django_admin_log VALUES(1061,'1084','The Boot vs Boldmere Sports Soc on 2025-04-24',3,'',10,14, TO_TIMESTAMP('2025-01-19 11:35:04', 'YYYY-MM-DD HH24:MI:SS'));
INSERT INTO django_admin_log VALUES(1062,'1083','ALL 4 ONE vs The Greyhound on 2025-04-24',3,'',10,14, TO_TIMESTAMP('2025-01-19 11:35:04', 'YYYY-MM-DD HH24:MI:SS'));
INSERT INTO django_admin_log VALUES(1063,'1082','Pint Pot vs Beggars Bush on 2025-04-23',3,'',10,14, TO_TIMESTAMP('2025-01-19 11:35:04', 'YYYY-MM-DD HH24:MI:SS'));
INSERT INTO django_admin_log VALUES(1064,'1081','Boldmere Lounge vs Hollyfields on 2025-04-23',3,'',10,14, TO_TIMESTAMP('2025-01-19 11:35:04', 'YYYY-MM-DD HH24:MI:SS'));
INSERT INTO django_admin_log VALUES(1065,'1080','Sutton Sports vs Second City on 2025-04-23',3,'',10,14, TO_TIMESTAMP('2025-01-19 11:35:04', 'YYYY-MM-DD HH24:MI:SS'));
INSERT INTO django_admin_log VALUES(1066,'1079','The Hounds vs Digby Dogs on 2025-04-23',3,'',10,14, TO_TIMESTAMP('2025-01-19 11:35:04', 'YYYY-MM-DD HH24:MI:SS'));
INSERT INTO django_admin_log VALUES(1067,'1078','The Greyhound vs The Hounds on 2025-04-15',3,'',10,14, TO_TIMESTAMP('2025-01-19 11:35:04', 'YYYY-MM-DD HH24:MI:SS'));
INSERT INTO django_admin_log VALUES(1068,'1077','Boldmere Sports Soc vs Second City on 2025-04-15',3,'',10,14, TO_TIMESTAMP('2025-01-19 11:35:04', 'YYYY-MM-DD HH24:MI:SS'));
INSERT INTO django_admin_log VALUES(1069,'1076','Sutton Sports vs Beggars Bush on 2025-04-16',3,'',10,14, TO_TIMESTAMP('2025-01-19 11:35:04', 'YYYY-MM-DD HH24:MI:SS'));
INSERT INTO django_admin_log VALUES(1070,'1075','Hollyfields vs The Boot on 2025-04-16',3,'',10,14, TO_TIMESTAMP('2025-01-19 11:35:04', 'YYYY-MM-DD HH24:MI:SS'));
INSERT INTO django_admin_log VALUES(1071,'1074','Digby Dogs vs Boldmere Lounge on 2025-04-16',3,'',10,14, TO_TIMESTAMP('2025-01-19 11:35:04', 'YYYY-MM-DD HH24:MI:SS'));
INSERT INTO django_admin_log VALUES(1072,'1073','Pint Pot vs ALL 4 ONE on 2025-04-16',3,'',10,14, TO_TIMESTAMP('2025-01-19 11:35:04', 'YYYY-MM-DD HH24:MI:SS'));
INSERT INTO django_admin_log VALUES(1073,'1072','Digby Dogs vs Boldmere Sports Soc on 2025-04-09',3,'',10,14, TO_TIMESTAMP('2025-01-19 11:35:04', 'YYYY-MM-DD HH24:MI:SS'));
INSERT INTO django_admin_log VALUES(1074,'1071','Second City vs The Greyhound on 2025-04-09',3,'',10,14, TO_TIMESTAMP('2025-01-19 11:35:04', 'YYYY-MM-DD HH24:MI:SS'));
INSERT INTO django_admin_log VALUES(1075,'1070','Boldmere Lounge vs Sutton Sports on 2025-04-09',3,'',10,14, TO_TIMESTAMP('2025-01-19 11:35:04', 'YYYY-MM-DD HH24:MI:SS'));
INSERT INTO django_admin_log VALUES(1076,'1069','Beggars Bush vs Hollyfields on 2025-04-10',3,'',10,14, TO_TIMESTAMP('2025-01-19 11:35:04', 'YYYY-MM-DD HH24:MI:SS'));
INSERT INTO django_admin_log VALUES(1077,'1068','ALL 4 ONE vs The Boot on 2025-04-10',3,'',10,14, TO_TIMESTAMP('2025-01-19 11:35:04', 'YYYY-MM-DD HH24:MI:SS'));
INSERT INTO django_admin_log VALUES(1078,'1067','The Hounds vs Pint Pot on 2025-04-09',3,'',10,14, TO_TIMESTAMP('2025-01-19 11:35:04', 'YYYY-MM-DD HH24:MI:SS'));
INSERT INTO django_admin_log VALUES(1079,'1066','Boldmere Lounge vs ALL 4 ONE on 2025-04-02',3,'',10,14, TO_TIMESTAMP('2025-01-19 11:35:04', 'YYYY-MM-DD HH24:MI:SS'));
INSERT INTO django_admin_log VALUES(1080,'1065','Sutton Sports vs The Hounds on 2025-04-02',3,'',10,14, TO_TIMESTAMP('2025-01-19 11:35:04', 'YYYY-MM-DD HH24:MI:SS'));
INSERT INTO django_admin_log VALUES(1081,'1064','Boldmere Sports Soc vs Beggars Bush on 2025-04-01',3,'',10,14, TO_TIMESTAMP('2025-01-19 11:35:04', 'YYYY-MM-DD HH24:MI:SS'));
INSERT INTO django_admin_log VALUES(1082,'1063','The Greyhound vs Hollyfields on 2025-04-01',3,'',10,14, TO_TIMESTAMP('2025-01-19 11:35:04', 'YYYY-MM-DD HH24:MI:SS'));
INSERT INTO django_admin_log VALUES(1083,'1062','Second City vs Pint Pot on 2025-04-02',3,'',10,14, TO_TIMESTAMP('2025-01-19 11:35:04', 'YYYY-MM-DD HH24:MI:SS'));
INSERT INTO django_admin_log VALUES(1084,'1061','The Boot vs Digby Dogs on 2025-04-03',3,'',10,14, TO_TIMESTAMP('2025-01-19 11:35:04', 'YYYY-MM-DD HH24:MI:SS'));
INSERT INTO django_admin_log VALUES(1085,'1060','Pint Pot vs The Boot on 2025-03-19',3,'',10,14, TO_TIMESTAMP('2025-01-19 11:35:04', 'YYYY-MM-DD HH24:MI:SS'));
INSERT INTO django_admin_log VALUES(1086,'1059','The Hounds vs ALL 4 ONE on 2025-03-19',3,'',10,14, TO_TIMESTAMP('2025-01-19 11:35:04', 'YYYY-MM-DD HH24:MI:SS'));
INSERT INTO django_admin_log VALUES(1087,'1058','Beggars Bush vs The Greyhound on 2025-03-20',3,'',10,14, TO_TIMESTAMP('2025-01-19 11:35:04', 'YYYY-MM-DD HH24:MI:SS'));
INSERT INTO django_admin_log VALUES(1088,'1057','Boldmere Sports Soc vs Boldmere Lounge on 2025-03-18',3,'',10,14, TO_TIMESTAMP('2025-01-19 11:35:04', 'YYYY-MM-DD HH24:MI:SS'));
INSERT INTO django_admin_log VALUES(1089,'1056','Digby Dogs vs Second City on 2025-03-19',3,'',10,14, TO_TIMESTAMP('2025-01-19 11:35:04', 'YYYY-MM-DD HH24:MI:SS'));
INSERT INTO django_admin_log VALUES(1090,'1055','Hollyfields vs Sutton Sports on 2025-03-19',3,'',10,14, TO_TIMESTAMP('2025-01-19 11:35:04', 'YYYY-MM-DD HH24:MI:SS'));
INSERT INTO django_admin_log VALUES(1091,'1054','The Boot vs The Hounds on 2025-03-06',3,'',10,14, TO_TIMESTAMP('2025-01-19 11:35:04', 'YYYY-MM-DD HH24:MI:SS'));
INSERT INTO django_admin_log VALUES(1092,'1053','ALL 4 ONE vs Boldmere Sports Soc on 2025-03-06',3,'',10,14, TO_TIMESTAMP('2025-01-19 11:35:04', 'YYYY-MM-DD HH24:MI:SS'));
INSERT INTO django_admin_log VALUES(1093,'1052','The Greyhound vs Pint Pot on 2025-03-04',3,'',10,14, TO_TIMESTAMP('2025-01-19 11:35:04', 'YYYY-MM-DD HH24:MI:SS'));
INSERT INTO django_admin_log VALUES(1094,'1051','Beggars Bush vs Boldmere Lounge on 2025-03-06',3,'',10,14, TO_TIMESTAMP('2025-01-19 11:35:04', 'YYYY-MM-DD HH24:MI:SS'));
INSERT INTO django_admin_log VALUES(1095,'1050','Second City vs Hollyfields on 2025-03-05',3,'',10,14, TO_TIMESTAMP('2025-01-19 11:35:04', 'YYYY-MM-DD HH24:MI:SS'));
INSERT INTO django_admin_log VALUES(1096,'1049','Sutton Sports vs Digby Dogs on 2025-03-05',3,'',10,14, TO_TIMESTAMP('2025-01-19 11:35:04', 'YYYY-MM-DD HH24:MI:SS'));
INSERT INTO django_admin_log VALUES(1097,'1048','Beggars Bush vs The Boot on 2025-02-20',3,'',10,14, TO_TIMESTAMP('2025-01-19 11:35:04', 'YYYY-MM-DD HH24:MI:SS'));
INSERT INTO django_admin_log VALUES(1098,'1047','Second City vs The Hounds on 2025-02-19',3,'',10,14, TO_TIMESTAMP('2025-01-19 11:35:04', 'YYYY-MM-DD HH24:MI:SS'));
INSERT INTO django_admin_log VALUES(1099,'1046','Hollyfields vs ALL 4 ONE on 2025-02-19',3,'',10,14, TO_TIMESTAMP('2025-01-19 11:35:04', 'YYYY-MM-DD HH24:MI:SS'));
INSERT INTO django_admin_log VALUES(1100,'1045','Sutton Sports vs Boldmere Sports Soc on 2025-02-19',3,'',10,14, TO_TIMESTAMP('2025-01-19 11:35:04', 'YYYY-MM-DD HH24:MI:SS'));
INSERT INTO django_admin_log VALUES(1101,'1044','Digby Dogs vs The Greyhound on 2025-02-19',3,'',10,14, TO_TIMESTAMP('2025-01-19 11:35:04', 'YYYY-MM-DD HH24:MI:SS'));
INSERT INTO django_admin_log VALUES(1102,'1043','Boldmere Lounge vs Pint Pot on 2025-02-19',3,'',10,14, TO_TIMESTAMP('2025-01-19 11:35:04', 'YYYY-MM-DD HH24:MI:SS'));
INSERT INTO django_admin_log VALUES(1103,'1042','The Boot vs Boldmere Lounge on 2025-02-13',3,'',10,14, TO_TIMESTAMP('2025-01-19 11:35:04', 'YYYY-MM-DD HH24:MI:SS'));
INSERT INTO django_admin_log VALUES(1104,'1041','The Hounds vs Beggars Bush on 2025-02-12',3,'',10,14, TO_TIMESTAMP('2025-01-19 11:35:04', 'YYYY-MM-DD HH24:MI:SS'));
INSERT INTO django_admin_log VALUES(1105,'1040','ALL 4 ONE vs Second City on 2025-02-13',3,'',10,14, TO_TIMESTAMP('2025-01-19 11:35:04', 'YYYY-MM-DD HH24:MI:SS'));
INSERT INTO django_admin_log VALUES(1106,'1039','Boldmere Sports Soc vs Hollyfields on 2025-02-11',3,'',10,14, TO_TIMESTAMP('2025-01-19 11:35:04', 'YYYY-MM-DD HH24:MI:SS'));
INSERT INTO django_admin_log VALUES(1107,'1038','The Greyhound vs Sutton Sports on 2025-02-11',3,'',10,14, TO_TIMESTAMP('2025-01-19 11:35:04', 'YYYY-MM-DD HH24:MI:SS'));
INSERT INTO django_admin_log VALUES(1108,'1037','Pint Pot vs Digby Dogs on 2025-02-12',3,'',10,14, TO_TIMESTAMP('2025-01-19 11:35:04', 'YYYY-MM-DD HH24:MI:SS'));
INSERT INTO django_admin_log VALUES(1109,'1036','X vs Sutton Sports on 2025-01-21',3,'',10,14, TO_TIMESTAMP('2025-01-19 11:35:04', 'YYYY-MM-DD HH24:MI:SS'));
INSERT INTO django_admin_log VALUES(1110,'1035','ALL 4 ONE vs Digby Dogs on 2025-01-23',3,'',10,14, TO_TIMESTAMP('2025-01-19 11:35:04', 'YYYY-MM-DD HH24:MI:SS'));
INSERT INTO django_admin_log VALUES(1111,'1034','Boldmere Sports Soc vs Pint Pot on 2025-01-21',3,'',10,14, TO_TIMESTAMP('2025-01-19 11:35:04', 'YYYY-MM-DD HH24:MI:SS'));
INSERT INTO django_admin_log VALUES(1112,'1033','The Greyhound vs Boldmere Lounge on 2025-01-21',3,'',10,14, TO_TIMESTAMP('2025-01-19 11:35:04', 'YYYY-MM-DD HH24:MI:SS'));
INSERT INTO django_admin_log VALUES(1113,'1032','Beggars Bush vs Second City on 2025-01-23',3,'',10,14, TO_TIMESTAMP('2025-01-19 11:35:04', 'YYYY-MM-DD HH24:MI:SS'));
INSERT INTO django_admin_log VALUES(1114,'1031','Hollyfields vs The Hounds on 2025-01-22',3,'',10,14, TO_TIMESTAMP('2025-01-19 11:35:04', 'YYYY-MM-DD HH24:MI:SS'));
INSERT INTO django_admin_log VALUES(1115,'1030','Boldmere Sports Soc vs The Greyhound on 2025-01-14',3,'',10,14, TO_TIMESTAMP('2025-01-19 11:35:04', 'YYYY-MM-DD HH24:MI:SS'));
INSERT INTO django_admin_log VALUES(1116,'1029','The Hounds vs Boldmere Lounge on 2025-01-15',3,'',10,14, TO_TIMESTAMP('2025-01-19 11:35:04', 'YYYY-MM-DD HH24:MI:SS'));
INSERT INTO django_admin_log VALUES(1117,'1028','ALL 4 ONE vs Beggars Bush on 2025-01-16',3,'',10,14, TO_TIMESTAMP('2025-01-19 11:35:04', 'YYYY-MM-DD HH24:MI:SS'));
INSERT INTO django_admin_log VALUES(1118,'1027','Second City vs X on 2025-01-15',3,'',10,14, TO_TIMESTAMP('2025-01-19 11:35:04', 'YYYY-MM-DD HH24:MI:SS'));
INSERT INTO django_admin_log VALUES(1119,'1026','Sutton Sports vs Pint Pot on 2025-01-15',3,'',10,14, TO_TIMESTAMP('2025-01-19 11:35:04', 'YYYY-MM-DD HH24:MI:SS'));
INSERT INTO django_admin_log VALUES(1120,'1025','Digby Dogs vs Hollyfields on 2025-01-15',3,'',10,14, TO_TIMESTAMP('2025-01-19 11:35:04', 'YYYY-MM-DD HH24:MI:SS'));
INSERT INTO django_admin_log VALUES(1121,'1024','Boldmere Sports Soc vs X on 2025-01-07',3,'',10,14, TO_TIMESTAMP('2025-01-19 11:35:04', 'YYYY-MM-DD HH24:MI:SS'));
INSERT INTO django_admin_log VALUES(1122,'1023','The Greyhound vs ALL 4 ONE on 2025-01-07',3,'',10,14, TO_TIMESTAMP('2025-01-19 11:35:04', 'YYYY-MM-DD HH24:MI:SS'));
INSERT INTO django_admin_log VALUES(1123,'1022','Beggars Bush vs Pint Pot on 2025-01-09',3,'',10,14, TO_TIMESTAMP('2025-01-19 11:35:04', 'YYYY-MM-DD HH24:MI:SS'));
INSERT INTO django_admin_log VALUES(1124,'1021','Hollyfields vs Boldmere Lounge on 2025-01-08',3,'',10,14, TO_TIMESTAMP('2025-01-19 11:35:04', 'YYYY-MM-DD HH24:MI:SS'));
INSERT INTO django_admin_log VALUES(1125,'1020','Second City vs Sutton Sports on 2025-01-08',3,'',10,14, TO_TIMESTAMP('2025-01-19 11:35:04', 'YYYY-MM-DD HH24:MI:SS'));
INSERT INTO django_admin_log VALUES(1126,'1019','Digby Dogs vs The Hounds on 2025-01-08',3,'',10,14, TO_TIMESTAMP('2025-01-19 11:35:04', 'YYYY-MM-DD HH24:MI:SS'));
INSERT INTO django_admin_log VALUES(1127,'1018','The Hounds vs Boldmere Sports Soc on 2024-12-11',3,'',10,14, TO_TIMESTAMP('2025-01-19 11:35:04', 'YYYY-MM-DD HH24:MI:SS'));
INSERT INTO django_admin_log VALUES(1128,'1017','X vs The Greyhound on 2024-12-10',3,'',10,14, TO_TIMESTAMP('2025-01-19 11:35:04', 'YYYY-MM-DD HH24:MI:SS'));
INSERT INTO django_admin_log VALUES(1129,'1016','Boldmere Lounge vs Second City on 2024-12-11',3,'',10,14, TO_TIMESTAMP('2025-01-19 11:35:04', 'YYYY-MM-DD HH24:MI:SS'));
INSERT INTO django_admin_log VALUES(1130,'1015','Beggars Bush vs Digby Dogs on 2024-12-12',3,'',10,14, TO_TIMESTAMP('2025-01-19 11:35:04', 'YYYY-MM-DD HH24:MI:SS'));
INSERT INTO django_admin_log VALUES(1131,'1014','Pint Pot vs Hollyfields on 2024-12-11',3,'',10,14, TO_TIMESTAMP('2025-01-19 11:35:04', 'YYYY-MM-DD HH24:MI:SS'));
INSERT INTO django_admin_log VALUES(1132,'1013','Sutton Sports vs ALL 4 ONE on 2024-12-11',3,'',10,14, TO_TIMESTAMP('2025-01-19 11:35:04', 'YYYY-MM-DD HH24:MI:SS'));
INSERT INTO django_admin_log VALUES(1133,'1012','The Hounds vs The Greyhound on 2024-12-04',3,'',10,14, TO_TIMESTAMP('2025-01-19 11:35:04', 'YYYY-MM-DD HH24:MI:SS'));
INSERT INTO django_admin_log VALUES(1134,'1011','Second City vs Boldmere Sports Soc on 2024-12-04',3,'',10,14, TO_TIMESTAMP('2025-01-19 11:35:04', 'YYYY-MM-DD HH24:MI:SS'));
INSERT INTO django_admin_log VALUES(1135,'1010','Beggars Bush vs Sutton Sports on 2024-12-05',3,'',10,14, TO_TIMESTAMP('2025-01-19 11:35:04', 'YYYY-MM-DD HH24:MI:SS'));
INSERT INTO django_admin_log VALUES(1136,'1009','X vs Hollyfields on 2024-12-03',3,'',10,14, TO_TIMESTAMP('2025-01-19 11:35:04', 'YYYY-MM-DD HH24:MI:SS'));
INSERT INTO django_admin_log VALUES(1137,'1008','Boldmere Lounge vs Digby Dogs on 2024-12-04',3,'',10,14, TO_TIMESTAMP('2025-01-19 11:35:04', 'YYYY-MM-DD HH24:MI:SS'));
INSERT INTO django_admin_log VALUES(1138,'1007','ALL 4 ONE vs Pint Pot on 2024-12-05',3,'',10,14, TO_TIMESTAMP('2025-01-19 11:35:04', 'YYYY-MM-DD HH24:MI:SS'));
INSERT INTO django_admin_log VALUES(1139,'1006','Boldmere Sports Soc vs Digby Dogs on 2024-11-19',3,'',10,14, TO_TIMESTAMP('2025-01-19 11:35:04', 'YYYY-MM-DD HH24:MI:SS'));
INSERT INTO django_admin_log VALUES(1140,'1005','The Greyhound vs Second City on 2024-11-19',3,'',10,14, TO_TIMESTAMP('2025-01-19 11:35:04', 'YYYY-MM-DD HH24:MI:SS'));
INSERT INTO django_admin_log VALUES(1141,'1004','Sutton Sports vs Boldmere Lounge on 2024-11-20',3,'',10,14, TO_TIMESTAMP('2025-01-19 11:35:04', 'YYYY-MM-DD HH24:MI:SS'));
INSERT INTO django_admin_log VALUES(1142,'1003','Hollyfields vs Beggars Bush on 2024-11-20',3,'',10,14, TO_TIMESTAMP('2025-01-19 11:35:04', 'YYYY-MM-DD HH24:MI:SS'));
INSERT INTO django_admin_log VALUES(1143,'1002','X vs ALL 4 ONE on 2024-11-19',3,'',10,14, TO_TIMESTAMP('2025-01-19 11:35:11', 'YYYY-MM-DD HH24:MI:SS'));
INSERT INTO django_admin_log VALUES(1144,'1001','Pint Pot vs The Hounds on 2024-11-20',3,'',10,14, TO_TIMESTAMP('2025-01-19 11:35:11', 'YYYY-MM-DD HH24:MI:SS'));
INSERT INTO django_admin_log VALUES(1145,'1000','ALL 4 ONE vs Boldmere Lounge on 2024-11-12',3,'',10,14, TO_TIMESTAMP('2025-01-19 11:35:11', 'YYYY-MM-DD HH24:MI:SS'));
INSERT INTO django_admin_log VALUES(1146,'999','The Hounds vs Sutton Sports on 2024-11-13',3,'',10,14, TO_TIMESTAMP('2025-01-19 11:35:11', 'YYYY-MM-DD HH24:MI:SS'));
INSERT INTO django_admin_log VALUES(1147,'998','Beggars Bush vs Boldmere Sports Soc on 2024-11-14',3,'',10,14, TO_TIMESTAMP('2025-01-19 11:35:11', 'YYYY-MM-DD HH24:MI:SS'));
INSERT INTO django_admin_log VALUES(1148,'997','Hollyfields vs The Greyhound on 2024-11-13',3,'',10,14, TO_TIMESTAMP('2025-01-19 11:35:11', 'YYYY-MM-DD HH24:MI:SS'));
INSERT INTO django_admin_log VALUES(1149,'996','Pint Pot vs Second City on 2024-11-13',3,'',10,14, TO_TIMESTAMP('2025-01-19 11:35:11', 'YYYY-MM-DD HH24:MI:SS'));
INSERT INTO django_admin_log VALUES(1150,'995','Digby Dogs vs X on 2024-11-13',3,'',10,14, TO_TIMESTAMP('2025-01-19 11:35:11', 'YYYY-MM-DD HH24:MI:SS'));
INSERT INTO django_admin_log VALUES(1151,'994','X vs Pint Pot on 2024-11-05',3,'',10,14, TO_TIMESTAMP('2025-01-19 11:35:11', 'YYYY-MM-DD HH24:MI:SS'));
INSERT INTO django_admin_log VALUES(1152,'993','ALL 4 ONE vs The Hounds on 2024-11-07',3,'',10,14, TO_TIMESTAMP('2025-01-19 11:35:11', 'YYYY-MM-DD HH24:MI:SS'));
INSERT INTO django_admin_log VALUES(1153,'992','The Greyhound vs Beggars Bush on 2024-11-05',3,'',10,14, TO_TIMESTAMP('2025-01-19 11:35:11', 'YYYY-MM-DD HH24:MI:SS'));
INSERT INTO django_admin_log VALUES(1154,'991','Boldmere Lounge vs Boldmere Sports Soc on 2024-11-06',3,'',10,14, TO_TIMESTAMP('2025-01-19 11:35:11', 'YYYY-MM-DD HH24:MI:SS'));
INSERT INTO django_admin_log VALUES(1155,'990','Second City vs Digby Dogs on 2024-11-06',3,'',10,14, TO_TIMESTAMP('2025-01-19 11:35:11', 'YYYY-MM-DD HH24:MI:SS'));
INSERT INTO django_admin_log VALUES(1156,'989','Sutton Sports vs Hollyfields on 2024-11-06',3,'',10,14, TO_TIMESTAMP('2025-01-19 11:35:11', 'YYYY-MM-DD HH24:MI:SS'));
INSERT INTO django_admin_log VALUES(1157,'988','The Hounds vs X on 2024-10-16',3,'',10,14, TO_TIMESTAMP('2025-01-19 11:35:11', 'YYYY-MM-DD HH24:MI:SS'));
INSERT INTO django_admin_log VALUES(1158,'987','Boldmere Sports Soc vs ALL 4 ONE on 2024-10-15',3,'',10,14, TO_TIMESTAMP('2025-01-19 11:35:11', 'YYYY-MM-DD HH24:MI:SS'));
INSERT INTO django_admin_log VALUES(1159,'986','Pint Pot vs The Greyhound on 2024-10-16',3,'',10,14, TO_TIMESTAMP('2025-01-19 11:35:11', 'YYYY-MM-DD HH24:MI:SS'));
INSERT INTO django_admin_log VALUES(1160,'985','Boldmere Lounge vs Beggars Bush on 2024-10-16',3,'',10,14, TO_TIMESTAMP('2025-01-19 11:35:11', 'YYYY-MM-DD HH24:MI:SS'));
INSERT INTO django_admin_log VALUES(1161,'984','Hollyfields vs Second City on 2024-10-16',3,'',10,14, TO_TIMESTAMP('2025-01-19 11:35:11', 'YYYY-MM-DD HH24:MI:SS'));
INSERT INTO django_admin_log VALUES(1162,'983','Digby Dogs vs Sutton Sports on 2024-10-16',3,'',10,14, TO_TIMESTAMP('2025-01-19 11:35:11', 'YYYY-MM-DD HH24:MI:SS'));
INSERT INTO django_admin_log VALUES(1163,'982','Boldmere Lounge vs X on 2024-10-09',3,'',10,14, TO_TIMESTAMP('2025-01-19 11:35:11', 'YYYY-MM-DD HH24:MI:SS'));
INSERT INTO django_admin_log VALUES(1164,'981','Beggars Bush vs The Hounds on 2024-10-10',3,'',10,14, TO_TIMESTAMP('2025-01-19 11:35:11', 'YYYY-MM-DD HH24:MI:SS'));
INSERT INTO django_admin_log VALUES(1165,'980','Second City vs ALL 4 ONE on 2024-10-09',3,'',10,14, TO_TIMESTAMP('2025-01-19 11:35:11', 'YYYY-MM-DD HH24:MI:SS'));
INSERT INTO django_admin_log VALUES(1166,'979','Hollyfields vs Boldmere Sports Soc on 2024-10-09',3,'',10,14, TO_TIMESTAMP('2025-01-19 11:35:11', 'YYYY-MM-DD HH24:MI:SS'));
INSERT INTO django_admin_log VALUES(1167,'978','Sutton Sports vs The Greyhound on 2024-10-09',3,'',10,14, TO_TIMESTAMP('2025-01-19 11:35:11', 'YYYY-MM-DD HH24:MI:SS'));
INSERT INTO django_admin_log VALUES(1168,'977','Digby Dogs vs Pint Pot on 2024-10-09',3,'',10,14, TO_TIMESTAMP('2025-01-19 11:35:11', 'YYYY-MM-DD HH24:MI:SS'));
INSERT INTO django_admin_log VALUES(1169,'976','X vs Beggars Bush on 2024-10-01',3,'',10,14, TO_TIMESTAMP('2025-01-19 11:35:11', 'YYYY-MM-DD HH24:MI:SS'));
INSERT INTO django_admin_log VALUES(1170,'975','The Hounds vs Second City on 2024-10-02',3,'',10,14, TO_TIMESTAMP('2025-01-19 11:35:11', 'YYYY-MM-DD HH24:MI:SS'));
INSERT INTO django_admin_log VALUES(1171,'974','ALL 4 ONE vs Hollyfields on 2024-10-03',3,'',10,14, TO_TIMESTAMP('2025-01-19 11:35:11', 'YYYY-MM-DD HH24:MI:SS'));
INSERT INTO django_admin_log VALUES(1172,'973','Boldmere Sports Soc vs Sutton Sports on 2024-10-01',3,'',10,14, TO_TIMESTAMP('2025-01-19 11:35:11', 'YYYY-MM-DD HH24:MI:SS'));
INSERT INTO django_admin_log VALUES(1173,'972','The Greyhound vs Digby Dogs on 2024-10-01',3,'',10,14, TO_TIMESTAMP('2025-01-19 11:35:11', 'YYYY-MM-DD HH24:MI:SS'));
INSERT INTO django_admin_log VALUES(1174,'971','Pint Pot vs Boldmere Lounge on 2024-10-02',3,'',10,14, TO_TIMESTAMP('2025-01-19 11:35:11', 'YYYY-MM-DD HH24:MI:SS'));
INSERT INTO django_admin_log VALUES(1175,'3','Premier Division',2,'[]',8,14, TO_TIMESTAMP('2025-01-21 12:18:35', 'YYYY-MM-DD HH24:MI:SS'));
INSERT INTO django_admin_log VALUES(1176,'1','Division 1',2,'[]',8,14, TO_TIMESTAMP('2025-01-21 12:18:41', 'YYYY-MM-DD HH24:MI:SS'));
INSERT INTO django_admin_log VALUES(1177,'1235','Boss vs Man on 2025-01-21',1,'[{"added": {}}]',10,14, TO_TIMESTAMP('2025-01-21 12:20:39', 'YYYY-MM-DD HH24:MI:SS'));
INSERT INTO django_admin_log VALUES(1178,'1236','Man vs Boss on 2025-01-21',1,'[{"added": {}}]',10,14, TO_TIMESTAMP('2025-01-21 12:20:50', 'YYYY-MM-DD HH24:MI:SS'));
INSERT INTO django_admin_log VALUES(1179,'7','X vs The Boot (2025-01-11)',3,'',11,14, TO_TIMESTAMP('2025-01-21 13:46:34', 'YYYY-MM-DD HH24:MI:SS'));
INSERT INTO django_admin_log VALUES(1180,'6','X vs X (2025-01-14)',3,'',11,14, TO_TIMESTAMP('2025-01-21 13:46:34', 'YYYY-MM-DD HH24:MI:SS'));
INSERT INTO django_admin_log VALUES(1181,'5','X vs X (2025-01-14)',3,'',11,14, TO_TIMESTAMP('2025-01-21 13:46:34', 'YYYY-MM-DD HH24:MI:SS'));
INSERT INTO django_admin_log VALUES(1182,'4','X vs Test (2025-01-21)',3,'',11,14, TO_TIMESTAMP('2025-01-21 13:46:34', 'YYYY-MM-DD HH24:MI:SS'));
INSERT INTO django_admin_log VALUES(1183,'3','X vs Test (2025-01-21)',3,'',11,14, TO_TIMESTAMP('2025-01-21 13:46:34', 'YYYY-MM-DD HH24:MI:SS'));
INSERT INTO django_admin_log VALUES(1184,'2','X vs Test (2025-01-21)',3,'',11,14, TO_TIMESTAMP('2025-01-21 13:46:34', 'YYYY-MM-DD HH24:MI:SS'));
INSERT INTO django_admin_log VALUES(1185,'1','X vs Test (2025-01-21)',3,'',11,14, TO_TIMESTAMP('2025-01-21 13:46:34', 'YYYY-MM-DD HH24:MI:SS'));
INSERT INTO django_admin_log VALUES(1186,'36','Kevin-No1',1,'[{"added": {}}]',6,14, TO_TIMESTAMP('2025-01-21 14:30:06', 'YYYY-MM-DD HH24:MI:SS'));
INSERT INTO django_admin_log VALUES(1187,'20','No. 1 Bar',1,'[{"added": {}}]',9,14, TO_TIMESTAMP('2025-01-21 14:30:31', 'YYYY-MM-DD HH24:MI:SS'));
INSERT INTO django_admin_log VALUES(1188,'37','Simon-W',1,'[{"added": {}}]',6,14, TO_TIMESTAMP('2025-01-21 14:31:57', 'YYYY-MM-DD HH24:MI:SS'));
INSERT INTO django_admin_log VALUES(1189,'21','Whitehorse',1,'[{"added": {}}]',9,14, TO_TIMESTAMP('2025-01-21 14:32:04', 'YYYY-MM-DD HH24:MI:SS'));
INSERT INTO django_admin_log VALUES(1190,'38','Fred-AS',1,'[{"added": {}}]',6,14, TO_TIMESTAMP('2025-01-21 14:32:28', 'YYYY-MM-DD HH24:MI:SS'));
INSERT INTO django_admin_log VALUES(1191,'22','Aston Social',1,'[{"added": {}}]',9,14, TO_TIMESTAMP('2025-01-21 14:32:38', 'YYYY-MM-DD HH24:MI:SS'));
INSERT INTO django_admin_log VALUES(1192,'39','Paul-WA',1,'[{"added": {}}]',6,14, TO_TIMESTAMP('2025-01-21 14:33:03', 'YYYY-MM-DD HH24:MI:SS'));
INSERT INTO django_admin_log VALUES(1193,'23','Witton Arms',1,'[{"added": {}}]',9,14, TO_TIMESTAMP('2025-01-21 14:33:32', 'YYYY-MM-DD HH24:MI:SS'));
INSERT INTO django_admin_log VALUES(1194,'40','Adam-HLS',1,'[{"added": {}}]',6,14, TO_TIMESTAMP('2025-01-21 14:34:14', 'YYYY-MM-DD HH24:MI:SS'));
INSERT INTO django_admin_log VALUES(1195,'24','Holly Lane Social',1,'[{"added": {}}]',9,14, TO_TIMESTAMP('2025-01-21 14:34:20', 'YYYY-MM-DD HH24:MI:SS'));
INSERT INTO django_admin_log VALUES(1196,'41','Mike-RL',1,'[{"added": {}}]',6,14, TO_TIMESTAMP('2025-01-21 14:34:37', 'YYYY-MM-DD HH24:MI:SS'));
INSERT INTO django_admin_log VALUES(1197,'25','Red Lion',1,'[{"added": {}}]',9,14, TO_TIMESTAMP('2025-01-21 14:34:43', 'YYYY-MM-DD HH24:MI:SS'));
INSERT INTO django_admin_log VALUES(1198,'42','Jay',1,'[{"added": {}}]',6,14, TO_TIMESTAMP('2025-01-21 14:34:56', 'YYYY-MM-DD HH24:MI:SS'));
INSERT INTO django_admin_log VALUES(1199,'42','Jay-TD',2,'[{"changed": {"fields": ["Username"]}}]',6,14, TO_TIMESTAMP('2025-01-21 14:35:09', 'YYYY-MM-DD HH24:MI:SS'));
INSERT INTO django_admin_log VALUES(1200,'26','The Digby',1,'[{"added": {}}]',9,14, TO_TIMESTAMP('2025-01-21 14:35:15', 'YYYY-MM-DD HH24:MI:SS'));
INSERT INTO django_admin_log VALUES(1201,'43','Gary-EB',1,'[{"added": {}}]',6,14, TO_TIMESTAMP('2025-01-21 14:36:40', 'YYYY-MM-DD HH24:MI:SS'));
INSERT INTO django_admin_log VALUES(1202,'27','Erdy Barflies',1,'[{"added": {}}]',9,14, TO_TIMESTAMP('2025-01-21 14:36:45', 'YYYY-MM-DD HH24:MI:SS'));
INSERT INTO django_admin_log VALUES(1203,'44','Elston-R',1,'[{"added": {}}]',6,14, TO_TIMESTAMP('2025-01-21 14:37:51', 'YYYY-MM-DD HH24:MI:SS'));
INSERT INTO django_admin_log VALUES(1204,'28','Roseymacs',1,'[{"added": {}}]',9,14, TO_TIMESTAMP('2025-01-21 14:38:00', 'YYYY-MM-DD HH24:MI:SS'));
INSERT INTO django_admin_log VALUES(1205,'45','Martin-TK',1,'[{"added": {}}]',6,14, TO_TIMESTAMP('2025-01-21 14:38:17', 'YYYY-MM-DD HH24:MI:SS'));
INSERT INTO django_admin_log VALUES(1206,'29','The Kingfisher',1,'[{"added": {}}]',9,14, TO_TIMESTAMP('2025-01-21 14:38:21', 'YYYY-MM-DD HH24:MI:SS'));
INSERT INTO django_admin_log VALUES(1207,'46','Andy-BSM',1,'[{"added": {}}]',6,14, TO_TIMESTAMP('2025-01-21 14:39:08', 'YYYY-MM-DD HH24:MI:SS'));
INSERT INTO django_admin_log VALUES(1208,'30','Bold St Mics',1,'[{"added": {}}]',9,14, TO_TIMESTAMP('2025-01-21 14:39:27', 'YYYY-MM-DD HH24:MI:SS'));
INSERT INTO django_admin_log VALUES(1209,'47','Mick-NI',1,'[{"added": {}}]',6,14, TO_TIMESTAMP('2025-01-21 14:40:01', 'YYYY-MM-DD HH24:MI:SS'));
INSERT INTO django_admin_log VALUES(1210,'31','New Innbetweeners',1,'[{"added": {}}]',9,14, TO_TIMESTAMP('2025-01-21 14:40:05', 'YYYY-MM-DD HH24:MI:SS'));
INSERT INTO django_admin_log VALUES(1211,'48','Paul-YT',1,'[{"added": {}}]',6,14, TO_TIMESTAMP('2025-01-21 14:40:19', 'YYYY-MM-DD HH24:MI:SS'));
INSERT INTO django_admin_log VALUES(1212,'32','Yew Tree',1,'[{"added": {}}]',9,14, TO_TIMESTAMP('2025-01-21 14:40:24', 'YYYY-MM-DD HH24:MI:SS'));
INSERT INTO django_admin_log VALUES(1213,'49','Adam-D',1,'[{"added": {}}]',6,14, TO_TIMESTAMP('2025-01-21 14:40:53', 'YYYY-MM-DD HH24:MI:SS'));
INSERT INTO django_admin_log VALUES(1214,'33','Darkswans',1,'[{"added": {}}]',9,14, TO_TIMESTAMP('2025-01-21 14:41:01', 'YYYY-MM-DD HH24:MI:SS'));
INSERT INTO django_admin_log VALUES(1215,'50','Mark-S',1,'[{"added": {}}]',6,14, TO_TIMESTAMP('2025-01-21 14:41:34', 'YYYY-MM-DD HH24:MI:SS'));
INSERT INTO django_admin_log VALUES(1216,'34','Sportsman',1,'[{"added": {}}]',9,14, TO_TIMESTAMP('2025-01-21 14:41:40', 'YYYY-MM-DD HH24:MI:SS'));
INSERT INTO django_admin_log VALUES(1217,'51','Nigel-TR',1,'[{"added": {}}]',6,14, TO_TIMESTAMP('2025-01-21 14:41:57', 'YYYY-MM-DD HH24:MI:SS'));
INSERT INTO django_admin_log VALUES(1218,'35','The Rest',1,'[{"added": {}}]',9,14, TO_TIMESTAMP('2025-01-21 14:42:01', 'YYYY-MM-DD HH24:MI:SS'));
INSERT INTO django_admin_log VALUES(1219,'52','Matt-TF',1,'[{"added": {}}]',6,14, TO_TIMESTAMP('2025-01-21 14:42:16', 'YYYY-MM-DD HH24:MI:SS'));
INSERT INTO django_admin_log VALUES(1220,'36','The Fox',1,'[{"added": {}}]',9,14, TO_TIMESTAMP('2025-01-21 14:42:30', 'YYYY-MM-DD HH24:MI:SS'));
INSERT INTO django_admin_log VALUES(1221,'53','Ben-PI',1,'[{"added": {}}]',6,14, TO_TIMESTAMP('2025-01-21 14:42:58', 'YYYY-MM-DD HH24:MI:SS'));
INSERT INTO django_admin_log VALUES(1222,'37','Potters Independent',1,'[{"added": {}}]',9,14, TO_TIMESTAMP('2025-01-21 14:43:08', 'YYYY-MM-DD HH24:MI:SS'));
INSERT INTO django_admin_log VALUES(1223,'54','Tom-YC',1,'[{"added": {}}]',6,14, TO_TIMESTAMP('2025-01-21 14:43:44', 'YYYY-MM-DD HH24:MI:SS'));
INSERT INTO django_admin_log VALUES(1224,'38','Yenton CKS',1,'[{"added": {}}]',9,14, TO_TIMESTAMP('2025-01-21 14:43:49', 'YYYY-MM-DD HH24:MI:SS'));
INSERT INTO django_admin_log VALUES(1225,'55','John-CT',1,'[{"added": {}}]',6,14, TO_TIMESTAMP('2025-01-21 14:44:13', 'YYYY-MM-DD HH24:MI:SS'));
INSERT INTO django_admin_log VALUES(1226,'39','Church Tav',1,'[{"added": {}}]',9,14, TO_TIMESTAMP('2025-01-21 14:44:17', 'YYYY-MM-DD HH24:MI:SS'));
INSERT INTO django_admin_log VALUES(1227,'19','Test',3,'',9,14, TO_TIMESTAMP('2025-01-21 14:44:44', 'YYYY-MM-DD HH24:MI:SS'));
INSERT INTO django_admin_log VALUES(1228,'1237','Whitehorse vs Erdy Barflies on 2024-10-03',3,'',10,14, TO_TIMESTAMP('2025-01-21 14:58:19', 'YYYY-MM-DD HH24:MI:SS'));
INSERT INTO django_admin_log VALUES(1229,'38','Yenton Cks',2,'[{"changed": {"fields": ["Name"]}}]',9,14, TO_TIMESTAMP('2025-01-21 15:06:59', 'YYYY-MM-DD HH24:MI:SS'));
INSERT INTO django_admin_log VALUES(1230,'56','Second City vs Sutton Sports (2025-01-08)',3,'',11,14, TO_TIMESTAMP('2025-01-24 10:33:42', 'YYYY-MM-DD HH24:MI:SS'));
INSERT INTO django_admin_log VALUES(1231,'139','The Fox vs Yew Tree (2024-12-12)',3,'',11,14, TO_TIMESTAMP('2025-01-24 10:41:06', 'YYYY-MM-DD HH24:MI:SS'));
INSERT INTO django_admin_log VALUES(1232,'164','The Fox vs Yew Tree (2024-12-12)',2,'[{"changed": {"fields": ["Division"]}}]',11,14, TO_TIMESTAMP('2025-01-24 10:41:14', 'YYYY-MM-DD HH24:MI:SS'));
INSERT INTO django_admin_log VALUES(1233,'165','ALL 4 ONE vs Digby Dogs (2025-01-23)',1,'[{"added": {}}]',11,14, TO_TIMESTAMP('2025-01-24 10:42:43', 'YYYY-MM-DD HH24:MI:SS'));
INSERT INTO django_admin_log VALUES(1234,'166','Boldmere Sports Soc vs Pint Pot (2025-01-21)',1,'[{"added": {}}]',11,14, TO_TIMESTAMP('2025-01-24 10:43:08', 'YYYY-MM-DD HH24:MI:SS'));
INSERT INTO django_admin_log VALUES(1235,'167','The Greyhound vs Boldmere Lounge (2025-01-21)',1,'[{"added": {}}]',11,14, TO_TIMESTAMP('2025-01-24 10:43:37', 'YYYY-MM-DD HH24:MI:SS'));
INSERT INTO django_admin_log VALUES(1236,'168','Hollyfields vs The Hounds (2025-01-22)',1,'[{"added": {}}]',11,14, TO_TIMESTAMP('2025-01-24 10:44:08', 'YYYY-MM-DD HH24:MI:SS'));
INSERT INTO django_admin_log VALUES(1237,'169','The Digby vs Aston Social (2025-01-22)',1,'[{"added": {}}]',11,14, TO_TIMESTAMP('2025-01-24 10:44:40', 'YYYY-MM-DD HH24:MI:SS'));
INSERT INTO django_admin_log VALUES(1238,'170','Red Lion vs The Kingfisher (2025-01-23)',1,'[{"added": {}}]',11,14, TO_TIMESTAMP('2025-01-24 10:45:05', 'YYYY-MM-DD HH24:MI:SS'));
INSERT INTO django_admin_log VALUES(1239,'171','Holly Lane Social vs Witton Arms (2025-01-22)',1,'[{"added": {}}]',11,14, TO_TIMESTAMP('2025-01-24 10:45:29', 'YYYY-MM-DD HH24:MI:SS'));
INSERT INTO django_admin_log VALUES(1240,'172','No. 1 Bar vs Erdy Barflies (2025-01-21)',1,'[{"added": {}}]',11,14, TO_TIMESTAMP('2025-01-24 10:46:32', 'YYYY-MM-DD HH24:MI:SS'));
INSERT INTO django_admin_log VALUES(1241,'173','Whitehorse vs Roseymacs (2025-01-23)',1,'[{"added": {}}]',11,14, TO_TIMESTAMP('2025-01-24 10:47:16', 'YYYY-MM-DD HH24:MI:SS'));
INSERT INTO django_admin_log VALUES(1242,'174','The Fox vs Potters Independent (2025-01-23)',1,'[{"added": {}}]',11,14, TO_TIMESTAMP('2025-01-24 10:47:40', 'YYYY-MM-DD HH24:MI:SS'));
INSERT INTO django_admin_log VALUES(1243,'175','Darkswans vs Yew Tree (2025-01-22)',1,'[{"added": {}}]',11,14, TO_TIMESTAMP('2025-01-24 10:48:10', 'YYYY-MM-DD HH24:MI:SS'));
INSERT INTO django_admin_log VALUES(1244,'176','Church Tav vs The Rest (2025-01-21)',1,'[{"added": {}}]',11,14, TO_TIMESTAMP('2025-01-24 10:48:33', 'YYYY-MM-DD HH24:MI:SS'));
INSERT INTO django_admin_log VALUES(1245,'177','Sportsman vs Bold St Mics (2025-01-23)',1,'[{"added": {}}]',11,14, TO_TIMESTAMP('2025-01-24 10:48:58', 'YYYY-MM-DD HH24:MI:SS'));
INSERT INTO django_admin_log VALUES(1246,'178','Yenton Cks vs New Innbetweeners (2025-01-23)',1,'[{"added": {}}]',11,14, TO_TIMESTAMP('2025-01-24 10:49:13', 'YYYY-MM-DD HH24:MI:SS'));
INSERT INTO django_admin_log VALUES(1247,'12','X vs Beggars Bush (2024-10-01)',3,'',11,14, TO_TIMESTAMP('2025-01-24 10:51:42', 'YYYY-MM-DD HH24:MI:SS'));
INSERT INTO django_admin_log VALUES(1248,'18','Boldmere Lounge vs X (2024-10-09)',3,'',11,14, TO_TIMESTAMP('2025-01-24 10:51:42', 'YYYY-MM-DD HH24:MI:SS'));
INSERT INTO django_admin_log VALUES(1249,'24','The Hounds vs X (2024-10-16)',3,'',11,14, TO_TIMESTAMP('2025-01-24 10:51:42', 'YYYY-MM-DD HH24:MI:SS'));
INSERT INTO django_admin_log VALUES(1250,'30','X vs Pint Pot (2024-11-05)',3,'',11,14, TO_TIMESTAMP('2025-01-24 10:51:42', 'YYYY-MM-DD HH24:MI:SS'));
INSERT INTO django_admin_log VALUES(1251,'31','Digby Dogs vs X (2024-11-13)',3,'',11,14, TO_TIMESTAMP('2025-01-24 10:51:42', 'YYYY-MM-DD HH24:MI:SS'));
INSERT INTO django_admin_log VALUES(1252,'38','X vs ALL 4 ONE (2024-11-19)',3,'',11,14, TO_TIMESTAMP('2025-01-24 10:51:42', 'YYYY-MM-DD HH24:MI:SS'));
INSERT INTO django_admin_log VALUES(1253,'45','X vs Hollyfields (2024-12-03)',3,'',11,14, TO_TIMESTAMP('2025-01-24 10:51:42', 'YYYY-MM-DD HH24:MI:SS'));
INSERT INTO django_admin_log VALUES(1254,'53','X vs The Greyhound (2024-12-10)',3,'',11,14, TO_TIMESTAMP('2025-01-24 10:51:42', 'YYYY-MM-DD HH24:MI:SS'));
INSERT INTO django_admin_log VALUES(1255,'180','Pint Pot vs Boldmere Lounge (2024-10-02)',1,'[{"added": {}}]',11,14, TO_TIMESTAMP('2025-01-24 11:01:00', 'YYYY-MM-DD HH24:MI:SS'));
INSERT INTO django_admin_log VALUES(1256,'180','Pint Pot vs Boldmere Lounge (2024-10-02)',2,'[{"changed": {"fields": ["Division"]}}]',11,14, TO_TIMESTAMP('2025-01-24 11:01:07', 'YYYY-MM-DD HH24:MI:SS'));
INSERT INTO django_admin_log VALUES(1257,'89','Holly Lane Social vs Whitehorse (2024-12-04)',3,'',11,14, TO_TIMESTAMP('2025-01-24 11:07:30', 'YYYY-MM-DD HH24:MI:SS'));
INSERT INTO django_admin_log VALUES(1258,'181','Whitehorse vs Erdy Barflies (2025-01-16)',1,'[{"added": {}}]',11,14, TO_TIMESTAMP('2025-01-24 11:11:59', 'YYYY-MM-DD HH24:MI:SS'));
INSERT INTO django_admin_log VALUES(1259,'181','Erdy Barflies vs Whitehorse (2025-01-16)',2,'[{"changed": {"fields": ["Home team", "Away team"]}}]',11,14, TO_TIMESTAMP('2025-01-24 11:12:36', 'YYYY-MM-DD HH24:MI:SS'));
INSERT INTO django_admin_log VALUES(1260,'182','Yenton Cks vs Bold St Mics (2024-10-03)',1,'[{"added": {}}]',11,14, TO_TIMESTAMP('2025-01-24 11:15:05', 'YYYY-MM-DD HH24:MI:SS'));
INSERT INTO django_admin_log VALUES(1261,'183','X vs The Boot (2024-10-02)',3,'',11,14, TO_TIMESTAMP('2025-01-25 11:01:07', 'YYYY-MM-DD HH24:MI:SS'));
INSERT INTO django_admin_log VALUES(1262,'24','TC',2,'[{"changed": {"fields": ["Staff status", "Superuser status"]}}]',6,14, TO_TIMESTAMP('2025-01-25 11:01:38', 'YYYY-MM-DD HH24:MI:SS'));
INSERT INTO django_admin_log VALUES(1263,'184','X vs The Boot (2025-01-16)',3,'',11,24, TO_TIMESTAMP('2025-01-25 11:05:12', 'YYYY-MM-DD HH24:MI:SS'));
INSERT INTO django_admin_log VALUES(1264,'56','X',1,'[{"added": {}}]',6,24, TO_TIMESTAMP('2025-01-29 16:20:31', 'YYYY-MM-DD HH24:MI:SS'));
INSERT INTO django_admin_log VALUES(1265,'190','Hollyfields vs Witton Arms (2025-01-21)',3,'',11,24, TO_TIMESTAMP('2025-01-29 16:33:09', 'YYYY-MM-DD HH24:MI:SS'));
INSERT INTO django_admin_log VALUES(1266,'189','ALL 4 ONE vs Digby Dogs (2025-01-23)',3,'',11,24, TO_TIMESTAMP('2025-01-29 16:33:09', 'YYYY-MM-DD HH24:MI:SS'));
INSERT INTO django_admin_log VALUES(1267,'188','ALL 4 ONE vs Digby Dogs (2025-01-23)',3,'',11,24, TO_TIMESTAMP('2025-01-29 16:33:09', 'YYYY-MM-DD HH24:MI:SS'));
INSERT INTO django_admin_log VALUES(1268,'186','ALL 4 ONE vs Digby Dogs (2025-01-23)',3,'',11,24, TO_TIMESTAMP('2025-01-29 16:33:09', 'YYYY-MM-DD HH24:MI:SS'));
INSERT INTO django_admin_log VALUES(1269,'185','ALL 4 ONE vs Digby Dogs (2025-01-23)',3,'',11,24, TO_TIMESTAMP('2025-01-29 16:33:09', 'YYYY-MM-DD HH24:MI:SS'));
INSERT INTO django_admin_log VALUES(1270,'184','ALL 4 ONE vs Digby Dogs (2025-01-23)',3,'',11,24, TO_TIMESTAMP('2025-01-29 16:33:09', 'YYYY-MM-DD HH24:MI:SS'));
INSERT INTO django_admin_log VALUES(1271,'183','ALL 4 ONE vs Digby Dogs (2025-01-23)',3,'',11,24, TO_TIMESTAMP('2025-01-29 16:33:09', 'YYYY-MM-DD HH24:MI:SS'));
INSERT INTO django_admin_log VALUES(1272,'187','ALL 4 ONE vs Digby Dogs (2025-01-23)',3,'',11,24, TO_TIMESTAMP('2025-01-29 16:33:24', 'YYYY-MM-DD HH24:MI:SS'));
INSERT INTO django_admin_log VALUES(1273,'192','ALL 4 ONE vs Hollyfields (2025-01-29)',3,'',11,24, TO_TIMESTAMP('2025-01-29 16:36:25', 'YYYY-MM-DD HH24:MI:SS'));
INSERT INTO django_admin_log VALUES(1274,'191','Sutton Sports vs Hollyfields (2025-01-29)',3,'',11,24, TO_TIMESTAMP('2025-01-29 16:36:25', 'YYYY-MM-DD HH24:MI:SS'));
INSERT INTO django_admin_log VALUES(1275,'193','Digby Dogs vs ALL 4 ONE (2025-01-29)',3,'',11,24, TO_TIMESTAMP('2025-01-29 17:06:27', 'YYYY-MM-DD HH24:MI:SS'));
INSERT INTO django_admin_log VALUES(1276,'194','Digby Dogs vs ALL 4 ONE (2025-01-29)',3,'',11,24, TO_TIMESTAMP('2025-01-29 18:41:13', 'YYYY-MM-DD HH24:MI:SS'));
INSERT INTO django_admin_log VALUES(1277,'196','Sutton Sports vs Beggars Bush (2025-01-29)',3,'',11,24, TO_TIMESTAMP('2025-01-31 11:32:46', 'YYYY-MM-DD HH24:MI:SS'));
INSERT INTO django_admin_log VALUES(1278,'195','Digby Dogs vs ALL 4 ONE (2025-01-29)',3,'',11,24, TO_TIMESTAMP('2025-01-31 11:32:46', 'YYYY-MM-DD HH24:MI:SS'));
INSERT INTO django_admin_log VALUES(1279,'197','Digby Dogs vs ALL 4 ONE (2025-01-29)',3,'',11,24, TO_TIMESTAMP('2025-01-31 11:49:59', 'YYYY-MM-DD HH24:MI:SS'));
INSERT INTO django_admin_log VALUES(1280,'34','Sportsmans',2,'[{"changed": {"fields": ["Team image"]}}]',9,14, TO_TIMESTAMP('2025-01-31 12:58:59', 'YYYY-MM-DD HH24:MI:SS'));
INSERT INTO django_admin_log VALUES(1281,'35','The Rest',2,'[{"changed": {"fields": ["Team image"]}}]',9,14, TO_TIMESTAMP('2025-01-31 12:59:26', 'YYYY-MM-DD HH24:MI:SS'));
INSERT INTO django_admin_log VALUES(1282,'15','Boldmere Sports Soc',2,'[{"changed": {"fields": ["Team image"]}}]',9,14, TO_TIMESTAMP('2025-01-31 12:59:47', 'YYYY-MM-DD HH24:MI:SS'));
INSERT INTO django_admin_log VALUES(1283,'1','Adam-D vs Adam-HLS (Round 1)',1,'[{"added": {}}]',14,14, TO_TIMESTAMP('2025-02-01 12:55:50', 'YYYY-MM-DD HH24:MI:SS'));
INSERT INTO django_admin_log VALUES(1284,'2','Alan-SS vs Ben-PI (Round 1)',1,'[{"added": {}}]',14,14, TO_TIMESTAMP('2025-02-01 12:56:19', 'YYYY-MM-DD HH24:MI:SS'));
INSERT INTO django_admin_log VALUES(1285,'3','Elston-R vs Kevin-No1 (Round 1)',1,'[{"added": {}}]',14,14, TO_TIMESTAMP('2025-02-01 12:56:37', 'YYYY-MM-DD HH24:MI:SS'));
INSERT INTO django_admin_log VALUES(1286,'4','Martin-TK vs Nathan-H (Round 1)',1,'[{"added": {}}]',14,14, TO_TIMESTAMP('2025-02-01 12:58:37', 'YYYY-MM-DD HH24:MI:SS'));
INSERT INTO django_admin_log VALUES(1287,'5','Ryan-BL vs Jay-TD (Round 1)',1,'[{"added": {}}]',14,14, TO_TIMESTAMP('2025-02-01 12:58:51', 'YYYY-MM-DD HH24:MI:SS'));
INSERT INTO django_admin_log VALUES(1288,'6','Scott-PP vs Rom-TH (Round 1)',1,'[{"added": {}}]',14,14, TO_TIMESTAMP('2025-02-01 12:59:07', 'YYYY-MM-DD HH24:MI:SS'));
INSERT INTO django_admin_log VALUES(1289,'7','Mick-NI vs Rom-TH (Round 1)',1,'[{"added": {}}]',14,14, TO_TIMESTAMP('2025-02-01 12:59:19', 'YYYY-MM-DD HH24:MI:SS'));
INSERT INTO django_admin_log VALUES(1290,'8','TC vs Simon-W (Round 1)',1,'[{"added": {}}]',14,14, TO_TIMESTAMP('2025-02-01 12:59:32', 'YYYY-MM-DD HH24:MI:SS'));
INSERT INTO django_admin_log VALUES(1291,'9','jawrynx vs Rom-TH (Round 1)',1,'[{"added": {}}]',14,14, TO_TIMESTAMP('2025-02-01 13:00:02', 'YYYY-MM-DD HH24:MI:SS'));
INSERT INTO django_admin_log VALUES(1292,'10','Captain-TheBoot vs Mike-RL (Round 1)',1,'[{"added": {}}]',14,14, TO_TIMESTAMP('2025-02-01 13:00:14', 'YYYY-MM-DD HH24:MI:SS'));
INSERT INTO django_admin_log VALUES(1293,'11','Ryan-DD vs Ben-PI (Round 1)',1,'[{"added": {}}]',14,14, TO_TIMESTAMP('2025-02-01 13:00:27', 'YYYY-MM-DD HH24:MI:SS'));
INSERT INTO django_admin_log VALUES(1294,'12','Simon-W vs Paul-YT (Round 1)',1,'[{"added": {}}]',14,14, TO_TIMESTAMP('2025-02-01 13:00:40', 'YYYY-MM-DD HH24:MI:SS'));
INSERT INTO django_admin_log VALUES(1295,'13','Ryan-BL vs Nathan-H (Round 1)',1,'[{"added": {}}]',14,14, TO_TIMESTAMP('2025-02-01 13:01:07', 'YYYY-MM-DD HH24:MI:SS'));
INSERT INTO django_admin_log VALUES(1296,'14','Simon-W vs Fred-AS (Round 1)',1,'[{"added": {}}]',14,14, TO_TIMESTAMP('2025-02-01 13:01:43', 'YYYY-MM-DD HH24:MI:SS'));
INSERT INTO django_admin_log VALUES(1297,'15','Lee-BB vs Martin-TK (Round 1)',1,'[{"added": {}}]',14,14, TO_TIMESTAMP('2025-02-01 13:02:00', 'YYYY-MM-DD HH24:MI:SS'));
INSERT INTO django_admin_log VALUES(1298,'16','Paul-YT vs Andy-BSM (Round 1)',1,'[{"added": {}}]',14,14, TO_TIMESTAMP('2025-02-01 13:02:13', 'YYYY-MM-DD HH24:MI:SS'));
INSERT INTO django_admin_log VALUES(1299,'17','Alan-SS vs Andy-BSM (Round 2)',1,'[{"added": {}}]',14,14, TO_TIMESTAMP('2025-02-01 13:24:41', 'YYYY-MM-DD HH24:MI:SS'));
INSERT INTO django_admin_log VALUES(1300,'17','Alan-SS vs Andy-BSM (Round 2)',3,'',14,14, TO_TIMESTAMP('2025-02-02 19:29:34', 'YYYY-MM-DD HH24:MI:SS'));
INSERT INTO django_admin_log VALUES(1301,'19','Adam-HLS vs Ben-PI (Round 1)',1,'[{"added": {}}]',14,14, TO_TIMESTAMP('2025-02-02 22:51:44', 'YYYY-MM-DD HH24:MI:SS'));
INSERT INTO django_admin_log VALUES(1302,'20','Jay-TD vs Martin-TK (Round 1)',1,'[{"added": {}}]',14,14, TO_TIMESTAMP('2025-02-02 22:51:52', 'YYYY-MM-DD HH24:MI:SS'));
INSERT INTO django_admin_log VALUES(1303,'21','Bye vs John-CT (Round 1)',1,'[{"added": {}}]',14,14, TO_TIMESTAMP('2025-02-02 22:52:03', 'YYYY-MM-DD HH24:MI:SS'));
INSERT INTO django_admin_log VALUES(1304,'22','Jay-TD vs Mark-S (Round 1)',1,'[{"added": {}}]',14,14, TO_TIMESTAMP('2025-02-02 22:52:13', 'YYYY-MM-DD HH24:MI:SS'));
INSERT INTO django_admin_log VALUES(1305,'23','Scott-PP vs Mike-RL (Round 1)',1,'[{"added": {}}]',14,14, TO_TIMESTAMP('2025-02-02 22:52:22', 'YYYY-MM-DD HH24:MI:SS'));
INSERT INTO django_admin_log VALUES(1306,'24','Gary-EB vs Mick-NI (Round 1)',1,'[{"added": {}}]',14,14, TO_TIMESTAMP('2025-02-02 22:52:31', 'YYYY-MM-DD HH24:MI:SS'));
INSERT INTO django_admin_log VALUES(1307,'25','Kevin-No1 vs TC (Round 1)',1,'[{"added": {}}]',14,14, TO_TIMESTAMP('2025-02-02 22:53:20', 'YYYY-MM-DD HH24:MI:SS'));
INSERT INTO django_admin_log VALUES(1308,'26','Simon-W vs Matt-TF (Round 1)',1,'[{"added": {}}]',14,14, TO_TIMESTAMP('2025-02-02 22:53:29', 'YYYY-MM-DD HH24:MI:SS'));
INSERT INTO django_admin_log VALUES(1309,'27','Rom-TH vs Tom-YC (Round 1)',1,'[{"added": {}}]',14,14, TO_TIMESTAMP('2025-02-02 22:53:39', 'YYYY-MM-DD HH24:MI:SS'));
INSERT INTO django_admin_log VALUES(1310,'28','Paul-YT vs Rom-TH (Round 1)',1,'[{"added": {}}]',14,14, TO_TIMESTAMP('2025-02-02 22:53:50', 'YYYY-MM-DD HH24:MI:SS'));
INSERT INTO django_admin_log VALUES(1311,'29','Gary-EB vs Rom-TH (Round 1)',1,'[{"added": {}}]',14,14, TO_TIMESTAMP('2025-02-02 22:54:02', 'YYYY-MM-DD HH24:MI:SS'));
INSERT INTO django_admin_log VALUES(1312,'30','Bye vs X (Round 1)',1,'[{"added": {}}]',14,14, TO_TIMESTAMP('2025-02-02 22:54:13', 'YYYY-MM-DD HH24:MI:SS'));
INSERT INTO django_admin_log VALUES(1313,'31','Darren-SC vs Kevin-No1 (Round 1)',1,'[{"added": {}}]',14,14, TO_TIMESTAMP('2025-02-02 22:54:31', 'YYYY-MM-DD HH24:MI:SS'));
INSERT INTO django_admin_log VALUES(1314,'32','John-CT vs Ash-TG (Round 1)',1,'[{"added": {}}]',14,14, TO_TIMESTAMP('2025-02-02 22:54:40', 'YYYY-MM-DD HH24:MI:SS'));
INSERT INTO django_admin_log VALUES(1315,'33','Darren-SC vs James-BSS (Round 1)',1,'[{"added": {}}]',14,14, TO_TIMESTAMP('2025-02-02 22:54:47', 'YYYY-MM-DD HH24:MI:SS'));
INSERT INTO django_admin_log VALUES(1316,'0','Adam-D vs TBD (Round 2)',3,'',14,14, TO_TIMESTAMP('2025-02-03 12:41:46', 'YYYY-MM-DD HH24:MI:SS'));
INSERT INTO django_admin_log VALUES(1317,'18','Adam-D vs Adam-D (Round 2)',3,'',14,14, TO_TIMESTAMP('2025-02-03 12:52:37', 'YYYY-MM-DD HH24:MI:SS'));
INSERT INTO django_admin_log VALUES(1318,'33','Darren-SC vs James-BSS (Round 1)',3,'',14,14, TO_TIMESTAMP('2025-02-03 13:06:13', 'YYYY-MM-DD HH24:MI:SS'));
INSERT INTO django_admin_log VALUES(1319,'32','John-CT vs Ash-TG (Round 1)',3,'',14,14, TO_TIMESTAMP('2025-02-03 13:06:13', 'YYYY-MM-DD HH24:MI:SS'));
INSERT INTO django_admin_log VALUES(1320,'31','Darren-SC vs Kevin-No1 (Round 1)',3,'',14,14, TO_TIMESTAMP('2025-02-03 13:06:13', 'YYYY-MM-DD HH24:MI:SS'));
INSERT INTO django_admin_log VALUES(1321,'30','Bye vs X (Round 1)',3,'',14,14, TO_TIMESTAMP('2025-02-03 13:06:13', 'YYYY-MM-DD HH24:MI:SS'));
INSERT INTO django_admin_log VALUES(1322,'29','Gary-EB vs Rom-TH (Round 1)',3,'',14,14, TO_TIMESTAMP('2025-02-03 13:06:13', 'YYYY-MM-DD HH24:MI:SS'));
INSERT INTO django_admin_log VALUES(1323,'28','Paul-YT vs Rom-TH (Round 1)',3,'',14,14, TO_TIMESTAMP('2025-02-03 13:06:13', 'YYYY-MM-DD HH24:MI:SS'));
INSERT INTO django_admin_log VALUES(1324,'27','Rom-TH vs Tom-YC (Round 1)',3,'',14,14, TO_TIMESTAMP('2025-02-03 13:06:13', 'YYYY-MM-DD HH24:MI:SS'));
INSERT INTO django_admin_log VALUES(1325,'26','Simon-W vs Matt-TF (Round 1)',3,'',14,14, TO_TIMESTAMP('2025-02-03 13:06:13', 'YYYY-MM-DD HH24:MI:SS'));
INSERT INTO django_admin_log VALUES(1326,'25','Kevin-No1 vs TC (Round 1)',3,'',14,14, TO_TIMESTAMP('2025-02-03 13:06:13', 'YYYY-MM-DD HH24:MI:SS'));
INSERT INTO django_admin_log VALUES(1327,'24','Gary-EB vs Mick-NI (Round 1)',3,'',14,14, TO_TIMESTAMP('2025-02-03 13:06:13', 'YYYY-MM-DD HH24:MI:SS'));
INSERT INTO django_admin_log VALUES(1328,'23','Scott-PP vs Mike-RL (Round 1)',3,'',14,14, TO_TIMESTAMP('2025-02-03 13:06:13', 'YYYY-MM-DD HH24:MI:SS'));
INSERT INTO django_admin_log VALUES(1329,'22','Jay-TD vs Mark-S (Round 1)',3,'',14,14, TO_TIMESTAMP('2025-02-03 13:06:13', 'YYYY-MM-DD HH24:MI:SS'));
INSERT INTO django_admin_log VALUES(1330,'21','Bye vs John-CT (Round 1)',3,'',14,14, TO_TIMESTAMP('2025-02-03 13:06:13', 'YYYY-MM-DD HH24:MI:SS'));
INSERT INTO django_admin_log VALUES(1331,'20','Jay-TD vs Martin-TK (Round 1)',3,'',14,14, TO_TIMESTAMP('2025-02-03 13:06:13', 'YYYY-MM-DD HH24:MI:SS'));
INSERT INTO django_admin_log VALUES(1332,'19','Adam-HLS vs Ben-PI (Round 1)',3,'',14,14, TO_TIMESTAMP('2025-02-03 13:06:13', 'YYYY-MM-DD HH24:MI:SS'));
INSERT INTO django_admin_log VALUES(1333,'16','Paul-YT vs Andy-BSM (Round 1)',3,'',14,14, TO_TIMESTAMP('2025-02-03 13:06:13', 'YYYY-MM-DD HH24:MI:SS'));
INSERT INTO django_admin_log VALUES(1334,'15','Lee-BB vs Martin-TK (Round 1)',3,'',14,14, TO_TIMESTAMP('2025-02-03 13:06:13', 'YYYY-MM-DD HH24:MI:SS'));
INSERT INTO django_admin_log VALUES(1335,'14','Simon-W vs Fred-AS (Round 1)',3,'',14,14, TO_TIMESTAMP('2025-02-03 13:06:13', 'YYYY-MM-DD HH24:MI:SS'));
INSERT INTO django_admin_log VALUES(1336,'13','Ryan-BL vs Nathan-H (Round 1)',3,'',14,14, TO_TIMESTAMP('2025-02-03 13:06:13', 'YYYY-MM-DD HH24:MI:SS'));
INSERT INTO django_admin_log VALUES(1337,'12','Simon-W vs Paul-YT (Round 1)',3,'',14,14, TO_TIMESTAMP('2025-02-03 13:06:13', 'YYYY-MM-DD HH24:MI:SS'));
INSERT INTO django_admin_log VALUES(1338,'11','Ryan-DD vs Ben-PI (Round 1)',3,'',14,14, TO_TIMESTAMP('2025-02-03 13:06:13', 'YYYY-MM-DD HH24:MI:SS'));
INSERT INTO django_admin_log VALUES(1339,'10','Captain-TheBoot vs Mike-RL (Round 1)',3,'',14,14, TO_TIMESTAMP('2025-02-03 13:06:13', 'YYYY-MM-DD HH24:MI:SS'));
INSERT INTO django_admin_log VALUES(1340,'9','jawrynx vs Rom-TH (Round 1)',3,'',14,14, TO_TIMESTAMP('2025-02-03 13:06:13', 'YYYY-MM-DD HH24:MI:SS'));
INSERT INTO django_admin_log VALUES(1341,'8','TC vs Simon-W (Round 1)',3,'',14,14, TO_TIMESTAMP('2025-02-03 13:06:13', 'YYYY-MM-DD HH24:MI:SS'));
INSERT INTO django_admin_log VALUES(1342,'7','Mick-NI vs Rom-TH (Round 1)',3,'',14,14, TO_TIMESTAMP('2025-02-03 13:06:13', 'YYYY-MM-DD HH24:MI:SS'));
INSERT INTO django_admin_log VALUES(1343,'6','Scott-PP vs Rom-TH (Round 1)',3,'',14,14, TO_TIMESTAMP('2025-02-03 13:06:13', 'YYYY-MM-DD HH24:MI:SS'));
INSERT INTO django_admin_log VALUES(1344,'5','Ryan-BL vs Jay-TD (Round 1)',3,'',14,14, TO_TIMESTAMP('2025-02-03 13:06:13', 'YYYY-MM-DD HH24:MI:SS'));
INSERT INTO django_admin_log VALUES(1345,'4','Martin-TK vs Nathan-H (Round 1)',3,'',14,14, TO_TIMESTAMP('2025-02-03 13:06:13', 'YYYY-MM-DD HH24:MI:SS'));
INSERT INTO django_admin_log VALUES(1346,'3','Elston-R vs Kevin-No1 (Round 1)',3,'',14,14, TO_TIMESTAMP('2025-02-03 13:06:13', 'YYYY-MM-DD HH24:MI:SS'));
INSERT INTO django_admin_log VALUES(1347,'2','Alan-SS vs Ben-PI (Round 1)',3,'',14,14, TO_TIMESTAMP('2025-02-03 13:06:13', 'YYYY-MM-DD HH24:MI:SS'));
INSERT INTO django_admin_log VALUES(1348,'1','Adam-D vs Alan-SS (Round 1)',3,'',14,14, TO_TIMESTAMP('2025-02-03 13:06:13', 'YYYY-MM-DD HH24:MI:SS'));
INSERT INTO django_admin_log VALUES(1349,'20','No. 1 Bar',2,'[{"changed": {"fields": ["Team image"]}}]',9,24, TO_TIMESTAMP('2025-02-03 13:27:26', 'YYYY-MM-DD HH24:MI:SS'));
INSERT INTO django_session VALUES('diic1q20npct6drkea6zvz7vakg1qnlz','e30:1tT1FO:t8UNpa42Aa5CNV7lAJMifktT0Av9iUK-bnuhQ65emMU',TO_TIMESTAMP('2025-01-15 16:07:02', 'YYYY-MM-DD HH24:MI:SS'));
INSERT INTO django_session VALUES('zofqaezur72u5ha7wav70rp2d58tfwj1','e30:1tT1Gq:-UQEkgBjAZ-hpQo0P6aUk4kYmowrZGCJf037JSpU5As',TO_TIMESTAMP('2025-01-15 16:08:32', 'YYYY-MM-DD HH24:MI:SS'));
INSERT INTO django_session VALUES('m5ecaue1o5vxl239oi0oua94zwxecydl','e30:1tT1Ly:rUdnHKbnT0ScIjyTQRvKxxOpr9jAkJB3FYhuGbJcMrA',TO_TIMESTAMP('2025-01-15 16:13:50', 'YYYY-MM-DD HH24:MI:SS'));
INSERT INTO django_session VALUES('kkmi3bz8y0kp2t0yi6xyuhotz1uwamdh','e30:1tT1Ox:45mCq2mVmmf7oBTnRlodgediq7xKAhFJmx9JsWkBtHk',TO_TIMESTAMP('2025-01-15 16:16:55', 'YYYY-MM-DD HH24:MI:SS'));
INSERT INTO django_session VALUES('scdwh4pkn6qsl7kyto66psuvko5wgvre','e30:1tT1Q0:4s6CC8w9L8un88YCH2Iltk9CZu88EC6hIb17Ez-KYQc',TO_TIMESTAMP('2025-01-15 16:18:00', 'YYYY-MM-DD HH24:MI:SS'));
INSERT INTO django_session VALUES('1nqfbarkr4o69ii57wq5nl0t7aiyyino','e30:1tT1RX:gTQXs3BhcT9tEMpG_PGlvx2f17cWjnN65bRu3D6Fzag',TO_TIMESTAMP('2025-01-15 16:19:35', 'YYYY-MM-DD HH24:MI:SS'));
INSERT INTO django_session VALUES('xczr5ma440c85obqxauceyepp633k0bi','.eJxVjMsOwiAQRf-FtSHA8HTp3m8gAwNSNTQp7cr479qkC93ec859sYjb2uI2yhInYmcmJTv9jgnzo_Sd0B37beZ57usyJb4r_KCDX2cqz8vh_h00HO1bK53Aay1c0mgpaROEdEFUBWicVFZUmYCMdhQgAILztWI23lvrsydi7w_UWTci:1tT3YB:2tVIJwsZ5k4u0dYaEc19syExl0btTu0SPNVsPvBJ8FI','2025-01-15 18:34:35.652098');
INSERT INTO django_session VALUES('73foyj4o0zj4ewmpdymndanovoatd76f','.eJxVjEsOAiEQBe_C2hB-8nHp3jMQmm5k1EAyzKyMdzcks9Dtq6r3ZjHtW437oDUuyC5MGXb6HSHlJ7VJ8JHavfPc27YuwKfCDzr4rSO9rof7d1DTqLMmJFVylmhycMqdlUaJ2mihhHABwWZZyBgQXgKIYLX3XktliwuikGWfLxE5N6U:1tewLf:raGuH7LDxXH8Ol8GU3OZFdII82eyRv5hlM_RQGfSbBI','2025-02-17 13:18:47.432001');
INSERT INTO users_profile VALUES(14,'None','Full-Stack Developer with a love of App mmaking. Lead Technical Admin of ErdPL, any issues with the website, then please contact me!',14,'Jawdan Angelos','profile_pics/profilePic.jpeg');
INSERT INTO users_profile VALUES(17,NULL,'',23,'','profile_default.jpeg');
INSERT INTO users_profile VALUES(18,NULL,'',24,'','profile_default.jpeg');
INSERT INTO users_profile VALUES(19,NULL,'',25,'','profile_default.jpeg');
INSERT INTO users_profile VALUES(20,NULL,'',26,'','profile_default.jpeg');
INSERT INTO users_profile VALUES(21,NULL,'',27,'','profile_default.jpeg');
INSERT INTO users_profile VALUES(22,NULL,'',28,'','profile_default.jpeg');
INSERT INTO users_profile VALUES(23,NULL,'',29,'','profile_default.jpeg');
INSERT INTO users_profile VALUES(24,NULL,'',30,'','profile_default.jpeg');
INSERT INTO users_profile VALUES(25,NULL,'',31,'','profile_default.jpeg');
INSERT INTO users_profile VALUES(26,NULL,'',32,'','profile_default.jpeg');
INSERT INTO users_profile VALUES(27,NULL,'',33,'','profile_default.jpeg');
INSERT INTO users_profile VALUES(28,NULL,'',34,'','profile_default.jpeg');
INSERT INTO users_profile VALUES(29,NULL,'',35,'','profile_default.jpeg');
INSERT INTO users_profile VALUES(30,NULL,'',36,'','profile_default.jpeg');
INSERT INTO users_profile VALUES(31,NULL,'',37,'','profile_default.jpeg');
INSERT INTO users_profile VALUES(32,NULL,'',38,'','profile_default.jpeg');
INSERT INTO users_profile VALUES(33,NULL,'',39,'','profile_default.jpeg');
INSERT INTO users_profile VALUES(34,NULL,'',40,'','profile_default.jpeg');
INSERT INTO users_profile VALUES(35,NULL,'',41,'','profile_default.jpeg');
INSERT INTO users_profile VALUES(36,NULL,'',42,'','profile_default.jpeg');
INSERT INTO users_profile VALUES(37,NULL,'',43,'','profile_default.jpeg');
INSERT INTO users_profile VALUES(38,NULL,'',44,'','profile_default.jpeg');
INSERT INTO users_profile VALUES(39,NULL,'',45,'','profile_default.jpeg');
INSERT INTO users_profile VALUES(40,NULL,'',46,'','profile_default.jpeg');
INSERT INTO users_profile VALUES(41,NULL,'',47,'','profile_default.jpeg');
INSERT INTO users_profile VALUES(42,NULL,'',48,'','profile_default.jpeg');
INSERT INTO users_profile VALUES(43,NULL,'',49,'','profile_default.jpeg');
INSERT INTO users_profile VALUES(44,NULL,'',50,'','profile_default.jpeg');
INSERT INTO users_profile VALUES(45,NULL,'',51,'','profile_default.jpeg');
INSERT INTO users_profile VALUES(46,NULL,'',52,'','profile_default.jpeg');
INSERT INTO users_profile VALUES(47,NULL,'',53,'','profile_default.jpeg');
INSERT INTO users_profile VALUES(48,NULL,'',54,'','profile_default.jpeg');
INSERT INTO users_profile VALUES(49,NULL,'',55,'','profile_default.jpeg');
INSERT INTO users_profile VALUES(50,NULL,'',56,'','profile_default.jpeg');
INSERT INTO teams_division VALUES(1,'Division 1',22,'2024-09-30');
INSERT INTO teams_division VALUES(2,'Division 2',22,'2024-09-30');
INSERT INTO teams_division VALUES(3,'Premier Division',22,'2024-09-30');
INSERT INTO teams_team VALUES(6,'Digby Dogs',23,2,'','','B24 0HJ');
INSERT INTO teams_team VALUES(7,'ALL 4 ONE',24,2,'team_images/IMG-20250130-WA0000.jpg','','No 1 Public House, B44 0AT');
INSERT INTO teams_team VALUES(8,'Sutton Sports',25,2,'team_images/IMG-20250130-WA0003.jpg','','Sutton Sports & Social Club, B72 1QU');
INSERT INTO teams_team VALUES(9,'Hollyfields',26,2,'','','B24 0JT');
INSERT INTO teams_team VALUES(10,'Beggars Bush',27,2,'','','B73 5BA');
INSERT INTO teams_team VALUES(11,'Second City',28,2,'','','B44 9RT');
INSERT INTO teams_team VALUES(12,'Boldmere Lounge',29,2,'','','B73 5BA');
INSERT INTO teams_team VALUES(13,'Pint Pot',30,2,'','','B75 5UB');
INSERT INTO teams_team VALUES(14,'The Greyhound',31,2,'','','B23 5JX');
INSERT INTO teams_team VALUES(15,'Boldmere Sports Soc',32,2,'team_images/IMG-20250130-WA0007.jpg','','B73 5HW');
INSERT INTO teams_team VALUES(16,'The Hounds',33,2,'','','B23 5JX');
INSERT INTO teams_team VALUES(17,'The Boot',34,2,'','','B75 7RU');
INSERT INTO teams_team VALUES(18,'X',35,2,'','','Bye');
INSERT INTO teams_team VALUES(20,'No. 1 Bar',36,1,'team_images/IMG-20250131-WA0000.jpg','','No 1 Public House, B44 0AT');
INSERT INTO teams_team VALUES(21,'Whitehorse',37,1,'','','');
INSERT INTO teams_team VALUES(22,'Aston Social',38,1,'','','');
INSERT INTO teams_team VALUES(23,'Witton Arms',39,1,'','','');
INSERT INTO teams_team VALUES(24,'Holly Lane Social',40,1,'','','');
INSERT INTO teams_team VALUES(25,'Red Lion',41,1,'','','');
INSERT INTO teams_team VALUES(26,'The Digby',42,1,'','','');
INSERT INTO teams_team VALUES(27,'Erdy Barflies',43,1,'','','');
INSERT INTO teams_team VALUES(28,'Roseymacs',44,1,'','','');
INSERT INTO teams_team VALUES(29,'The Kingfisher',45,1,'','','');
INSERT INTO teams_team VALUES(30,'Bold St Mics',46,3,'team_images/IMG-20250130-WA0002_pJfe9NS.jpg','','');
INSERT INTO teams_team VALUES(31,'New Innbetweeners',47,3,'','','');
INSERT INTO teams_team VALUES(32,'Yew Tree',48,3,'','','');
INSERT INTO teams_team VALUES(33,'Darkswans',49,3,'','','');
INSERT INTO teams_team VALUES(34,'Sportsmans',50,3,'team_images/IMG-20250130-WA0006.jpg','','');
INSERT INTO teams_team VALUES(35,'The Rest',51,3,'team_images/IMG-20250130-WA0001_zNM1lFd.jpg','','');
INSERT INTO teams_team VALUES(36,'The Fox',52,3,'','','');
INSERT INTO teams_team VALUES(37,'Potters Independent',53,3,'','','');
INSERT INTO teams_team VALUES(38,'Yenton Cks',54,3,'team_images/IMG-20250130-WA0004_azLsdOs.jpg','','');
INSERT INTO teams_team VALUES(39,'Church Tav',55,3,'','','');
INSERT INTO teams_team_members VALUES(70,6,23);
INSERT INTO teams_team_members VALUES(71,7,24);
INSERT INTO teams_team_members VALUES(73,8,25);
INSERT INTO teams_team_members VALUES(74,9,26);
INSERT INTO teams_team_members VALUES(75,10,27);
INSERT INTO teams_team_members VALUES(76,11,28);
INSERT INTO teams_team_members VALUES(77,12,29);
INSERT INTO teams_team_members VALUES(78,13,30);
INSERT INTO teams_team_members VALUES(79,14,31);
INSERT INTO teams_team_members VALUES(80,15,32);
INSERT INTO teams_team_members VALUES(81,16,33);
INSERT INTO teams_team_members VALUES(82,17,34);
INSERT INTO teams_team_members VALUES(83,18,35);
INSERT INTO teams_team_members VALUES(91,20,36);
INSERT INTO teams_team_members VALUES(92,21,37);
INSERT INTO teams_team_members VALUES(93,22,38);
INSERT INTO teams_team_members VALUES(94,23,39);
INSERT INTO teams_team_members VALUES(95,24,40);
INSERT INTO teams_team_members VALUES(96,25,41);
INSERT INTO teams_team_members VALUES(97,26,42);
INSERT INTO teams_team_members VALUES(98,27,43);
INSERT INTO teams_team_members VALUES(99,28,44);
INSERT INTO teams_team_members VALUES(100,29,45);
INSERT INTO teams_team_members VALUES(101,30,46);
INSERT INTO teams_team_members VALUES(102,31,47);
INSERT INTO teams_team_members VALUES(103,32,48);
INSERT INTO teams_team_members VALUES(104,33,49);
INSERT INTO teams_team_members VALUES(105,34,50);
INSERT INTO teams_team_members VALUES(106,35,51);
INSERT INTO teams_team_members VALUES(107,36,52);
INSERT INTO teams_team_members VALUES(108,37,53);
INSERT INTO teams_team_members VALUES(109,38,54);
INSERT INTO teams_team_members VALUES(110,39,55);
INSERT INTO teams_team_members VALUES(111,7,14);
INSERT INTO fixtures_fixture (id, date, away_team, division_id, bye_team_id, home_team) VALUES(1103,'2024-10-02','Boldmere Lounge',2,NULL,'Pint Pot');
INSERT INTO fixtures_fixture (id, date, away_team, division_id, bye_team_id, home_team) VALUES(1104,'2024-10-01','Digby Dogs',2,NULL,'The Greyhound');
INSERT INTO fixtures_fixture (id, date, away_team, division_id, bye_team_id, home_team) VALUES(1105,'2024-10-01','Sutton Sports',2,NULL,'Boldmere Sports Soc');
INSERT INTO fixtures_fixture (id, date, away_team, division_id, bye_team_id, home_team) VALUES(1106,'2024-10-03','Hollyfields',2,NULL,'ALL 4 ONE');
INSERT INTO fixtures_fixture (id, date, away_team, division_id, bye_team_id, home_team) VALUES(1107,'2024-10-02','Second City',2,NULL,'The Hounds');
INSERT INTO fixtures_fixture (id, date, away_team, division_id, bye_team_id, home_team) VALUES(1108,'2024-10-01','Beggars Bush',2,NULL,'X');
INSERT INTO fixtures_fixture (id, date, away_team, division_id, bye_team_id, home_team) VALUES(1109,'2024-10-09','Pint Pot',2,NULL,'Digby Dogs');
INSERT INTO fixtures_fixture (id, date, away_team, division_id, bye_team_id, home_team) VALUES(1110,'2024-10-09','The Greyhound',2,NULL,'Sutton Sports');
INSERT INTO fixtures_fixture (id, date, away_team, division_id, bye_team_id, home_team) VALUES(1111,'2024-10-09','Boldmere Sports Soc',2,NULL,'Hollyfields');
INSERT INTO fixtures_fixture (id, date, away_team, division_id, bye_team_id, home_team) VALUES(1112,'2024-10-09','ALL 4 ONE',2,NULL,'Second City');
INSERT INTO fixtures_fixture (id, date, away_team, division_id, bye_team_id, home_team) VALUES(1113,'2024-10-10','The Hounds',2,NULL,'Beggars Bush');
INSERT INTO fixtures_fixture (id, date, away_team, division_id, bye_team_id, home_team) VALUES(1114,'2024-10-09','X',2,NULL,'Boldmere Lounge');
INSERT INTO fixtures_fixture (id, date, away_team, division_id, bye_team_id, home_team) VALUES(1115,'2024-10-16','Sutton Sports',2,NULL,'Digby Dogs');
INSERT INTO fixtures_fixture (id, date, away_team, division_id, bye_team_id, home_team) VALUES(1116,'2024-10-16','Second City',2,NULL,'Hollyfields');
INSERT INTO fixtures_fixture (id, date, away_team, division_id, bye_team_id, home_team) VALUES(1117,'2024-10-16','Beggars Bush',2,NULL,'Boldmere Lounge');
INSERT INTO fixtures_fixture (id, date, away_team, division_id, bye_team_id, home_team) VALUES(1118,'2024-10-16','The Greyhound',2,NULL,'Pint Pot');
INSERT INTO fixtures_fixture (id, date, away_team, division_id, bye_team_id, home_team) VALUES(1119,'2024-10-15','ALL 4 ONE',2,NULL,'Boldmere Sports Soc');
INSERT INTO fixtures_fixture (id, date, away_team, division_id, bye_team_id, home_team) VALUES(1120,'2024-10-16','X',2,NULL,'The Hounds');
INSERT INTO fixtures_fixture (id, date, away_team, division_id, bye_team_id, home_team) VALUES(1121,'2024-11-06','Hollyfields',2,NULL,'Sutton Sports');
INSERT INTO fixtures_fixture (id, date, away_team, division_id, bye_team_id, home_team) VALUES(1122,'2024-11-06','Digby Dogs',2,NULL,'Second City');
INSERT INTO fixtures_fixture (id, date, away_team, division_id, bye_team_id, home_team) VALUES(1123,'2024-11-06','Boldmere Sports Soc',2,NULL,'Boldmere Lounge');
INSERT INTO fixtures_fixture (id, date, away_team, division_id, bye_team_id, home_team) VALUES(1124,'2024-11-05','Beggars Bush',2,NULL,'The Greyhound');
INSERT INTO fixtures_fixture (id, date, away_team, division_id, bye_team_id, home_team) VALUES(1125,'2024-11-07','The Hounds',2,NULL,'ALL 4 ONE');
INSERT INTO fixtures_fixture (id, date, away_team, division_id, bye_team_id, home_team) VALUES(1126,'2024-11-05','Pint Pot',2,NULL,'X');
INSERT INTO fixtures_fixture (id, date, away_team, division_id, bye_team_id, home_team) VALUES(1127,'2024-11-13','X',2,NULL,'Digby Dogs');
INSERT INTO fixtures_fixture (id, date, away_team, division_id, bye_team_id, home_team) VALUES(1128,'2024-11-13','Second City',2,NULL,'Pint Pot');
INSERT INTO fixtures_fixture (id, date, away_team, division_id, bye_team_id, home_team) VALUES(1129,'2024-11-13','The Greyhound',2,NULL,'Hollyfields');
INSERT INTO fixtures_fixture (id, date, away_team, division_id, bye_team_id, home_team) VALUES(1130,'2024-11-14','Boldmere Sports Soc',2,NULL,'Beggars Bush');
INSERT INTO fixtures_fixture (id, date, away_team, division_id, bye_team_id, home_team) VALUES(1131,'2024-11-13','Sutton Sports',2,NULL,'The Hounds');
INSERT INTO fixtures_fixture (id, date, away_team, division_id, bye_team_id, home_team) VALUES(1132,'2024-11-12','Boldmere Lounge',2,NULL,'ALL 4 ONE');
INSERT INTO fixtures_fixture (id, date, away_team, division_id, bye_team_id, home_team) VALUES(1133,'2024-11-20','The Hounds',2,NULL,'Pint Pot');
INSERT INTO fixtures_fixture (id, date, away_team, division_id, bye_team_id, home_team) VALUES(1134,'2024-11-19','ALL 4 ONE',2,NULL,'X');
INSERT INTO fixtures_fixture (id, date, away_team, division_id, bye_team_id, home_team) VALUES(1135,'2024-11-20','Beggars Bush',2,NULL,'Hollyfields');
INSERT INTO fixtures_fixture (id, date, away_team, division_id, bye_team_id, home_team) VALUES(1136,'2024-11-20','Boldmere Lounge',2,NULL,'Sutton Sports');
INSERT INTO fixtures_fixture (id, date, away_team, division_id, bye_team_id, home_team) VALUES(1137,'2024-11-19','Second City',2,NULL,'The Greyhound');
INSERT INTO fixtures_fixture (id, date, away_team, division_id, bye_team_id, home_team) VALUES(1138,'2024-11-19','Digby Dogs',2,NULL,'Boldmere Sports Soc');
INSERT INTO fixtures_fixture (id, date, away_team, division_id, bye_team_id, home_team) VALUES(1139,'2024-12-05','Pint Pot',2,NULL,'ALL 4 ONE');
INSERT INTO fixtures_fixture (id, date, away_team, division_id, bye_team_id, home_team) VALUES(1140,'2024-12-04','Digby Dogs',2,NULL,'Boldmere Lounge');
INSERT INTO fixtures_fixture (id, date, away_team, division_id, bye_team_id, home_team) VALUES(1141,'2024-12-03','Hollyfields',2,NULL,'X');
INSERT INTO fixtures_fixture (id, date, away_team, division_id, bye_team_id, home_team) VALUES(1142,'2024-12-05','Sutton Sports',2,NULL,'Beggars Bush');
INSERT INTO fixtures_fixture (id, date, away_team, division_id, bye_team_id, home_team) VALUES(1143,'2024-12-04','Boldmere Sports Soc',2,NULL,'Second City');
INSERT INTO fixtures_fixture (id, date, away_team, division_id, bye_team_id, home_team) VALUES(1144,'2024-12-04','The Greyhound',2,NULL,'The Hounds');
INSERT INTO fixtures_fixture (id, date, away_team, division_id, bye_team_id, home_team) VALUES(1145,'2024-12-11','ALL 4 ONE',2,NULL,'Sutton Sports');
INSERT INTO fixtures_fixture (id, date, away_team, division_id, bye_team_id, home_team) VALUES(1146,'2024-12-11','Hollyfields',2,NULL,'Pint Pot');
INSERT INTO fixtures_fixture (id, date, away_team, division_id, bye_team_id, home_team) VALUES(1147,'2024-12-12','Digby Dogs',2,NULL,'Beggars Bush');
INSERT INTO fixtures_fixture (id, date, away_team, division_id, bye_team_id, home_team) VALUES(1148,'2024-12-11','Second City',2,NULL,'Boldmere Lounge');
INSERT INTO fixtures_fixture (id, date, away_team, division_id, bye_team_id, home_team) VALUES(1149,'2024-12-10','The Greyhound',2,NULL,'X');
INSERT INTO fixtures_fixture (id, date, away_team, division_id, bye_team_id, home_team) VALUES(1150,'2024-12-11','Boldmere Sports Soc',2,NULL,'The Hounds');
INSERT INTO fixtures_fixture (id, date, away_team, division_id, bye_team_id, home_team) VALUES(1151,'2025-01-08','The Hounds',2,NULL,'Digby Dogs');
INSERT INTO fixtures_fixture (id, date, away_team, division_id, bye_team_id, home_team) VALUES(1152,'2025-01-08','Sutton Sports',2,NULL,'Second City');
INSERT INTO fixtures_fixture (id, date, away_team, division_id, bye_team_id, home_team) VALUES(1153,'2025-01-08','Boldmere Lounge',2,NULL,'Hollyfields');
INSERT INTO fixtures_fixture (id, date, away_team, division_id, bye_team_id, home_team) VALUES(1154,'2025-01-09','Pint Pot',2,NULL,'Beggars Bush');
INSERT INTO fixtures_fixture (id, date, away_team, division_id, bye_team_id, home_team) VALUES(1155,'2025-01-07','ALL 4 ONE',2,NULL,'The Greyhound');
INSERT INTO fixtures_fixture (id, date, away_team, division_id, bye_team_id, home_team) VALUES(1156,'2025-01-07','X',2,NULL,'Boldmere Sports Soc');
INSERT INTO fixtures_fixture (id, date, away_team, division_id, bye_team_id, home_team) VALUES(1157,'2025-01-15','Hollyfields',2,NULL,'Digby Dogs');
INSERT INTO fixtures_fixture (id, date, away_team, division_id, bye_team_id, home_team) VALUES(1158,'2025-01-15','Pint Pot',2,NULL,'Sutton Sports');
INSERT INTO fixtures_fixture (id, date, away_team, division_id, bye_team_id, home_team) VALUES(1159,'2025-01-15','X',2,NULL,'Second City');
INSERT INTO fixtures_fixture (id, date, away_team, division_id, bye_team_id, home_team) VALUES(1160,'2025-01-16','Beggars Bush',2,NULL,'ALL 4 ONE');
INSERT INTO fixtures_fixture (id, date, away_team, division_id, bye_team_id, home_team) VALUES(1161,'2025-01-15','Boldmere Lounge',2,NULL,'The Hounds');
INSERT INTO fixtures_fixture (id, date, away_team, division_id, bye_team_id, home_team) VALUES(1162,'2025-01-14','The Greyhound',2,NULL,'Boldmere Sports Soc');
INSERT INTO fixtures_fixture (id, date, away_team, division_id, bye_team_id, home_team) VALUES(1163,'2025-01-22','The Hounds',2,NULL,'Hollyfields');
INSERT INTO fixtures_fixture (id, date, away_team, division_id, bye_team_id, home_team) VALUES(1164,'2025-01-23','Second City',2,NULL,'Beggars Bush');
INSERT INTO fixtures_fixture (id, date, away_team, division_id, bye_team_id, home_team) VALUES(1165,'2025-01-21','Boldmere Lounge',2,NULL,'The Greyhound');
INSERT INTO fixtures_fixture (id, date, away_team, division_id, bye_team_id, home_team) VALUES(1166,'2025-01-21','Pint Pot',2,NULL,'Boldmere Sports Soc');
INSERT INTO fixtures_fixture (id, date, away_team, division_id, bye_team_id, home_team) VALUES(1167,'2025-01-23','Digby Dogs',2,NULL,'ALL 4 ONE');
INSERT INTO fixtures_fixture (id, date, away_team, division_id, bye_team_id, home_team) VALUES(1168,'2025-01-21','Sutton Sports',2,NULL,'X');
INSERT INTO fixtures_fixture (id, date, away_team, division_id, bye_team_id, home_team) VALUES(1169,'2025-02-12','Digby Dogs',2,NULL,'Pint Pot');
INSERT INTO fixtures_fixture (id, date, away_team, division_id, bye_team_id, home_team) VALUES(1170,'2025-02-11','Sutton Sports',2,NULL,'The Greyhound');
INSERT INTO fixtures_fixture (id, date, away_team, division_id, bye_team_id, home_team) VALUES(1171,'2025-02-11','Hollyfields',2,NULL,'Boldmere Sports Soc');
INSERT INTO fixtures_fixture (id, date, away_team, division_id, bye_team_id, home_team) VALUES(1172,'2025-02-13','Second City',2,NULL,'ALL 4 ONE');
INSERT INTO fixtures_fixture (id, date, away_team, division_id, bye_team_id, home_team) VALUES(1173,'2025-02-12','Beggars Bush',2,NULL,'The Hounds');
INSERT INTO fixtures_fixture (id, date, away_team, division_id, bye_team_id, home_team) VALUES(1174,'2025-02-13','Boldmere Lounge',2,NULL,'The Boot');
INSERT INTO fixtures_fixture (id, date, away_team, division_id, bye_team_id, home_team) VALUES(1175,'2025-02-19','Pint Pot',2,NULL,'Boldmere Lounge');
INSERT INTO fixtures_fixture (id, date, away_team, division_id, bye_team_id, home_team) VALUES(1176,'2025-02-19','The Greyhound',2,NULL,'Digby Dogs');
INSERT INTO fixtures_fixture (id, date, away_team, division_id, bye_team_id, home_team) VALUES(1177,'2025-02-19','Boldmere Sports Soc',2,NULL,'Sutton Sports');
INSERT INTO fixtures_fixture (id, date, away_team, division_id, bye_team_id, home_team) VALUES(1178,'2025-02-19','ALL 4 ONE',2,NULL,'Hollyfields');
INSERT INTO fixtures_fixture (id, date, away_team, division_id, bye_team_id, home_team) VALUES(1179,'2025-02-19','The Hounds',2,NULL,'Second City');
INSERT INTO fixtures_fixture (id, date, away_team, division_id, bye_team_id, home_team) VALUES(1180,'2025-02-20','The Boot',2,NULL,'Beggars Bush');
INSERT INTO fixtures_fixture (id, date, away_team, division_id, bye_team_id, home_team) VALUES(1181,'2025-03-05','Digby Dogs',2,NULL,'Sutton Sports');
INSERT INTO fixtures_fixture (id, date, away_team, division_id, bye_team_id, home_team) VALUES(1182,'2025-03-05','Hollyfields',2,NULL,'Second City');
INSERT INTO fixtures_fixture (id, date, away_team, division_id, bye_team_id, home_team) VALUES(1183,'2025-03-06','Boldmere Lounge',2,NULL,'Beggars Bush');
INSERT INTO fixtures_fixture (id, date, away_team, division_id, bye_team_id, home_team) VALUES(1184,'2025-03-04','Pint Pot',2,NULL,'The Greyhound');
INSERT INTO fixtures_fixture (id, date, away_team, division_id, bye_team_id, home_team) VALUES(1185,'2025-03-06','Boldmere Sports Soc',2,NULL,'ALL 4 ONE');
INSERT INTO fixtures_fixture (id, date, away_team, division_id, bye_team_id, home_team) VALUES(1186,'2025-03-06','The Hounds',2,NULL,'The Boot');
INSERT INTO fixtures_fixture (id, date, away_team, division_id, bye_team_id, home_team) VALUES(1187,'2025-03-19','Sutton Sports',2,NULL,'Hollyfields');
INSERT INTO fixtures_fixture (id, date, away_team, division_id, bye_team_id, home_team) VALUES(1188,'2025-03-19','Second City',2,NULL,'Digby Dogs');
INSERT INTO fixtures_fixture (id, date, away_team, division_id, bye_team_id, home_team) VALUES(1189,'2025-03-18','Boldmere Lounge',2,NULL,'Boldmere Sports Soc');
INSERT INTO fixtures_fixture (id, date, away_team, division_id, bye_team_id, home_team) VALUES(1190,'2025-03-20','The Greyhound',2,NULL,'Beggars Bush');
INSERT INTO fixtures_fixture (id, date, away_team, division_id, bye_team_id, home_team) VALUES(1191,'2025-03-19','ALL 4 ONE',2,NULL,'The Hounds');
INSERT INTO fixtures_fixture (id, date, away_team, division_id, bye_team_id, home_team) VALUES(1192,'2025-03-19','The Boot',2,NULL,'Pint Pot');
INSERT INTO fixtures_fixture (id, date, away_team, division_id, bye_team_id, home_team) VALUES(1193,'2025-04-03','Digby Dogs',2,NULL,'The Boot');
INSERT INTO fixtures_fixture (id, date, away_team, division_id, bye_team_id, home_team) VALUES(1194,'2025-04-02','Pint Pot',2,NULL,'Second City');
INSERT INTO fixtures_fixture (id, date, away_team, division_id, bye_team_id, home_team) VALUES(1195,'2025-04-01','Hollyfields',2,NULL,'The Greyhound');
INSERT INTO fixtures_fixture (id, date, away_team, division_id, bye_team_id, home_team) VALUES(1196,'2025-04-01','Beggars Bush',2,NULL,'Boldmere Sports Soc');
INSERT INTO fixtures_fixture (id, date, away_team, division_id, bye_team_id, home_team) VALUES(1197,'2025-04-02','The Hounds',2,NULL,'Sutton Sports');
INSERT INTO fixtures_fixture (id, date, away_team, division_id, bye_team_id, home_team) VALUES(1198,'2025-04-02','ALL 4 ONE',2,NULL,'Boldmere Lounge');
INSERT INTO fixtures_fixture (id, date, away_team, division_id, bye_team_id, home_team) VALUES(1199,'2025-04-09','Pint Pot',2,NULL,'The Hounds');
INSERT INTO fixtures_fixture (id, date, away_team, division_id, bye_team_id, home_team) VALUES(1200,'2025-04-10','The Boot',2,NULL,'ALL 4 ONE');
INSERT INTO fixtures_fixture (id, date, away_team, division_id, bye_team_id, home_team) VALUES(1201,'2025-04-10','Hollyfields',2,NULL,'Beggars Bush');
INSERT INTO fixtures_fixture (id, date, away_team, division_id, bye_team_id, home_team) VALUES(1202,'2025-04-09','Sutton Sports',2,NULL,'Boldmere Lounge');
INSERT INTO fixtures_fixture (id, date, away_team, division_id, bye_team_id, home_team) VALUES(1203,'2025-04-09','The Greyhound',2,NULL,'Second City');
INSERT INTO fixtures_fixture (id, date, away_team, division_id, bye_team_id, home_team) VALUES(1204,'2025-04-09','Boldmere Sports Soc',2,NULL,'Digby Dogs');
INSERT INTO fixtures_fixture (id, date, away_team, division_id, bye_team_id, home_team) VALUES(1205,'2025-04-16','ALL 4 ONE',2,NULL,'Pint Pot');
INSERT INTO fixtures_fixture (id, date, away_team, division_id, bye_team_id, home_team) VALUES(1206,'2025-04-16','Boldmere Lounge',2,NULL,'Digby Dogs');
INSERT INTO fixtures_fixture (id, date, away_team, division_id, bye_team_id, home_team) VALUES(1207,'2025-04-16','The Boot',2,NULL,'Hollyfields');
INSERT INTO fixtures_fixture (id, date, away_team, division_id, bye_team_id, home_team) VALUES(1208,'2025-04-16','Beggars Bush',2,NULL,'Sutton Sports');
INSERT INTO fixtures_fixture (id, date, away_team, division_id, bye_team_id, home_team) VALUES(1209,'2025-04-15','Second City',2,NULL,'Boldmere Sports Soc');
INSERT INTO fixtures_fixture (id, date, away_team, division_id, bye_team_id, home_team) VALUES(1210,'2025-04-15','The Hounds',2,NULL,'The Greyhound');
INSERT INTO fixtures_fixture (id, date, away_team, division_id, bye_team_id, home_team) VALUES(1211,'2025-04-23','Digby Dogs',2,NULL,'The Hounds');
INSERT INTO fixtures_fixture (id, date, away_team, division_id, bye_team_id, home_team) VALUES(1212,'2025-04-23','Second City',2,NULL,'Sutton Sports');
INSERT INTO fixtures_fixture (id, date, away_team, division_id, bye_team_id, home_team) VALUES(1213,'2025-04-23','Hollyfields',2,NULL,'Boldmere Lounge');
INSERT INTO fixtures_fixture (id, date, away_team, division_id, bye_team_id, home_team) VALUES(1214,'2025-04-23','Beggars Bush',2,NULL,'Pint Pot');
INSERT INTO fixtures_fixture (id, date, away_team, division_id, bye_team_id, home_team) VALUES(1215,'2025-04-24','The Greyhound',2,NULL,'ALL 4 ONE');
INSERT INTO fixtures_fixture (id, date, away_team, division_id, bye_team_id, home_team) VALUES(1216,'2025-04-24','Boldmere Sports Soc',2,NULL,'The Boot');
INSERT INTO fixtures_fixture (id, date, away_team, division_id, bye_team_id, home_team) VALUES(1217,'2025-05-01','Sutton Sports',2,NULL,'ALL 4 ONE');
INSERT INTO fixtures_fixture (id, date, away_team, division_id, bye_team_id, home_team) VALUES(1218,'2025-04-30','Pint Pot',2,NULL,'Hollyfields');
INSERT INTO fixtures_fixture (id, date, away_team, division_id, bye_team_id, home_team) VALUES(1219,'2025-04-30','Beggars Bush',2,NULL,'Digby Dogs');
INSERT INTO fixtures_fixture (id, date, away_team, division_id, bye_team_id, home_team) VALUES(1220,'2025-04-30','Boldmere Lounge',2,NULL,'Second City');
INSERT INTO fixtures_fixture (id, date, away_team, division_id, bye_team_id, home_team) VALUES(1221,'2025-04-29','The Boot',2,NULL,'The Greyhound');
INSERT INTO fixtures_fixture (id, date, away_team, division_id, bye_team_id, home_team) VALUES(1222,'2025-04-29','The Hounds',2,NULL,'Boldmere Sports Soc');
INSERT INTO fixtures_fixture (id, date, away_team, division_id, bye_team_id, home_team) VALUES(1223,'2025-05-07','Digby Dogs',2,NULL,'Hollyfields');
INSERT INTO fixtures_fixture (id, date, away_team, division_id, bye_team_id, home_team) VALUES(1224,'2025-05-07','Sutton Sports',2,NULL,'Pint Pot');
INSERT INTO fixtures_fixture (id, date, away_team, division_id, bye_team_id, home_team) VALUES(1225,'2025-05-08','Second City',2,NULL,'The Boot');
INSERT INTO fixtures_fixture (id, date, away_team, division_id, bye_team_id, home_team) VALUES(1226,'2025-05-08','ALL 4 ONE',2,NULL,'Beggars Bush');
INSERT INTO fixtures_fixture (id, date, away_team, division_id, bye_team_id, home_team) VALUES(1227,'2025-05-07','The Hounds',2,NULL,'Boldmere Lounge');
INSERT INTO fixtures_fixture (id, date, away_team, division_id, bye_team_id, home_team) VALUES(1228,'2025-05-06','Boldmere Sports Soc',2,NULL,'The Greyhound');
INSERT INTO fixtures_fixture (id, date, away_team, division_id, bye_team_id, home_team) VALUES(1229,'2025-05-14','Hollyfields',2,NULL,'The Hounds');
INSERT INTO fixtures_fixture (id, date, away_team, division_id, bye_team_id, home_team) VALUES(1230,'2025-05-14','Beggars Bush',2,NULL,'Second City');
INSERT INTO fixtures_fixture (id, date, away_team, division_id, bye_team_id, home_team) VALUES(1231,'2025-05-14','The Greyhound',2,NULL,'Boldmere Lounge');
INSERT INTO fixtures_fixture (id, date, away_team, division_id, bye_team_id, home_team) VALUES(1232,'2025-05-14','Boldmere Sports Soc',2,NULL,'Pint Pot');
INSERT INTO fixtures_fixture (id, date, away_team, division_id, bye_team_id, home_team) VALUES(1233,'2025-05-14','ALL 4 ONE',2,NULL,'Digby Dogs');
INSERT INTO fixtures_fixture (id, date, away_team, division_id, bye_team_id, home_team) VALUES(1234,'2025-05-14','The Boot',2,NULL,'Sutton Sports');
INSERT INTO fixtures_fixture (id, date, away_team, division_id, bye_team_id, home_team) VALUES(1235,'2025-01-21','Man',3,NULL,'Boss');
INSERT INTO fixtures_fixture (id, date, away_team, division_id, bye_team_id, home_team) VALUES(1236,'2025-01-21','Boss',1,NULL,'Man');
INSERT INTO fixtures_fixture (id, date, away_team, division_id, bye_team_id, home_team) VALUES(1238,'2024-10-03','Erdy Barflies',1,NULL,'Whitehorse');
INSERT INTO fixtures_fixture (id, date, away_team, division_id, bye_team_id, home_team) VALUES(1239,'2024-10-01','The Kingfisher',1,NULL,'No. 1 Bar');
INSERT INTO fixtures_fixture (id, date, away_team, division_id, bye_team_id, home_team) VALUES(1240,'2024-10-01','Holly Lane Social',1,NULL,'Aston Social');
INSERT INTO fixtures_fixture (id, date, away_team, division_id, bye_team_id, home_team) VALUES(1241,'2024-10-03','Witton Arms',1,NULL,'Red Lion');
INSERT INTO fixtures_fixture (id, date, away_team, division_id, bye_team_id, home_team) VALUES(1242,'2024-10-02','Roseymacs',1,NULL,'The Digby');
INSERT INTO fixtures_fixture (id, date, away_team, division_id, bye_team_id, home_team) VALUES(1243,'2024-10-10','Whitehorse',1,NULL,'Roseymacs');
INSERT INTO fixtures_fixture (id, date, away_team, division_id, bye_team_id, home_team) VALUES(1244,'2024-10-10','No. 1 Bar',1,NULL,'Erdy Barflies');
INSERT INTO fixtures_fixture (id, date, away_team, division_id, bye_team_id, home_team) VALUES(1245,'2024-10-10','Holly Lane Social',1,NULL,'Witton Arms');
INSERT INTO fixtures_fixture (id, date, away_team, division_id, bye_team_id, home_team) VALUES(1246,'2024-10-08','Red Lion',1,NULL,'The Kingfisher');
INSERT INTO fixtures_fixture (id, date, away_team, division_id, bye_team_id, home_team) VALUES(1247,'2024-10-08','The Digby',1,NULL,'Aston Social');
INSERT INTO fixtures_fixture (id, date, away_team, division_id, bye_team_id, home_team) VALUES(1248,'2024-10-17','Aston Social',1,NULL,'Whitehorse');
INSERT INTO fixtures_fixture (id, date, away_team, division_id, bye_team_id, home_team) VALUES(1249,'2024-10-15','Witton Arms',1,NULL,'No. 1 Bar');
INSERT INTO fixtures_fixture (id, date, away_team, division_id, bye_team_id, home_team) VALUES(1250,'2024-10-16','The Kingfisher',1,NULL,'Holly Lane Social');
INSERT INTO fixtures_fixture (id, date, away_team, division_id, bye_team_id, home_team) VALUES(1251,'2024-10-17','The Digby',1,NULL,'Erdy Barflies');
INSERT INTO fixtures_fixture (id, date, away_team, division_id, bye_team_id, home_team) VALUES(1252,'2024-10-17','Red Lion',1,NULL,'Roseymacs');
INSERT INTO fixtures_fixture (id, date, away_team, division_id, bye_team_id, home_team) VALUES(1253,'2024-11-05','Whitehorse',1,NULL,'The Kingfisher');
INSERT INTO fixtures_fixture (id, date, away_team, division_id, bye_team_id, home_team) VALUES(1254,'2024-11-05','Roseymacs',1,NULL,'Aston Social');
INSERT INTO fixtures_fixture (id, date, away_team, division_id, bye_team_id, home_team) VALUES(1255,'2024-11-07','No. 1 Bar',1,NULL,'Red Lion');
INSERT INTO fixtures_fixture (id, date, away_team, division_id, bye_team_id, home_team) VALUES(1256,'2024-11-07','Erdy Barflies',1,NULL,'Witton Arms');
INSERT INTO fixtures_fixture (id, date, away_team, division_id, bye_team_id, home_team) VALUES(1257,'2024-11-06','Holly Lane Social',1,NULL,'The Digby');
INSERT INTO fixtures_fixture (id, date, away_team, division_id, bye_team_id, home_team) VALUES(1258,'2024-11-14','Red Lion',1,NULL,'Whitehorse');
INSERT INTO fixtures_fixture (id, date, away_team, division_id, bye_team_id, home_team) VALUES(1259,'2024-11-12','Erdy Barflies',1,NULL,'The Kingfisher');
INSERT INTO fixtures_fixture (id, date, away_team, division_id, bye_team_id, home_team) VALUES(1260,'2024-11-14','Holly Lane Social',1,NULL,'Roseymacs');
INSERT INTO fixtures_fixture (id, date, away_team, division_id, bye_team_id, home_team) VALUES(1261,'2024-11-14','Aston Social',1,NULL,'Witton Arms');
INSERT INTO fixtures_fixture (id, date, away_team, division_id, bye_team_id, home_team) VALUES(1262,'2024-11-13','The Digby',1,NULL,'No. 1 Bar');
INSERT INTO fixtures_fixture (id, date, away_team, division_id, bye_team_id, home_team) VALUES(1263,'2024-11-21','The Kingfisher',1,NULL,'Roseymacs');
INSERT INTO fixtures_fixture (id, date, away_team, division_id, bye_team_id, home_team) VALUES(1264,'2024-11-19','Holly Lane Social',1,NULL,'No. 1 Bar');
INSERT INTO fixtures_fixture (id, date, away_team, division_id, bye_team_id, home_team) VALUES(1265,'2024-11-21','Witton Arms',1,NULL,'Whitehorse');
INSERT INTO fixtures_fixture (id, date, away_team, division_id, bye_team_id, home_team) VALUES(1266,'2024-11-21','Aston Social',1,NULL,'Erdy Barflies');
INSERT INTO fixtures_fixture (id, date, away_team, division_id, bye_team_id, home_team) VALUES(1267,'2024-11-20','Red Lion',1,NULL,'The Digby');
INSERT INTO fixtures_fixture (id, date, away_team, division_id, bye_team_id, home_team) VALUES(1268,'2024-12-04','Whitehorse',1,NULL,'Holly Lane Social');
INSERT INTO fixtures_fixture (id, date, away_team, division_id, bye_team_id, home_team) VALUES(1269,'2024-12-03','No. 1 Bar',1,NULL,'Aston Social');
INSERT INTO fixtures_fixture (id, date, away_team, division_id, bye_team_id, home_team) VALUES(1270,'2024-12-05','Red Lion',1,NULL,'Erdy Barflies');
INSERT INTO fixtures_fixture (id, date, away_team, division_id, bye_team_id, home_team) VALUES(1271,'2024-12-03','The Digby',1,NULL,'The Kingfisher');
INSERT INTO fixtures_fixture (id, date, away_team, division_id, bye_team_id, home_team) VALUES(1272,'2024-12-05','Roseymacs',1,NULL,'Witton Arms');
INSERT INTO fixtures_fixture (id, date, away_team, division_id, bye_team_id, home_team) VALUES(1273,'2024-12-10','Whitehorse',1,NULL,'No. 1 Bar');
INSERT INTO fixtures_fixture (id, date, away_team, division_id, bye_team_id, home_team) VALUES(1274,'2024-12-10','The Kingfisher',1,NULL,'Aston Social');
INSERT INTO fixtures_fixture (id, date, away_team, division_id, bye_team_id, home_team) VALUES(1275,'2024-12-12','Holly Lane Social',1,NULL,'Red Lion');
INSERT INTO fixtures_fixture (id, date, away_team, division_id, bye_team_id, home_team) VALUES(1276,'2024-12-11','Witton Arms',1,NULL,'The Digby');
INSERT INTO fixtures_fixture (id, date, away_team, division_id, bye_team_id, home_team) VALUES(1277,'2024-12-12','Erdy Barflies',1,NULL,'Roseymacs');
INSERT INTO fixtures_fixture (id, date, away_team, division_id, bye_team_id, home_team) VALUES(1278,'2025-01-09','The Digby',1,NULL,'Whitehorse');
INSERT INTO fixtures_fixture (id, date, away_team, division_id, bye_team_id, home_team) VALUES(1279,'2025-01-09','Holly Lane Social',1,NULL,'Erdy Barflies');
INSERT INTO fixtures_fixture (id, date, away_team, division_id, bye_team_id, home_team) VALUES(1280,'2025-01-09','No. 1 Bar',1,NULL,'Roseymacs');
INSERT INTO fixtures_fixture (id, date, away_team, division_id, bye_team_id, home_team) VALUES(1281,'2025-01-07','Witton Arms',1,NULL,'The Kingfisher');
INSERT INTO fixtures_fixture (id, date, away_team, division_id, bye_team_id, home_team) VALUES(1282,'2025-01-09','Aston Social',1,NULL,'Red Lion');
INSERT INTO fixtures_fixture (id, date, away_team, division_id, bye_team_id, home_team) VALUES(1283,'2025-01-16','Whitehorse',1,NULL,'Erdy Barflies');
INSERT INTO fixtures_fixture (id, date, away_team, division_id, bye_team_id, home_team) VALUES(1284,'2025-01-14','No. 1 Bar',1,NULL,'The Kingfisher');
INSERT INTO fixtures_fixture (id, date, away_team, division_id, bye_team_id, home_team) VALUES(1285,'2025-01-15','Aston Social',1,NULL,'Holly Lane Social');
INSERT INTO fixtures_fixture (id, date, away_team, division_id, bye_team_id, home_team) VALUES(1286,'2025-01-16','Red Lion',1,NULL,'Witton Arms');
INSERT INTO fixtures_fixture (id, date, away_team, division_id, bye_team_id, home_team) VALUES(1287,'2025-01-16','The Digby',1,NULL,'Roseymacs');
INSERT INTO fixtures_fixture (id, date, away_team, division_id, bye_team_id, home_team) VALUES(1288,'2025-01-23','Roseymacs',1,NULL,'Whitehorse');
INSERT INTO fixtures_fixture (id, date, away_team, division_id, bye_team_id, home_team) VALUES(1289,'2025-01-21','Erdy Barflies',1,NULL,'No. 1 Bar');
INSERT INTO fixtures_fixture (id, date, away_team, division_id, bye_team_id, home_team) VALUES(1290,'2025-01-22','Witton Arms',1,NULL,'Holly Lane Social');
INSERT INTO fixtures_fixture (id, date, away_team, division_id, bye_team_id, home_team) VALUES(1291,'2025-01-23','The Kingfisher',1,NULL,'Red Lion');
INSERT INTO fixtures_fixture (id, date, away_team, division_id, bye_team_id, home_team) VALUES(1292,'2025-01-22','Aston Social',1,NULL,'The Digby');
INSERT INTO fixtures_fixture (id, date, away_team, division_id, bye_team_id, home_team) VALUES(1293,'2025-02-11','Whitehorse',1,NULL,'Aston Social');
INSERT INTO fixtures_fixture (id, date, away_team, division_id, bye_team_id, home_team) VALUES(1294,'2025-02-13','No. 1 Bar',1,NULL,'Witton Arms');
INSERT INTO fixtures_fixture (id, date, away_team, division_id, bye_team_id, home_team) VALUES(1295,'2025-02-11','Holly Lane Social',1,NULL,'The Kingfisher');
INSERT INTO fixtures_fixture (id, date, away_team, division_id, bye_team_id, home_team) VALUES(1296,'2025-02-12','Erdy Barflies',1,NULL,'The Digby');
INSERT INTO fixtures_fixture (id, date, away_team, division_id, bye_team_id, home_team) VALUES(1297,'2025-02-13','Roseymacs',1,NULL,'Red Lion');
INSERT INTO fixtures_fixture (id, date, away_team, division_id, bye_team_id, home_team) VALUES(1298,'2025-02-20','The Kingfisher',1,NULL,'Whitehorse');
INSERT INTO fixtures_fixture (id, date, away_team, division_id, bye_team_id, home_team) VALUES(1299,'2025-02-20','Aston Social',1,NULL,'Roseymacs');
INSERT INTO fixtures_fixture (id, date, away_team, division_id, bye_team_id, home_team) VALUES(1300,'2025-02-18','Red Lion',1,NULL,'No. 1 Bar');
INSERT INTO fixtures_fixture (id, date, away_team, division_id, bye_team_id, home_team) VALUES(1301,'2025-02-20','Witton Arms',1,NULL,'Erdy Barflies');
INSERT INTO fixtures_fixture (id, date, away_team, division_id, bye_team_id, home_team) VALUES(1302,'2025-02-19','The Digby',1,NULL,'Holly Lane Social');
INSERT INTO fixtures_fixture (id, date, away_team, division_id, bye_team_id, home_team) VALUES(1303,'2025-03-06','Whitehorse',1,NULL,'Red Lion');
INSERT INTO fixtures_fixture (id, date, away_team, division_id, bye_team_id, home_team) VALUES(1304,'2025-03-06','The Kingfisher',1,NULL,'Erdy Barflies');
INSERT INTO fixtures_fixture (id, date, away_team, division_id, bye_team_id, home_team) VALUES(1305,'2025-03-05','Roseymacs',1,NULL,'Holly Lane Social');
INSERT INTO fixtures_fixture (id, date, away_team, division_id, bye_team_id, home_team) VALUES(1306,'2025-03-04','Witton Arms',1,NULL,'Aston Social');
INSERT INTO fixtures_fixture (id, date, away_team, division_id, bye_team_id, home_team) VALUES(1307,'2025-03-05','No. 1 Bar',1,NULL,'The Digby');
INSERT INTO fixtures_fixture (id, date, away_team, division_id, bye_team_id, home_team) VALUES(1308,'2025-03-18','Roseymacs',1,NULL,'The Kingfisher');
INSERT INTO fixtures_fixture (id, date, away_team, division_id, bye_team_id, home_team) VALUES(1309,'2025-03-19','No. 1 Bar',1,NULL,'Holly Lane Social');
INSERT INTO fixtures_fixture (id, date, away_team, division_id, bye_team_id, home_team) VALUES(1310,'2025-03-20','Whitehorse',1,NULL,'Witton Arms');
INSERT INTO fixtures_fixture (id, date, away_team, division_id, bye_team_id, home_team) VALUES(1311,'2025-03-18','Erdy Barflies',1,NULL,'Aston Social');
INSERT INTO fixtures_fixture (id, date, away_team, division_id, bye_team_id, home_team) VALUES(1312,'2025-03-20','The Digby',1,NULL,'Red Lion');
INSERT INTO fixtures_fixture (id, date, away_team, division_id, bye_team_id, home_team) VALUES(1313,'2025-04-03','Holly Lane Social',1,NULL,'Whitehorse');
INSERT INTO fixtures_fixture (id, date, away_team, division_id, bye_team_id, home_team) VALUES(1314,'2025-04-01','Aston Social',1,NULL,'No. 1 Bar');
INSERT INTO fixtures_fixture (id, date, away_team, division_id, bye_team_id, home_team) VALUES(1315,'2025-04-03','Erdy Barflies',1,NULL,'Red Lion');
INSERT INTO fixtures_fixture (id, date, away_team, division_id, bye_team_id, home_team) VALUES(1316,'2025-04-02','The Kingfisher',1,NULL,'The Digby');
INSERT INTO fixtures_fixture (id, date, away_team, division_id, bye_team_id, home_team) VALUES(1317,'2025-04-03','Witton Arms',1,NULL,'Roseymacs');
INSERT INTO fixtures_fixture (id, date, away_team, division_id, bye_team_id, home_team) VALUES(1318,'2025-04-10','No. 1 Bar',1,NULL,'Whitehorse');
INSERT INTO fixtures_fixture (id, date, away_team, division_id, bye_team_id, home_team) VALUES(1319,'2025-04-08','Aston Social',1,NULL,'The Kingfisher');
INSERT INTO fixtures_fixture (id, date, away_team, division_id, bye_team_id, home_team) VALUES(1320,'2025-04-09','Red Lion',1,NULL,'Holly Lane Social');
INSERT INTO fixtures_fixture (id, date, away_team, division_id, bye_team_id, home_team) VALUES(1321,'2025-04-10','The Digby',1,NULL,'Witton Arms');
INSERT INTO fixtures_fixture (id, date, away_team, division_id, bye_team_id, home_team) VALUES(1322,'2025-04-10','Roseymacs',1,NULL,'Erdy Barflies');
INSERT INTO fixtures_fixture (id, date, away_team, division_id, bye_team_id, home_team) VALUES(1323,'2025-04-22','Whitehorse',1,NULL,'The Digby');
INSERT INTO fixtures_fixture (id, date, away_team, division_id, bye_team_id, home_team) VALUES(1324,'2025-04-22','Erdy Barflies',1,NULL,'Holly Lane Social');
INSERT INTO fixtures_fixture (id, date, away_team, division_id, bye_team_id, home_team) VALUES(1325,'2025-04-22','Roseymacs',1,NULL,'No. 1 Bar');
INSERT INTO fixtures_fixture (id, date, away_team, division_id, bye_team_id, home_team) VALUES(1326,'2025-04-24','The Kingfisher',1,NULL,'Witton Arms');
INSERT INTO fixtures_fixture (id, date, away_team, division_id, bye_team_id, home_team) VALUES(1327,'2025-04-22','Red Lion',1,NULL,'Aston Social');
INSERT INTO fixtures_fixture (id, date, away_team, division_id, bye_team_id, home_team) VALUES(1328,'2024-10-03','Bold St Mics',3,NULL,'Yenton Cks');
INSERT INTO fixtures_fixture (id, date, away_team, division_id, bye_team_id, home_team) VALUES(1329,'2024-10-03','Yew Tree',3,NULL,'Sportsman');
INSERT INTO fixtures_fixture (id, date, away_team, division_id, bye_team_id, home_team) VALUES(1330,'2024-10-01','The Fox',3,NULL,'Church Tav');
INSERT INTO fixtures_fixture (id, date, away_team, division_id, bye_team_id, home_team) VALUES(1331,'2024-10-02','The Rest',3,NULL,'Darkswans');
INSERT INTO fixtures_fixture (id, date, away_team, division_id, bye_team_id, home_team) VALUES(1332,'2024-10-02','Potters Independent',3,NULL,'New Innbetweeners');
INSERT INTO fixtures_fixture (id, date, away_team, division_id, bye_team_id, home_team) VALUES(1333,'2024-10-09','Yenton Cks',3,NULL,'New Innbetweeners');
INSERT INTO fixtures_fixture (id, date, away_team, division_id, bye_team_id, home_team) VALUES(1334,'2024-10-10','Sportsman',3,NULL,'Bold St Mics');
INSERT INTO fixtures_fixture (id, date, away_team, division_id, bye_team_id, home_team) VALUES(1335,'2024-10-09','Church Tav',3,NULL,'The Rest');
INSERT INTO fixtures_fixture (id, date, away_team, division_id, bye_team_id, home_team) VALUES(1336,'2024-10-08','Darkswans',3,NULL,'Yew Tree');
INSERT INTO fixtures_fixture (id, date, away_team, division_id, bye_team_id, home_team) VALUES(1337,'2024-10-09','The Fox',3,NULL,'Potters Independent');
INSERT INTO fixtures_fixture (id, date, away_team, division_id, bye_team_id, home_team) VALUES(1338,'2024-10-17','The Fox',3,NULL,'Yenton Cks');
INSERT INTO fixtures_fixture (id, date, away_team, division_id, bye_team_id, home_team) VALUES(1339,'2024-10-17','The Rest',3,NULL,'Sportsman');
INSERT INTO fixtures_fixture (id, date, away_team, division_id, bye_team_id, home_team) VALUES(1340,'2024-10-15','Yew Tree',3,NULL,'Church Tav');
INSERT INTO fixtures_fixture (id, date, away_team, division_id, bye_team_id, home_team) VALUES(1341,'2024-10-17','Potters Independent',3,NULL,'Bold St Mics');
INSERT INTO fixtures_fixture (id, date, away_team, division_id, bye_team_id, home_team) VALUES(1342,'2024-10-16','Darkswans',3,NULL,'New Innbetweeners');
INSERT INTO fixtures_fixture (id, date, away_team, division_id, bye_team_id, home_team) VALUES(1343,'2024-11-05','Yenton Cks',3,NULL,'Yew Tree');
INSERT INTO fixtures_fixture (id, date, away_team, division_id, bye_team_id, home_team) VALUES(1344,'2024-11-07','New Innbetweeners',3,NULL,'The Fox');
INSERT INTO fixtures_fixture (id, date, away_team, division_id, bye_team_id, home_team) VALUES(1345,'2024-11-06','Sportsman',3,NULL,'Darkswans');
INSERT INTO fixtures_fixture (id, date, away_team, division_id, bye_team_id, home_team) VALUES(1346,'2024-11-06','Bold St Mics',3,NULL,'The Rest');
INSERT INTO fixtures_fixture (id, date, away_team, division_id, bye_team_id, home_team) VALUES(1347,'2024-11-06','Church Tav',3,NULL,'Potters Independent');
INSERT INTO fixtures_fixture (id, date, away_team, division_id, bye_team_id, home_team) VALUES(1348,'2024-11-14','Darkswans',3,NULL,'Yenton Cks');
INSERT INTO fixtures_fixture (id, date, away_team, division_id, bye_team_id, home_team) VALUES(1349,'2024-11-12','Bold St Mics',3,NULL,'Yew Tree');
INSERT INTO fixtures_fixture (id, date, away_team, division_id, bye_team_id, home_team) VALUES(1350,'2024-11-12','New Innbetweeners',3,NULL,'Church Tav');
INSERT INTO fixtures_fixture (id, date, away_team, division_id, bye_team_id, home_team) VALUES(1351,'2024-11-13','The Fox',3,NULL,'The Rest');
INSERT INTO fixtures_fixture (id, date, away_team, division_id, bye_team_id, home_team) VALUES(1352,'2024-11-13','Sportsman',3,NULL,'Potters Independent');
INSERT INTO fixtures_fixture (id, date, away_team, division_id, bye_team_id, home_team) VALUES(1353,'2024-11-20','Yew Tree',3,NULL,'New Innbetweeners');
INSERT INTO fixtures_fixture (id, date, away_team, division_id, bye_team_id, home_team) VALUES(1354,'2024-11-21','Church Tav',3,NULL,'Sportsman');
INSERT INTO fixtures_fixture (id, date, away_team, division_id, bye_team_id, home_team) VALUES(1355,'2024-11-21','The Rest',3,NULL,'Yenton Cks');
INSERT INTO fixtures_fixture (id, date, away_team, division_id, bye_team_id, home_team) VALUES(1356,'2024-11-21','The Fox',3,NULL,'Bold St Mics');
INSERT INTO fixtures_fixture (id, date, away_team, division_id, bye_team_id, home_team) VALUES(1357,'2024-11-20','Potters Independent',3,NULL,'Darkswans');
INSERT INTO fixtures_fixture (id, date, away_team, division_id, bye_team_id, home_team) VALUES(1358,'2024-12-03','Yenton Cks',3,NULL,'Church Tav');
INSERT INTO fixtures_fixture (id, date, away_team, division_id, bye_team_id, home_team) VALUES(1359,'2024-12-05','Sportsman',3,NULL,'The Fox');
INSERT INTO fixtures_fixture (id, date, away_team, division_id, bye_team_id, home_team) VALUES(1360,'2024-12-05','Darkswans',3,NULL,'Bold St Mics');
INSERT INTO fixtures_fixture (id, date, away_team, division_id, bye_team_id, home_team) VALUES(1361,'2024-12-03','Potters Independent',3,NULL,'Yew Tree');
INSERT INTO fixtures_fixture (id, date, away_team, division_id, bye_team_id, home_team) VALUES(1362,'2024-12-04','New Innbetweeners',3,NULL,'The Rest');
INSERT INTO fixtures_fixture (id, date, away_team, division_id, bye_team_id, home_team) VALUES(1363,'2024-12-12','Sportsman',3,NULL,'Yenton Cks');
INSERT INTO fixtures_fixture (id, date, away_team, division_id, bye_team_id, home_team) VALUES(1364,'2024-12-12','Yew Tree',3,NULL,'The Fox');
INSERT INTO fixtures_fixture (id, date, away_team, division_id, bye_team_id, home_team) VALUES(1365,'2024-12-11','Church Tav',3,NULL,'Darkswans');
INSERT INTO fixtures_fixture (id, date, away_team, division_id, bye_team_id, home_team) VALUES(1366,'2024-12-11','The Rest',3,NULL,'Potters Independent');
INSERT INTO fixtures_fixture (id, date, away_team, division_id, bye_team_id, home_team) VALUES(1367,'2024-12-11','Bold St Mics',3,NULL,'New Innbetweeners');
INSERT INTO fixtures_fixture (id, date, away_team, division_id, bye_team_id, home_team) VALUES(1368,'2025-01-09','Potters Independent',3,NULL,'Yenton Cks');
INSERT INTO fixtures_fixture (id, date, away_team, division_id, bye_team_id, home_team) VALUES(1369,'2025-01-07','Bold St Mics',3,NULL,'Church Tav');
INSERT INTO fixtures_fixture (id, date, away_team, division_id, bye_team_id, home_team) VALUES(1370,'2025-01-09','New Innbetweeners',3,NULL,'Sportsman');
INSERT INTO fixtures_fixture (id, date, away_team, division_id, bye_team_id, home_team) VALUES(1371,'2025-01-07','The Rest',3,NULL,'Yew Tree');
INSERT INTO fixtures_fixture (id, date, away_team, division_id, bye_team_id, home_team) VALUES(1372,'2025-01-08','The Fox',3,NULL,'Darkswans');
INSERT INTO fixtures_fixture (id, date, away_team, division_id, bye_team_id, home_team) VALUES(1373,'2025-01-16','Yenton Cks',3,NULL,'Bold St Mics');
INSERT INTO fixtures_fixture (id, date, away_team, division_id, bye_team_id, home_team) VALUES(1374,'2025-01-14','Sportsman',3,NULL,'Yew Tree');
INSERT INTO fixtures_fixture (id, date, away_team, division_id, bye_team_id, home_team) VALUES(1375,'2025-01-16','Church Tav',3,NULL,'The Fox');
INSERT INTO fixtures_fixture (id, date, away_team, division_id, bye_team_id, home_team) VALUES(1376,'2025-01-15','Darkswans',3,NULL,'The Rest');
INSERT INTO fixtures_fixture (id, date, away_team, division_id, bye_team_id, home_team) VALUES(1377,'2025-01-15','New Innbetweeners',3,NULL,'Potters Independent');
INSERT INTO fixtures_fixture (id, date, away_team, division_id, bye_team_id, home_team) VALUES(1378,'2025-01-23','New Innbetweeners',3,NULL,'Yenton Cks');
INSERT INTO fixtures_fixture (id, date, away_team, division_id, bye_team_id, home_team) VALUES(1379,'2025-01-23','Bold St Mics',3,NULL,'Sportsman');
INSERT INTO fixtures_fixture (id, date, away_team, division_id, bye_team_id, home_team) VALUES(1380,'2025-01-21','The Rest',3,NULL,'Church Tav');
INSERT INTO fixtures_fixture (id, date, away_team, division_id, bye_team_id, home_team) VALUES(1381,'2025-01-22','Yew Tree',3,NULL,'Darkswans');
INSERT INTO fixtures_fixture (id, date, away_team, division_id, bye_team_id, home_team) VALUES(1382,'2025-01-23','Potters Independent',3,NULL,'The Fox');
INSERT INTO fixtures_fixture (id, date, away_team, division_id, bye_team_id, home_team) VALUES(1383,'2025-02-13','Yenton Cks',3,NULL,'The Fox');
INSERT INTO fixtures_fixture (id, date, away_team, division_id, bye_team_id, home_team) VALUES(1384,'2025-02-12','Sportsman',3,NULL,'The Rest');
INSERT INTO fixtures_fixture (id, date, away_team, division_id, bye_team_id, home_team) VALUES(1385,'2025-02-11','Church Tav',3,NULL,'Yew Tree');
INSERT INTO fixtures_fixture (id, date, away_team, division_id, bye_team_id, home_team) VALUES(1386,'2025-02-12','Bold St Mics',3,NULL,'Potters Independent');
INSERT INTO fixtures_fixture (id, date, away_team, division_id, bye_team_id, home_team) VALUES(1387,'2025-02-12','New Innbetweeners',3,NULL,'Darkswans');
INSERT INTO fixtures_fixture (id, date, away_team, division_id, bye_team_id, home_team) VALUES(1388,'2025-02-20','Yew Tree',3,NULL,'Yenton Cks');
INSERT INTO fixtures_fixture (id, date, away_team, division_id, bye_team_id, home_team) VALUES(1389,'2025-02-19','The Fox',3,NULL,'New Innbetweeners');
INSERT INTO fixtures_fixture (id, date, away_team, division_id, bye_team_id, home_team) VALUES(1390,'2025-02-20','Darkswans',3,NULL,'Sportsman');
INSERT INTO fixtures_fixture (id, date, away_team, division_id, bye_team_id, home_team) VALUES(1391,'2025-02-20','The Rest',3,NULL,'Bold St Mics');
INSERT INTO fixtures_fixture (id, date, away_team, division_id, bye_team_id, home_team) VALUES(1392,'2025-02-18','Potters Independent',3,NULL,'Church Tav');
INSERT INTO fixtures_fixture (id, date, away_team, division_id, bye_team_id, home_team) VALUES(1393,'2025-03-05','Yenton Cks',3,NULL,'Darkswans');
INSERT INTO fixtures_fixture (id, date, away_team, division_id, bye_team_id, home_team) VALUES(1394,'2025-03-06','Yew Tree',3,NULL,'Bold St Mics');
INSERT INTO fixtures_fixture (id, date, away_team, division_id, bye_team_id, home_team) VALUES(1395,'2025-03-05','Church Tav',3,NULL,'New Innbetweeners');
INSERT INTO fixtures_fixture (id, date, away_team, division_id, bye_team_id, home_team) VALUES(1396,'2025-03-06','The Rest',3,NULL,'The Fox');
INSERT INTO fixtures_fixture (id, date, away_team, division_id, bye_team_id, home_team) VALUES(1397,'2025-03-06','Potters Independent',3,NULL,'Sportsman');
INSERT INTO fixtures_fixture (id, date, away_team, division_id, bye_team_id, home_team) VALUES(1398,'2025-03-18','New Innbetweeners',3,NULL,'Yew Tree');
INSERT INTO fixtures_fixture (id, date, away_team, division_id, bye_team_id, home_team) VALUES(1399,'2025-03-18','Sportsman',3,NULL,'Church Tav');
INSERT INTO fixtures_fixture (id, date, away_team, division_id, bye_team_id, home_team) VALUES(1400,'2025-03-19','Yenton Cks',3,NULL,'The Rest');
INSERT INTO fixtures_fixture (id, date, away_team, division_id, bye_team_id, home_team) VALUES(1401,'2025-03-20','Bold St Mics',3,NULL,'The Fox');
INSERT INTO fixtures_fixture (id, date, away_team, division_id, bye_team_id, home_team) VALUES(1402,'2025-03-19','Darkswans',3,NULL,'Potters Independent');
INSERT INTO fixtures_fixture (id, date, away_team, division_id, bye_team_id, home_team) VALUES(1403,'2025-04-03','Church Tav',3,NULL,'Yenton Cks');
INSERT INTO fixtures_fixture (id, date, away_team, division_id, bye_team_id, home_team) VALUES(1404,'2025-04-03','The Fox',3,NULL,'Sportsman');
INSERT INTO fixtures_fixture (id, date, away_team, division_id, bye_team_id, home_team) VALUES(1405,'2025-04-02','Bold St Mics',3,NULL,'Darkswans');
INSERT INTO fixtures_fixture (id, date, away_team, division_id, bye_team_id, home_team) VALUES(1406,'2025-04-02','Yew Tree',3,NULL,'Potters Independent');
INSERT INTO fixtures_fixture (id, date, away_team, division_id, bye_team_id, home_team) VALUES(1407,'2025-04-02','The Rest',3,NULL,'New Innbetweeners');
INSERT INTO fixtures_fixture (id, date, away_team, division_id, bye_team_id, home_team) VALUES(1408,'2025-04-10','Yenton Cks',3,NULL,'Sportsman');
INSERT INTO fixtures_fixture (id, date, away_team, division_id, bye_team_id, home_team) VALUES(1409,'2025-04-08','The Fox',3,NULL,'Yew Tree');
INSERT INTO fixtures_fixture (id, date, away_team, division_id, bye_team_id, home_team) VALUES(1410,'2025-04-08','Darkswans',3,NULL,'Church Tav');
INSERT INTO fixtures_fixture (id, date, away_team, division_id, bye_team_id, home_team) VALUES(1411,'2025-04-09','Potters Independent',3,NULL,'The Rest');
INSERT INTO fixtures_fixture (id, date, away_team, division_id, bye_team_id, home_team) VALUES(1412,'2025-04-10','New Innbetweeners',3,NULL,'Bold St Mics');
INSERT INTO fixtures_fixture (id, date, away_team, division_id, bye_team_id, home_team) VALUES(1413,'2025-04-24','Yenton Cks',3,NULL,'Potters Independent');
INSERT INTO fixtures_fixture (id, date, away_team, division_id, bye_team_id, home_team) VALUES(1414,'2025-04-24','Church Tav',3,NULL,'Bold St Mics');
INSERT INTO fixtures_fixture (id, date, away_team, division_id, bye_team_id, home_team) VALUES(1415,'2025-04-24','Sportsman',3,NULL,'New Innbetweeners');
INSERT INTO fixtures_fixture (id, date, away_team, division_id, bye_team_id, home_team) VALUES(1416,'2025-04-24','Yew Tree',3,NULL,'The Rest');
INSERT INTO fixtures_fixture (id, date, away_team, division_id, bye_team_id, home_team) VALUES(1417,'2025-04-24','Darkswans',3,NULL,'The Fox');
INSERT INTO scores_match (id, away_score, date, away_team_id, division_id, home_team_id, home_score) VALUES(8,0,'2024-10-01',6,2,14,9);
INSERT INTO scores_match (id, away_score, date, away_team_id, division_id, home_team_id, home_score) VALUES(9,3,'2024-10-01',8,2,15,6);
INSERT INTO scores_match (id, away_score, date, away_team_id, division_id, home_team_id, home_score) VALUES(10,5,'2024-10-03',9,2,7,4);
INSERT INTO scores_match (id, away_score, date, away_team_id, division_id, home_team_id, home_score) VALUES(11,4,'2024-10-02',11,2,16,5);
INSERT INTO scores_match (id, away_score, date, away_team_id, division_id, home_team_id, home_score) VALUES(13,4,'2024-10-09',13,2,6,5);
INSERT INTO scores_match (id, away_score, date, away_team_id, division_id, home_team_id, home_score) VALUES(14,6,'2024-10-09',14,2,8,3);
INSERT INTO scores_match (id, away_score, date, away_team_id, division_id, home_team_id, home_score) VALUES(15,4,'2024-10-09',15,2,9,5);
INSERT INTO scores_match (id, away_score, date, away_team_id, division_id, home_team_id, home_score) VALUES(16,4,'2024-10-09',7,2,11,5);
INSERT INTO scores_match (id, away_score, date, away_team_id, division_id, home_team_id, home_score) VALUES(17,3,'2024-10-10',16,2,10,6);
INSERT INTO scores_match (id, away_score, date, away_team_id, division_id, home_team_id, home_score) VALUES(19,6,'2024-10-16',8,2,6,3);
INSERT INTO scores_match (id, away_score, date, away_team_id, division_id, home_team_id, home_score) VALUES(20,6,'2024-10-16',11,2,9,3);
INSERT INTO scores_match (id, away_score, date, away_team_id, division_id, home_team_id, home_score) VALUES(21,5,'2024-10-16',10,2,12,4);
INSERT INTO scores_match (id, away_score, date, away_team_id, division_id, home_team_id, home_score) VALUES(22,5,'2024-10-16',14,2,13,4);
INSERT INTO scores_match (id, away_score, date, away_team_id, division_id, home_team_id, home_score) VALUES(23,5,'2024-10-15',7,2,15,4);
INSERT INTO scores_match (id, away_score, date, away_team_id, division_id, home_team_id, home_score) VALUES(25,6,'2024-11-06',9,2,8,3);
INSERT INTO scores_match (id, away_score, date, away_team_id, division_id, home_team_id, home_score) VALUES(26,2,'2024-11-06',6,2,11,7);
INSERT INTO scores_match (id, away_score, date, away_team_id, division_id, home_team_id, home_score) VALUES(27,4,'2024-11-06',15,2,12,5);
INSERT INTO scores_match (id, away_score, date, away_team_id, division_id, home_team_id, home_score) VALUES(28,5,'2024-11-05',10,2,14,4);
INSERT INTO scores_match (id, away_score, date, away_team_id, division_id, home_team_id, home_score) VALUES(29,6,'2024-11-07',16,2,7,3);
INSERT INTO scores_match (id, away_score, date, away_team_id, division_id, home_team_id, home_score) VALUES(32,5,'2024-11-13',11,2,13,4);
INSERT INTO scores_match (id, away_score, date, away_team_id, division_id, home_team_id, home_score) VALUES(33,3,'2024-11-13',14,2,9,6);
INSERT INTO scores_match (id, away_score, date, away_team_id, division_id, home_team_id, home_score) VALUES(34,5,'2024-11-14',15,2,10,4);
INSERT INTO scores_match (id, away_score, date, away_team_id, division_id, home_team_id, home_score) VALUES(35,4,'2024-11-13',8,2,16,5);
INSERT INTO scores_match (id, away_score, date, away_team_id, division_id, home_team_id, home_score) VALUES(36,4,'2024-11-12',12,2,7,5);
INSERT INTO scores_match (id, away_score, date, away_team_id, division_id, home_team_id, home_score) VALUES(37,6,'2024-11-20',16,2,13,3);
INSERT INTO scores_match (id, away_score, date, away_team_id, division_id, home_team_id, home_score) VALUES(39,3,'2024-11-20',10,2,9,6);
INSERT INTO scores_match (id, away_score, date, away_team_id, division_id, home_team_id, home_score) VALUES(40,5,'2024-11-20',12,2,8,4);
INSERT INTO scores_match (id, away_score, date, away_team_id, division_id, home_team_id, home_score) VALUES(41,4,'2024-11-19',11,2,14,5);
INSERT INTO scores_match (id, away_score, date, away_team_id, division_id, home_team_id, home_score) VALUES(42,3,'2024-11-19',6,2,15,6);
INSERT INTO scores_match (id, away_score, date, away_team_id, division_id, home_team_id, home_score) VALUES(43,3,'2024-12-05',13,2,7,6);
INSERT INTO scores_match (id, away_score, date, away_team_id, division_id, home_team_id, home_score) VALUES(44,4,'2024-12-04',6,2,12,5);
INSERT INTO scores_match (id, away_score, date, away_team_id, division_id, home_team_id, home_score) VALUES(46,5,'2024-12-05',8,2,10,4);
INSERT INTO scores_match (id, away_score, date, away_team_id, division_id, home_team_id, home_score) VALUES(47,4,'2024-12-04',15,2,11,5);
INSERT INTO scores_match (id, away_score, date, away_team_id, division_id, home_team_id, home_score) VALUES(48,2,'2024-12-04',14,2,16,7);
INSERT INTO scores_match (id, away_score, date, away_team_id, division_id, home_team_id, home_score) VALUES(49,4,'2024-12-11',7,2,8,5);
INSERT INTO scores_match (id, away_score, date, away_team_id, division_id, home_team_id, home_score) VALUES(50,8,'2024-12-11',9,2,13,1);
INSERT INTO scores_match (id, away_score, date, away_team_id, division_id, home_team_id, home_score) VALUES(51,2,'2024-12-12',6,2,10,7);
INSERT INTO scores_match (id, away_score, date, away_team_id, division_id, home_team_id, home_score) VALUES(52,6,'2024-12-11',11,2,12,3);
INSERT INTO scores_match (id, away_score, date, away_team_id, division_id, home_team_id, home_score) VALUES(54,2,'2024-12-11',15,2,16,7);
INSERT INTO scores_match (id, away_score, date, away_team_id, division_id, home_team_id, home_score) VALUES(55,6,'2025-01-08',16,2,6,3);
INSERT INTO scores_match (id, away_score, date, away_team_id, division_id, home_team_id, home_score) VALUES(57,6,'2025-01-08',12,2,9,3);
INSERT INTO scores_match (id, away_score, date, away_team_id, division_id, home_team_id, home_score) VALUES(58,6,'2025-01-09',13,2,10,3);
INSERT INTO scores_match (id, away_score, date, away_team_id, division_id, home_team_id, home_score) VALUES(59,6,'2025-01-07',7,2,14,3);
INSERT INTO scores_match (id, away_score, date, away_team_id, division_id, home_team_id, home_score) VALUES(60,3,'2024-10-01',29,1,20,6);
INSERT INTO scores_match (id, away_score, date, away_team_id, division_id, home_team_id, home_score) VALUES(61,4,'2024-10-01',24,1,22,5);
INSERT INTO scores_match (id, away_score, date, away_team_id, division_id, home_team_id, home_score) VALUES(62,4,'2024-10-03',23,1,25,5);
INSERT INTO scores_match (id, away_score, date, away_team_id, division_id, home_team_id, home_score) VALUES(63,5,'2024-10-02',28,1,26,4);
INSERT INTO scores_match (id, away_score, date, away_team_id, division_id, home_team_id, home_score) VALUES(64,5,'2024-10-10',21,1,28,4);
INSERT INTO scores_match (id, away_score, date, away_team_id, division_id, home_team_id, home_score) VALUES(65,6,'2024-10-10',20,1,27,3);
INSERT INTO scores_match (id, away_score, date, away_team_id, division_id, home_team_id, home_score) VALUES(66,4,'2024-10-10',24,1,23,5);
INSERT INTO scores_match (id, away_score, date, away_team_id, division_id, home_team_id, home_score) VALUES(67,2,'2024-10-08',25,1,29,7);
INSERT INTO scores_match (id, away_score, date, away_team_id, division_id, home_team_id, home_score) VALUES(68,5,'2024-10-08',26,1,22,4);
INSERT INTO scores_match (id, away_score, date, away_team_id, division_id, home_team_id, home_score) VALUES(69,4,'2024-10-17',22,1,21,5);
INSERT INTO scores_match (id, away_score, date, away_team_id, division_id, home_team_id, home_score) VALUES(70,2,'2024-10-15',23,1,20,7);
INSERT INTO scores_match (id, away_score, date, away_team_id, division_id, home_team_id, home_score) VALUES(71,3,'2024-10-16',29,1,24,6);
INSERT INTO scores_match (id, away_score, date, away_team_id, division_id, home_team_id, home_score) VALUES(72,7,'2024-10-17',26,1,27,2);
INSERT INTO scores_match (id, away_score, date, away_team_id, division_id, home_team_id, home_score) VALUES(73,3,'2024-10-17',25,1,28,6);
INSERT INTO scores_match (id, away_score, date, away_team_id, division_id, home_team_id, home_score) VALUES(74,3,'2024-11-05',21,1,29,6);
INSERT INTO scores_match (id, away_score, date, away_team_id, division_id, home_team_id, home_score) VALUES(75,5,'2024-11-05',28,1,22,4);
INSERT INTO scores_match (id, away_score, date, away_team_id, division_id, home_team_id, home_score) VALUES(76,6,'2024-11-07',20,1,25,3);
INSERT INTO scores_match (id, away_score, date, away_team_id, division_id, home_team_id, home_score) VALUES(77,3,'2024-11-07',27,1,23,6);
INSERT INTO scores_match (id, away_score, date, away_team_id, division_id, home_team_id, home_score) VALUES(78,4,'2024-11-06',24,1,26,5);
INSERT INTO scores_match (id, away_score, date, away_team_id, division_id, home_team_id, home_score) VALUES(79,0,'2024-11-14',25,1,21,9);
INSERT INTO scores_match (id, away_score, date, away_team_id, division_id, home_team_id, home_score) VALUES(80,4,'2024-11-12',27,1,29,5);
INSERT INTO scores_match (id, away_score, date, away_team_id, division_id, home_team_id, home_score) VALUES(81,5,'2024-11-14',24,1,28,4);
INSERT INTO scores_match (id, away_score, date, away_team_id, division_id, home_team_id, home_score) VALUES(82,3,'2024-11-14',22,1,23,6);
INSERT INTO scores_match (id, away_score, date, away_team_id, division_id, home_team_id, home_score) VALUES(83,3,'2024-11-13',26,1,20,6);
INSERT INTO scores_match (id, away_score, date, away_team_id, division_id, home_team_id, home_score) VALUES(84,6,'2024-11-21',29,1,28,3);
INSERT INTO scores_match (id, away_score, date, away_team_id, division_id, home_team_id, home_score) VALUES(85,4,'2024-11-19',24,1,20,5);
INSERT INTO scores_match (id, away_score, date, away_team_id, division_id, home_team_id, home_score) VALUES(86,5,'2024-11-21',23,1,21,4);
INSERT INTO scores_match (id, away_score, date, away_team_id, division_id, home_team_id, home_score) VALUES(87,5,'2024-11-21',22,1,27,4);
INSERT INTO scores_match (id, away_score, date, away_team_id, division_id, home_team_id, home_score) VALUES(88,4,'2024-11-20',25,1,26,5);
INSERT INTO scores_match (id, away_score, date, away_team_id, division_id, home_team_id, home_score) VALUES(90,5,'2024-12-03',20,1,22,4);
INSERT INTO scores_match (id, away_score, date, away_team_id, division_id, home_team_id, home_score) VALUES(91,5,'2024-12-05',25,1,27,4);
INSERT INTO scores_match (id, away_score, date, away_team_id, division_id, home_team_id, home_score) VALUES(92,3,'2024-12-03',26,1,29,6);
INSERT INTO scores_match (id, away_score, date, away_team_id, division_id, home_team_id, home_score) VALUES(93,7,'2024-12-05',28,1,23,2);
INSERT INTO scores_match (id, away_score, date, away_team_id, division_id, home_team_id, home_score) VALUES(94,3,'2024-12-10',21,1,20,6);
INSERT INTO scores_match (id, away_score, date, away_team_id, division_id, home_team_id, home_score) VALUES(95,6,'2024-12-10',29,1,22,3);
INSERT INTO scores_match (id, away_score, date, away_team_id, division_id, home_team_id, home_score) VALUES(96,4,'2024-12-12',24,1,25,5);
INSERT INTO scores_match (id, away_score, date, away_team_id, division_id, home_team_id, home_score) VALUES(97,2,'2024-12-11',23,1,26,7);
INSERT INTO scores_match (id, away_score, date, away_team_id, division_id, home_team_id, home_score) VALUES(98,5,'2024-12-12',27,1,28,4);
INSERT INTO scores_match (id, away_score, date, away_team_id, division_id, home_team_id, home_score) VALUES(99,1,'2025-01-09',26,1,21,8);
INSERT INTO scores_match (id, away_score, date, away_team_id, division_id, home_team_id, home_score) VALUES(100,5,'2025-01-09',24,1,27,4);
INSERT INTO scores_match (id, away_score, date, away_team_id, division_id, home_team_id, home_score) VALUES(101,7,'2025-01-09',20,1,28,2);
INSERT INTO scores_match (id, away_score, date, away_team_id, division_id, home_team_id, home_score) VALUES(102,5,'2025-01-07',23,1,29,4);
INSERT INTO scores_match (id, away_score, date, away_team_id, division_id, home_team_id, home_score) VALUES(103,3,'2025-01-09',22,1,25,6);
INSERT INTO scores_match (id, away_score, date, away_team_id, division_id, home_team_id, home_score) VALUES(104,1,'2024-10-03',32,3,34,8);
INSERT INTO scores_match (id, away_score, date, away_team_id, division_id, home_team_id, home_score) VALUES(105,4,'2024-10-01',36,3,39,5);
INSERT INTO scores_match (id, away_score, date, away_team_id, division_id, home_team_id, home_score) VALUES(106,4,'2024-10-02',35,3,33,5);
INSERT INTO scores_match (id, away_score, date, away_team_id, division_id, home_team_id, home_score) VALUES(107,3,'2024-10-02',37,3,31,6);
INSERT INTO scores_match (id, away_score, date, away_team_id, division_id, home_team_id, home_score) VALUES(108,5,'2024-10-09',38,3,31,4);
INSERT INTO scores_match (id, away_score, date, away_team_id, division_id, home_team_id, home_score) VALUES(109,4,'2024-10-10',34,3,30,5);
INSERT INTO scores_match (id, away_score, date, away_team_id, division_id, home_team_id, home_score) VALUES(110,5,'2024-10-09',39,3,35,4);
INSERT INTO scores_match (id, away_score, date, away_team_id, division_id, home_team_id, home_score) VALUES(111,2,'2024-10-08',33,3,32,7);
INSERT INTO scores_match (id, away_score, date, away_team_id, division_id, home_team_id, home_score) VALUES(112,4,'2024-10-09',36,3,37,5);
INSERT INTO scores_match (id, away_score, date, away_team_id, division_id, home_team_id, home_score) VALUES(113,3,'2024-10-17',36,3,38,6);
INSERT INTO scores_match (id, away_score, date, away_team_id, division_id, home_team_id, home_score) VALUES(114,5,'2024-10-17',35,3,34,4);
INSERT INTO scores_match (id, away_score, date, away_team_id, division_id, home_team_id, home_score) VALUES(115,6,'2024-10-15',32,3,39,3);
INSERT INTO scores_match (id, away_score, date, away_team_id, division_id, home_team_id, home_score) VALUES(116,5,'2024-10-17',37,3,30,4);
INSERT INTO scores_match (id, away_score, date, away_team_id, division_id, home_team_id, home_score) VALUES(117,4,'2024-10-16',33,3,31,5);
INSERT INTO scores_match (id, away_score, date, away_team_id, division_id, home_team_id, home_score) VALUES(118,6,'2024-11-05',38,3,32,3);
INSERT INTO scores_match (id, away_score, date, away_team_id, division_id, home_team_id, home_score) VALUES(119,3,'2024-11-07',31,3,36,6);
INSERT INTO scores_match (id, away_score, date, away_team_id, division_id, home_team_id, home_score) VALUES(120,7,'2024-11-06',34,3,33,2);
INSERT INTO scores_match (id, away_score, date, away_team_id, division_id, home_team_id, home_score) VALUES(121,6,'2024-11-06',30,3,35,3);
INSERT INTO scores_match (id, away_score, date, away_team_id, division_id, home_team_id, home_score) VALUES(122,4,'2024-11-06',39,3,37,5);
INSERT INTO scores_match (id, away_score, date, away_team_id, division_id, home_team_id, home_score) VALUES(123,3,'2024-11-14',33,3,38,6);
INSERT INTO scores_match (id, away_score, date, away_team_id, division_id, home_team_id, home_score) VALUES(124,5,'2024-11-12',30,3,32,4);
INSERT INTO scores_match (id, away_score, date, away_team_id, division_id, home_team_id, home_score) VALUES(125,5,'2024-11-12',31,3,39,4);
INSERT INTO scores_match (id, away_score, date, away_team_id, division_id, home_team_id, home_score) VALUES(126,5,'2024-11-13',36,3,35,4);
INSERT INTO scores_match (id, away_score, date, away_team_id, division_id, home_team_id, home_score) VALUES(127,3,'2024-11-13',34,3,37,6);
INSERT INTO scores_match (id, away_score, date, away_team_id, division_id, home_team_id, home_score) VALUES(128,2,'2024-11-20',32,3,31,7);
INSERT INTO scores_match (id, away_score, date, away_team_id, division_id, home_team_id, home_score) VALUES(129,2,'2024-11-21',39,3,34,7);
INSERT INTO scores_match (id, away_score, date, away_team_id, division_id, home_team_id, home_score) VALUES(130,3,'2024-11-21',35,3,38,6);
INSERT INTO scores_match (id, away_score, date, away_team_id, division_id, home_team_id, home_score) VALUES(131,4,'2024-11-21',36,3,30,5);
INSERT INTO scores_match (id, away_score, date, away_team_id, division_id, home_team_id, home_score) VALUES(132,9,'2024-11-20',37,3,33,0);
INSERT INTO scores_match (id, away_score, date, away_team_id, division_id, home_team_id, home_score) VALUES(133,6,'2024-12-03',38,3,39,3);
INSERT INTO scores_match (id, away_score, date, away_team_id, division_id, home_team_id, home_score) VALUES(134,5,'2024-12-05',34,3,36,4);
INSERT INTO scores_match (id, away_score, date, away_team_id, division_id, home_team_id, home_score) VALUES(135,3,'2024-12-05',33,3,30,6);
INSERT INTO scores_match (id, away_score, date, away_team_id, division_id, home_team_id, home_score) VALUES(136,2,'2024-12-03',37,3,32,7);
INSERT INTO scores_match (id, away_score, date, away_team_id, division_id, home_team_id, home_score) VALUES(137,8,'2024-12-04',31,3,35,1);
INSERT INTO scores_match (id, away_score, date, away_team_id, division_id, home_team_id, home_score) VALUES(138,5,'2024-12-12',34,3,38,4);
INSERT INTO scores_match (id, away_score, date, away_team_id, division_id, home_team_id, home_score) VALUES(140,5,'2024-12-11',39,3,33,4);
INSERT INTO scores_match (id, away_score, date, away_team_id, division_id, home_team_id, home_score) VALUES(141,3,'2024-12-11',35,3,37,6);
INSERT INTO scores_match (id, away_score, date, away_team_id, division_id, home_team_id, home_score) VALUES(142,2,'2024-12-11',30,3,31,7);
INSERT INTO scores_match (id, away_score, date, away_team_id, division_id, home_team_id, home_score) VALUES(143,4,'2025-01-09',37,3,38,5);
INSERT INTO scores_match (id, away_score, date, away_team_id, division_id, home_team_id, home_score) VALUES(144,5,'2025-01-07',30,3,39,4);
INSERT INTO scores_match (id, away_score, date, away_team_id, division_id, home_team_id, home_score) VALUES(145,8,'2025-01-09',31,3,34,1);
INSERT INTO scores_match (id, away_score, date, away_team_id, division_id, home_team_id, home_score) VALUES(146,4,'2025-01-07',35,3,32,5);
INSERT INTO scores_match (id, away_score, date, away_team_id, division_id, home_team_id, home_score) VALUES(147,6,'2025-01-08',36,3,33,3);
INSERT INTO scores_match (id, away_score, date, away_team_id, division_id, home_team_id, home_score) VALUES(148,5,'2025-01-16',10,2,7,4);
INSERT INTO scores_match (id, away_score, date, away_team_id, division_id, home_team_id, home_score) VALUES(149,7,'2025-01-15',12,2,16,2);
INSERT INTO scores_match (id, away_score, date, away_team_id, division_id, home_team_id, home_score) VALUES(150,4,'2025-01-14',14,2,15,5);
INSERT INTO scores_match (id, away_score, date, away_team_id, division_id, home_team_id, home_score) VALUES(151,2,'2025-01-15',13,2,8,7);
INSERT INTO scores_match (id, away_score, date, away_team_id, division_id, home_team_id, home_score) VALUES(152,6,'2025-01-15',9,2,6,3);
INSERT INTO scores_match (id, away_score, date, away_team_id, division_id, home_team_id, home_score) VALUES(153,3,'2025-01-16',26,1,28,6);
INSERT INTO scores_match (id, away_score, date, away_team_id, division_id, home_team_id, home_score) VALUES(154,2,'2025-01-16',25,1,23,7);
INSERT INTO scores_match (id, away_score, date, away_team_id, division_id, home_team_id, home_score) VALUES(155,6,'2025-01-15',22,1,24,3);
INSERT INTO scores_match (id, away_score, date, away_team_id, division_id, home_team_id, home_score) VALUES(156,5,'2025-01-14',20,1,29,4);
INSERT INTO scores_match (id, away_score, date, away_team_id, division_id, home_team_id, home_score) VALUES(157,5,'2025-01-16',21,1,27,4);
INSERT INTO scores_match (id, away_score, date, away_team_id, division_id, home_team_id, home_score) VALUES(158,4,'2025-01-16',38,3,30,5);
INSERT INTO scores_match (id, away_score, date, away_team_id, division_id, home_team_id, home_score) VALUES(159,4,'2025-01-14',34,3,32,5);
INSERT INTO scores_match (id, away_score, date, away_team_id, division_id, home_team_id, home_score) VALUES(160,4,'2025-01-16',39,3,36,5);
INSERT INTO scores_match (id, away_score, date, away_team_id, division_id, home_team_id, home_score) VALUES(161,3,'2025-01-15',33,3,35,6);
INSERT INTO scores_match (id, away_score, date, away_team_id, division_id, home_team_id, home_score) VALUES(162,3,'2025-01-16',31,3,37,6);
INSERT INTO scores_match (id, away_score, date, away_team_id, division_id, home_team_id, home_score) VALUES(163,2,'2025-01-08',8,2,11,7);
INSERT INTO scores_match (id, away_score, date, away_team_id, division_id, home_team_id, home_score) VALUES(164,4,'2024-12-12',32,3,36,5);
INSERT INTO scores_match (id, away_score, date, away_team_id, division_id, home_team_id, home_score) VALUES(165,0,'2025-01-23',6,2,7,9);
INSERT INTO scores_match (id, away_score, date, away_team_id, division_id, home_team_id, home_score) VALUES(166,2,'2025-01-21',13,2,15,7);
INSERT INTO scores_match (id, away_score, date, away_team_id, division_id, home_team_id, home_score) VALUES(167,5,'2025-01-21',12,2,14,4);
INSERT INTO scores_match (id, away_score, date, away_team_id, division_id, home_team_id, home_score) VALUES(168,2,'2025-01-22',16,2,9,7);
INSERT INTO scores_match (id, away_score, date, away_team_id, division_id, home_team_id, home_score) VALUES(169,2,'2025-01-22',22,1,26,7);
INSERT INTO scores_match (id, away_score, date, away_team_id, division_id, home_team_id, home_score) VALUES(170,4,'2025-01-23',29,1,25,5);
INSERT INTO scores_match (id, away_score, date, away_team_id, division_id, home_team_id, home_score) VALUES(171,3,'2025-01-22',23,1,24,6);
INSERT INTO scores_match (id, away_score, date, away_team_id, division_id, home_team_id, home_score) VALUES(172,5,'2025-01-21',27,1,20,4);
INSERT INTO scores_match (id, away_score, date, away_team_id, division_id, home_team_id, home_score) VALUES(173,5,'2025-01-23',28,1,21,4);
INSERT INTO scores_match (id, away_score, date, away_team_id, division_id, home_team_id, home_score) VALUES(174,4,'2025-01-23',37,3,36,5);
INSERT INTO scores_match (id, away_score, date, away_team_id, division_id, home_team_id, home_score) VALUES(175,8,'2025-01-22',32,3,33,1);
INSERT INTO scores_match (id, away_score, date, away_team_id, division_id, home_team_id, home_score) VALUES(176,3,'2025-01-21',35,3,39,6);
INSERT INTO scores_match (id, away_score, date, away_team_id, division_id, home_team_id, home_score) VALUES(177,3,'2025-01-23',30,3,34,6);
INSERT INTO scores_match (id, away_score, date, away_team_id, division_id, home_team_id, home_score) VALUES(178,3,'2025-01-23',31,3,38,6);
INSERT INTO scores_match (id, away_score, date, away_team_id, division_id, home_team_id, home_score) VALUES(179,4,'2025-01-23',11,2,10,5);
INSERT INTO scores_match (id, away_score, date, away_team_id, division_id, home_team_id, home_score) VALUES(180,6,'2024-10-02',12,2,13,3);
INSERT INTO scores_match (id, away_score, date, away_team_id, division_id, home_team_id, home_score) VALUES(181,5,'2025-01-16',21,1,27,4);
INSERT INTO scores_match (id, away_score, date, away_team_id, division_id, home_team_id, home_score) VALUES(182,3,'2024-10-03',30,3,38,6);
INSERT INTO tournaments_tournament VALUES(1,'EDPL Test Cup Game','2025-03-01','Erdington & District Pool League Cup 2025',NULL);

CREATE UNIQUE INDEX "django_content_type_app_label_model_76bd3d3b_uniq" ON "django_content_type" ("app_label", "model");
CREATE UNIQUE INDEX "auth_group_permissions_group_id_permission_id_0cd325b0_uniq" ON "auth_group_permissions" ("group_id", "permission_id");
CREATE INDEX "auth_group_permissions_group_id_b120cbf9" ON "auth_group_permissions" ("group_id");
CREATE INDEX "auth_group_permissions_permission_id_84c5c92e" ON "auth_group_permissions" ("permission_id");
CREATE UNIQUE INDEX "auth_permission_content_type_id_codename_01ab375a_uniq" ON "auth_permission" ("content_type_id", "codename");
CREATE INDEX "auth_permission_content_type_id_2f476e4b" ON "auth_permission" ("content_type_id");
CREATE UNIQUE INDEX "users_customuser_groups_customuser_id_group_id_76b619e3_uniq" ON "users_customuser_groups" ("customuser_id", "group_id");
CREATE INDEX "users_customuser_groups_customuser_id_958147bf" ON "users_customuser_groups" ("customuser_id");
CREATE INDEX "users_customuser_groups_group_id_01390b14" ON "users_customuser_groups" ("group_id");
CREATE UNIQUE INDEX "users_customuser_user_permissions_customuser_id_permission_id_7a7debf6_uniq" ON "users_customuser_user_permissions" ("customuser_id", "permission_id");
CREATE INDEX "users_customuser_user_permissions_customuser_id_5771478b" ON "users_customuser_user_permissions" ("customuser_id");
CREATE INDEX "users_customuser_user_permissions_permission_id_baaa2f74" ON "users_customuser_user_permissions" ("permission_id");
CREATE INDEX "django_admin_log_content_type_id_c4bce8eb" ON "django_admin_log" ("content_type_id");
CREATE INDEX "django_admin_log_user_id_c564eba6" ON "django_admin_log" ("user_id");
CREATE INDEX "django_session_expire_date_a5c62663" ON "django_session" ("expire_date");
CREATE UNIQUE INDEX "teams_team_members_team_id_customuser_id_cb68adf6_uniq" ON "teams_team_members" ("team_id", "customuser_id");
CREATE INDEX "teams_team_members_team_id_ebb2d47d" ON "teams_team_members" ("team_id");
CREATE INDEX "teams_team_members_customuser_id_c3c6ace6" ON "teams_team_members" ("customuser_id");
CREATE INDEX "teams_team_captain_id_4934c986" ON "teams_team" ("captain_id");
CREATE INDEX "teams_team_division_id_5647382b" ON "teams_team" ("division_id");
CREATE INDEX fixtures_fixture_div_id ON fixtures_fixture (id, date, away_team, division_id, bye_team_id, home_team);
CREATE INDEX fixtures_fixture_bye_id ON fixtures_fixture (id, date, away_team, division_id, bye_team_id, home_team);
CREATE INDEX "scores_individualscore_away_player_id_1e5dad91" ON "scores_individualscore" ("away_player_id");
CREATE INDEX "scores_individualscore_home_player_id_6b774155" ON "scores_individualscore" ("home_player_id");
CREATE INDEX "scores_individualscore_match_id_afd9957f" ON "scores_individualscore" ("match_id");
CREATE INDEX "scores_match_away_team_id_71b19d60" ON "scores_match" ("away_team_id");
CREATE INDEX "scores_match_division_id_0f96f41e" ON "scores_match" ("division_id");
CREATE INDEX "scores_match_home_team_id_b98f8ac7" ON "scores_match" ("home_team_id");
CREATE INDEX "tournaments_finalmatch_player1_id_b487a50d" ON "tournaments_finalmatch" ("player1_id");
CREATE INDEX "tournaments_finalmatch_player2_id_d04860df" ON "tournaments_finalmatch" ("player2_id");
CREATE INDEX "tournaments_finalmatch_tournament_id_e9ede21f" ON "tournaments_finalmatch" ("tournament_id");
CREATE INDEX "tournaments_finalmatch_winner_id_4ebd09d2" ON "tournaments_finalmatch" ("winner_id");
CREATE INDEX "tournaments_last16match_player1_id_755872d0" ON "tournaments_last16match" ("player1_id");
CREATE INDEX "tournaments_last16match_player2_id_4b2a469c" ON "tournaments_last16match" ("player2_id");
CREATE INDEX "tournaments_last16match_tournament_id_bd07cc99" ON "tournaments_last16match" ("tournament_id");
CREATE INDEX "tournaments_last16match_winner_id_8cec4f88" ON "tournaments_last16match" ("winner_id");
CREATE INDEX "tournaments_last32match_player1_id_bb55c0c6" ON "tournaments_last32match" ("player1_id");
CREATE INDEX "tournaments_last32match_player2_id_894975a3" ON "tournaments_last32match" ("player2_id");
CREATE INDEX "tournaments_last32match_tournament_id_ff14df60" ON "tournaments_last32match" ("tournament_id");
CREATE INDEX "tournaments_last32match_winner_id_9622a1de" ON "tournaments_last32match" ("winner_id");
CREATE INDEX "tournaments_quarterfinalmatch_player1_id_5dead761" ON "tournaments_quarterfinalmatch" ("player1_id");
CREATE INDEX "tournaments_quarterfinalmatch_player2_id_b877f169" ON "tournaments_quarterfinalmatch" ("player2_id");
CREATE INDEX "tournaments_quarterfinalmatch_tournament_id_58a88dd5" ON "tournaments_quarterfinalmatch" ("tournament_id");
CREATE INDEX "tournaments_quarterfinalmatch_winner_id_2d5c35b3" ON "tournaments_quarterfinalmatch" ("winner_id");
CREATE INDEX "tournaments_semifinalmatch_player1_id_38b3f987" ON "tournaments_semifinalmatch" ("player1_id");
CREATE INDEX "tournaments_semifinalmatch_player2_id_239d3725" ON "tournaments_semifinalmatch" ("player2_id");
CREATE INDEX "tournaments_semifinalmatch_tournament_id_2b793dc4" ON "tournaments_semifinalmatch" ("tournament_id");
CREATE INDEX "tournaments_semifinalmatch_winner_id_1eed1924" ON "tournaments_semifinalmatch" ("winner_id");
CREATE INDEX "tournaments_tournament_winner_id_7be53393" ON "tournaments_tournament" ("winner_id");
